####
#
# OBJ File Generated by Meshlab
#
####
# Object hand_m_kkk.obj
#
# Vertices: 1558
# Faces: 3096
#
####
vn 5.207901 3.167014 1.235992
v 56.232269 -42.321880 58.924561
vn 5.657246 2.700237 -0.212869
v 57.587311 -45.012890 59.321861
vn 5.619744 1.919178 -1.174136
v 57.644321 -45.095879 58.550259
vn 5.094810 3.120475 -0.089692
v 56.062290 -41.860882 58.353458
vn 5.737597 0.441065 -2.352499
v 58.693272 -47.695881 60.291561
vn 5.870644 -0.073288 -1.602094
v 58.718288 -48.155880 60.137859
vn 5.585609 2.696568 -0.790567
v 57.638279 -45.053890 59.547058
vn 5.229239 1.350445 -2.782672
v 58.738312 -47.225880 60.429161
vn 5.120358 3.315118 1.455352
v 56.338291 -42.814892 59.485371
vn 4.563468 -2.214868 -2.162218
v 58.858311 -48.555889 61.443359
vn 5.591640 -1.884734 -0.762469
v 58.810268 -49.342892 61.218159
vn 3.098497 -4.806261 0.046798
v 58.953281 -49.113880 62.647160
vn 4.734940 -3.512990 1.168236
v 58.501308 -49.896870 62.662060
vn 2.263523 -1.327790 -0.358231
v 59.969269 -49.049870 62.620159
vn 4.433633 -0.578313 -2.449875
v 59.411289 -48.159870 61.474369
vn 4.084278 3.511223 3.133361
v 53.899261 -42.199879 62.935558
vn 3.495454 3.748273 3.467070
v 53.400299 -41.608879 63.049759
vn 2.856199 3.756079 4.128203
v 54.124298 -44.109890 64.864662
vn 2.716427 4.047745 3.959631
v 54.454319 -44.223881 64.740257
vn 0.106443 2.949527 5.369910
v 55.452301 -46.415890 66.104462
vn 0.412599 1.909481 5.905018
v 55.190281 -46.856880 66.245361
vn 1.350833 3.140196 4.897994
v 53.301300 -43.997890 65.321663
vn 0.506912 0.894367 5.891067
v 54.893280 -47.257881 66.454361
vn 1.949646 4.285635 3.687990
v 52.784271 -41.053890 62.951260
vn 2.281390 -2.073103 4.833992
v 56.362270 -49.085880 65.916161
vn -0.024589 -2.923019 3.298949
v 56.778290 -47.874889 65.734962
vn 0.909067 -1.624898 5.660986
v 55.980320 -47.570881 66.187363
vn 1.122252 -1.063368 5.720141
v 55.494289 -48.335880 66.375061
vn 0.045708 0.048816 4.421157
v 56.394321 -47.244881 66.498756
vn 0.044137 -0.586007 1.765143
v 57.361301 -48.104881 66.771156
vn 4.460681 3.367140 2.486245
v 54.979279 -41.558880 61.024570
vn 4.603872 3.371628 2.531114
v 55.138279 -41.947880 61.132061
vn 3.860319 4.228058 2.215816
v 54.506321 -40.810871 60.597561
vn 5.614182 2.553928 -1.048298
v 59.119289 -47.475880 61.433262
vn 5.469068 2.903373 0.074577
v 59.259312 -47.623878 61.988659
vn 5.273762 3.276020 0.235049
v 58.463291 -46.242882 61.350071
vn 5.568647 2.581740 -1.174302
v 58.635281 -46.676891 60.837860
vn 5.505747 2.902303 -0.641653
v 57.917271 -45.402889 60.268070
vn 5.127982 3.489513 0.422000
v 57.397308 -44.523891 60.430962
vn 4.375911 3.699109 2.032419
v 58.508270 -47.065880 64.302658
vn 1.606588 -0.871019 1.240198
v 59.489288 -48.841881 65.301559
vn 2.982486 3.911683 3.794258
v 56.819309 -46.956890 66.041061
vn 2.994907 4.138467 3.578619
v 56.153290 -45.846889 65.344856
vn 4.175173 4.012542 2.068318
v 57.546299 -45.597881 63.429062
vn 3.068777 4.204232 3.481470
v 54.906281 -44.039879 64.225159
vn 4.126735 4.062643 2.191082
v 56.376308 -43.895882 62.374161
vn 2.332080 4.023016 4.185427
v 55.066311 -44.770882 64.923767
vn 1.725232 3.859101 4.558280
v 55.822300 -46.082878 65.778374
vn 1.986442 3.851906 4.493274
v 56.355320 -46.747890 66.115463
vn 1.953369 -4.337990 2.528059
v 58.151279 -48.864880 64.496658
vn 3.813971 -2.784077 3.273016
v 57.820278 -49.614880 64.566261
vn 4.561117 3.594990 1.645305
v 46.203281 -27.361891 50.458160
vn 4.338323 3.784513 1.506535
v 46.656281 -28.089880 50.966061
vn 5.520335 2.231018 -1.298695
v 47.236301 -29.136881 47.803558
vn 5.478550 2.858347 -0.288432
v 46.580292 -27.694880 47.908760
vn 4.102973 3.576006 1.848115
v 47.599270 -29.667879 52.244961
vn 5.268507 1.566594 -2.263710
v 47.802280 -30.589880 47.768459
vn 1.914457 3.692543 4.431715
v 43.947300 -27.441891 52.837662
vn 0.800383 3.546333 4.855418
v 43.488312 -28.495890 53.798660
vn 2.916481 3.690850 3.723668
v 44.360321 -26.475880 51.770458
vn 0.047396 3.814477 4.808633
v 41.828281 -25.882879 51.984959
vn -0.907449 3.430772 5.100708
v 40.437290 -26.853870 52.518162
vn -0.518445 4.333520 4.483260
v 40.058319 -24.531879 50.462269
vn -1.203393 3.688724 4.919811
v 37.871311 -25.130880 50.544861
vn 0.190284 4.567127 4.190852
v 38.913300 -22.904881 48.813160
vn -0.280096 4.193620 4.568121
v 37.318272 -22.365879 48.240761
vn 0.999962 5.062690 3.396320
v 40.763279 -23.281879 49.049259
vn 0.834926 4.921521 3.593930
v 41.659271 -24.368870 50.347561
vn 1.496397 4.368781 3.833701
v 42.873322 -25.347879 51.367260
vn 3.188308 4.850614 1.439730
v 43.400299 -23.930889 48.390369
vn 3.060912 4.710522 2.152549
v 41.568272 -22.431881 47.153561
vn 4.376180 4.400505 -0.414385
v 43.267300 -23.794880 45.692459
vn 4.613609 3.970454 -1.063530
v 44.555271 -25.086880 46.167561
vn 3.868239 4.184642 1.434012
v 44.928310 -25.333891 49.436069
vn 5.049739 3.344126 -0.919872
v 45.721279 -26.358879 46.894661
vn 4.762043 2.831579 -2.706872
v 44.460300 -25.641880 44.903461
vn 4.838514 3.550037 -1.141448
v 42.869289 -23.516880 44.335560
vn 4.569105 1.169518 -3.985484
v 43.819309 -26.744881 43.365070
vn 4.923826 2.618519 -2.214715
v 42.334320 -23.309879 43.015259
vn 5.168842 1.832497 -2.551258
v 46.071320 -27.563881 45.999359
vn 4.685074 0.368778 -3.985345
v 45.705292 -29.591881 44.916759
vn 3.293900 3.907256 3.030972
v -6.542694 -16.684879 48.924259
vn 5.778545 0.062044 0.511943
v -3.964691 -20.797871 47.276859
vn 4.771515 1.786928 2.370919
v -3.735687 -14.925880 43.530861
vn 1.303080 4.122939 4.428756
v -8.982697 -9.644875 41.900669
vn 3.453614 2.502450 4.322136
v -3.496735 -10.069880 39.340061
vn 0.701720 4.068602 4.325241
v -9.559723 -1.815880 36.017361
vn 3.945019 -3.352261 1.140687
v -2.268707 -19.057880 38.547661
vn 4.901397 -3.186529 -0.949714
v -4.707733 -21.608879 41.740162
vn 4.298629 -3.497589 -1.913184
v -5.806732 -25.339880 45.306370
vn -3.031114 3.134967 3.458950
v -17.373690 -2.588875 35.200958
vn -2.174319 3.562562 4.331799
v -14.320710 -9.880882 41.997860
vn -1.410954 4.442601 3.595746
v -11.473720 -16.175880 49.773460
vn -5.319347 1.388990 2.088725
v -15.500700 -19.608879 48.635059
vn -5.137599 0.628143 2.384269
v -18.478729 -13.037880 39.976860
vn -5.626438 0.173664 1.394143
v -21.126680 -8.320885 31.945061
vn 2.498062 2.530436 5.056065
v -1.201691 -8.000877 36.634159
vn 1.950622 4.425886 3.898645
v -5.269684 0.656120 31.475269
vn 1.376445 2.822283 5.312797
v 1.867279 -6.758888 34.943161
vn 1.631302 4.521135 3.996964
v -1.821686 1.527122 28.102360
vn 0.825052 -2.781622 3.446133
v 3.030304 -16.996880 36.796261
vn 2.214497 -2.972477 2.860228
v 0.328278 -17.713869 37.365360
vn -3.962806 -0.061629 4.227396
v 33.918301 -27.923880 50.076160
vn -2.347657 2.550999 5.114740
v 35.995270 -26.208891 50.700760
vn -2.061615 2.854179 5.060921
v 34.721279 -24.307880 49.116760
vn -3.917982 -0.062383 4.295702
v 32.419281 -26.658880 48.693161
vn -2.353797 2.297573 5.197912
v 37.769321 -27.877880 52.322159
vn -3.925352 -0.369093 4.155988
v 35.306301 -29.402889 51.352970
vn -2.056252 2.157278 5.285851
v 39.688259 -29.479879 53.872761
vn -4.081287 -0.954293 3.840988
v 36.580292 -31.171881 52.343159
vn 4.941680 2.682277 -0.874730
v 54.271271 -38.947880 55.600361
vn 3.479826 4.278686 2.538677
v 52.563259 -37.984890 58.525761
vn 0.936903 4.290875 4.195849
v 49.755280 -38.367882 60.866058
vn 0.913653 3.998135 4.523739
v 47.597321 -35.281879 58.297260
vn 3.546746 4.155529 2.308146
v 50.610321 -34.966881 56.219261
vn 5.080528 2.675910 -1.485406
v 51.908291 -36.232891 53.084370
vn 3.904994 3.839712 2.070926
v 48.852261 -32.063881 53.971561
vn 1.046391 3.734266 4.639820
v 45.472321 -31.935869 56.042858
vn 5.213929 2.024314 -1.909539
v 49.812290 -33.555889 50.306660
vn -1.162040 2.913442 4.991036
v 50.801300 -42.250881 64.203163
vn -1.817461 2.863549 5.020073
v 47.869289 -39.458889 61.550770
vn -4.065644 0.191923 4.270886
v 46.132290 -41.515881 61.247261
vn -3.596767 0.090589 4.681417
v 49.510281 -44.664879 64.332260
vn -1.915871 2.522404 5.196232
v 45.120270 -36.380878 58.797871
vn -4.354546 -0.290482 3.957131
v 42.965302 -38.326881 57.967560
vn -2.029811 2.157413 5.208384
v 42.386318 -32.945881 56.384571
vn -4.397913 -0.757350 3.815747
v 39.916290 -34.746880 54.991959
vn -1.243803 -4.634744 3.293680
v 54.595310 -50.144871 65.208267
vn 0.556489 -3.921594 4.443587
v 55.534271 -49.767879 65.657562
vn -0.967786 -1.999873 5.402544
v 54.372280 -48.594891 66.332367
vn -2.623171 -3.020005 4.416676
v 53.292271 -48.878880 65.751358
vn -1.350626 0.278961 5.730080
v 53.384312 -46.963871 66.318863
vn -2.854339 -1.179296 5.300989
v 52.566311 -47.359890 65.904358
vn -1.084465 1.643677 5.525141
v 52.246311 -44.672871 65.689362
vn -3.191967 -0.621486 5.146314
v 51.204319 -46.160881 65.327873
vn -3.889318 -2.657773 3.869629
v 51.142300 -47.838871 64.673859
vn -3.364883 -4.378618 2.227728
v 51.646271 -49.607891 63.379761
vn -4.315008 -4.004193 1.168203
v 49.246311 -48.207878 61.176960
vn -4.459914 -2.424280 3.263915
v 49.186310 -46.591881 63.338871
vn 3.589254 -4.637537 0.511427
v 57.866299 -50.695881 62.163670
vn 2.294811 -4.667825 2.735475
v 56.967319 -50.578880 64.167160
vn 0.296486 -5.522013 1.724982
v 56.084320 -51.080879 63.598961
vn 1.330703 -5.371138 -0.611169
v 56.802280 -51.303890 61.261860
vn 2.494224 -4.286254 -2.910266
v 57.364288 -50.406879 59.552361
vn 4.518429 -3.158278 -1.725118
v 58.347321 -49.931881 60.308861
vn 4.512692 -1.285163 -3.226588
v 58.166290 -48.485882 58.763760
vn 2.780654 -3.103981 -4.501199
v 56.866299 -49.052879 58.095760
vn 4.752994 -0.222896 -3.447166
v 57.414280 -46.344891 57.412769
vn 2.865246 -2.701461 -4.659042
v 56.039280 -47.725880 56.758060
vn 4.844270 1.172763 -3.144623
v 56.501308 -44.038891 56.506359
vn 2.844289 -2.004256 -4.799554
v 55.155300 -46.379879 55.477760
vn -2.080636 -5.438213 0.073100
v 52.858311 -50.824879 61.338459
vn -0.460323 -5.285797 -2.488122
v 54.422272 -50.727879 59.254059
vn -3.175712 -4.968917 -1.193568
v 50.335300 -49.101879 59.115360
vn -1.278899 -4.859450 -3.315597
v 51.985321 -48.998878 57.250961
vn 1.103247 -4.241769 -4.340358
v 55.433319 -49.368870 57.761059
vn 0.693172 -4.031297 -4.602403
v 53.705292 -48.003880 56.149361
vn 3.869838 -0.339256 -4.894389
v 43.100311 -28.284870 42.640259
vn 4.386456 0.491967 -4.353840
v 42.128269 -25.852880 41.780960
vn 3.028341 -1.564945 -5.116364
v 40.935268 -28.327869 41.062870
vn 2.372286 -1.946116 -5.305908
v 41.648281 -30.095881 41.993462
vn 3.726429 -0.734133 -4.945651
v 44.451260 -30.417879 43.861061
vn 2.091500 -2.105339 -5.338319
v 42.608311 -31.701880 43.003761
vn 1.709462 -2.674441 -4.870883
v 43.400299 -33.439892 43.922661
vn 4.190180 -0.726217 -4.457870
v 46.024261 -32.036888 45.381660
vn -0.371069 -4.127620 -4.247362
v 38.781281 -32.274879 42.540161
vn 0.230179 -3.959197 -4.452473
v 37.824310 -30.858879 41.269260
vn -2.529740 -5.179554 -1.737700
v 34.442291 -31.290890 43.367069
vn -2.846818 -5.203577 -1.303990
v 35.900299 -32.524879 44.937962
vn -4.206114 -3.750523 1.557788
v 33.889309 -31.127880 47.835361
vn -4.220066 -3.662268 1.638686
v 32.192291 -29.811880 46.387058
vn -4.250443 -3.987245 1.380965
v 35.640289 -32.378880 49.216660
vn -3.263865 -5.160302 -1.168953
v 37.523281 -33.616871 46.504360
vn -0.870526 -4.438281 -3.643666
v 39.886318 -33.769871 43.877258
vn -4.745171 -3.753332 1.052049
v 37.404270 -33.821880 50.555660
vn -3.860823 -4.450256 -1.617947
v 38.905300 -35.273891 47.996658
vn -1.374147 -4.708236 -3.578289
v 40.979279 -35.031879 45.417358
vn 4.320894 -0.421754 -4.338823
v 48.490261 -35.098881 48.205460
vn 1.955043 -2.725177 -4.967563
v 46.152309 -36.663891 47.015369
vn 2.261663 -2.271954 -5.031564
v 49.164280 -39.881870 49.865459
vn 4.539272 0.183026 -4.134820
v 51.050259 -38.043880 51.024059
vn 2.601236 -1.854918 -5.028587
v 52.259312 -43.092892 52.615761
vn 4.715295 0.576878 -3.758926
v 53.809299 -40.994881 53.696861
vn 0.218557 -3.793997 -4.732519
v 50.672272 -45.304878 53.509159
vn -1.782233 -4.749514 -3.393928
v 49.524261 -46.675880 55.215462
vn -2.273680 -4.653042 -3.313304
v 47.537258 -44.742882 53.769871
vn -0.943087 -4.029255 -4.259927
v 47.009312 -42.491871 51.312061
vn -4.945055 -2.374525 2.510689
v 46.033291 -44.036888 60.184559
vn -4.986159 -2.884270 1.193925
v 43.200291 -41.496880 56.443661
vn -4.656183 -4.052963 0.007028
v 45.311310 -44.105869 56.889359
vn -4.622182 -3.987814 0.584132
v 46.974270 -45.935871 58.882061
vn -3.804665 -4.332924 -1.897615
v 44.170319 -42.113880 53.203861
vn -3.759666 -4.599792 -1.742915
v 46.174290 -44.585880 55.182270
vn -3.565677 -4.762167 -1.531244
v 48.104279 -46.782879 57.038361
vn -1.164994 -4.185846 -4.089317
v 43.819309 -38.552879 48.229462
vn -3.834225 -4.262486 -1.723627
v 41.439301 -38.681881 50.497559
vn -5.087066 -3.128656 1.094783
v 40.222321 -37.334881 53.200562
vn 2.043187 5.307497 2.587824
v 29.163300 -8.822884 36.133160
vn 1.320406 5.143845 3.297071
v 27.978300 -8.818886 36.794071
vn 1.965847 4.439620 3.745948
v 30.116301 -10.383890 38.200260
vn 2.525732 4.951274 2.746027
v 30.660311 -9.846886 36.979462
vn 0.335144 4.396022 4.268712
v 26.175261 -9.161888 37.775669
vn 0.918659 3.826687 4.644007
v 29.532320 -11.242880 39.270260
vn 1.557483 5.377716 2.781050
v 26.358311 -7.266884 34.850559
vn 0.937462 5.122758 3.329390
v 24.659269 -6.793877 34.836861
vn 2.017340 5.421103 2.391397
v 28.038300 -7.803886 34.835159
vn 2.432807 5.433258 1.841243
v 26.367279 -5.769875 31.352461
vn 2.465869 5.464548 1.773936
v 27.893280 -6.851875 32.516960
vn 3.484296 5.096216 0.596244
v 29.676300 -7.306877 30.432961
vn 3.608724 5.050969 0.649916
v 29.090300 -6.730873 28.694460
vn 3.272524 5.199077 1.097580
v 30.198271 -7.922874 32.066959
vn 2.623861 5.399277 1.806317
v 28.949310 -7.609886 33.301960
vn 2.950797 5.225788 1.746361
v 30.534269 -8.846886 34.591259
vn 3.730525 4.916597 1.018258
v 31.666290 -9.128883 32.866760
vn 4.403731 4.174283 0.992405
v 32.753269 -10.286890 34.171070
vn 3.602162 4.761504 1.592932
v 32.140289 -10.240880 35.914162
vn 5.414428 2.533295 0.062779
v 33.728298 -11.531880 33.947861
vn 4.357195 4.404866 0.116970
v 32.052280 -9.314888 31.919559
vn 4.864357 3.889392 0.074998
v 32.472321 -9.885887 30.438459
vn 5.789943 2.292408 -0.181017
v 34.231289 -13.525890 33.641460
vn 3.707093 4.507317 1.839134
v 32.586269 -10.814890 36.548561
vn 3.780551 3.999084 1.945050
v 33.435268 -11.989880 37.644360
vn 4.507399 0.128253 -4.194806
v 40.101292 -23.970881 39.748260
vn 5.012512 2.526053 -1.887878
v 40.161289 -20.733879 40.880562
vn 4.770370 -0.070595 -3.905025
v 38.311310 -22.108879 37.729561
vn 5.068027 2.544783 -1.729293
v 38.432281 -18.615879 39.023460
vn 5.213216 -0.086151 -3.332401
v 36.841282 -20.403879 35.749161
vn 5.249326 2.584760 -1.447844
v 36.592319 -16.419880 36.856258
vn 6.004844 0.264743 -1.206795
v 35.680271 -18.867880 33.521561
vn 4.000102 -3.894646 -1.603619
v 34.486301 -23.529881 33.477360
vn 3.422413 -2.870696 -4.048121
v 35.683319 -24.648890 35.742859
vn 3.061308 -2.549954 -4.591164
v 37.137299 -26.034870 37.683659
vn 2.941578 -2.159749 -4.915556
v 38.944309 -27.225880 39.437870
vn 2.962308 4.285381 1.956158
v 40.025299 -20.268881 45.314461
vn 3.243053 4.165893 2.307992
v 41.192291 -21.809879 46.660358
vn 2.991238 4.206158 1.976362
v 38.568272 -18.504881 43.781071
vn -0.004573 3.997981 4.704091
v 35.145290 -19.803890 45.982761
vn 0.167385 4.003131 4.636994
v 33.328281 -17.304880 43.936859
vn 3.024425 4.342882 1.907113
v 36.708279 -16.355869 41.798458
vn 3.287324 4.254210 2.015385
v 34.884312 -14.150890 39.710560
vn 0.485223 3.936628 4.602264
v 31.418301 -14.633890 41.813961
vn -2.012318 2.726245 5.141371
v 32.374298 -21.920879 46.892761
vn -3.897643 -0.056857 4.374325
v 30.080290 -24.687870 46.581261
vn -3.830285 -0.108276 4.461427
v 27.844271 -22.812870 44.642361
vn -1.961227 2.616484 5.224113
v 30.184299 -19.601879 44.848560
vn -3.718570 -0.162125 4.564218
v 25.346279 -20.726879 42.606361
vn -1.878240 2.529013 5.298244
v 27.952299 -17.203880 42.856770
vn -3.199516 -0.288435 5.088820
v 22.582310 -18.642879 40.502369
vn -1.667434 2.296037 5.487090
v 25.579321 -14.679880 40.882561
vn 0.857295 4.862861 3.591191
v 20.808319 -4.025887 31.772860
vn 0.638588 4.886443 3.523372
v 22.767300 -5.421883 33.315361
vn 2.348920 5.413130 2.006331
v 24.508270 -4.548882 30.243870
vn 2.381028 5.387450 2.053513
v 22.166290 -2.796883 28.286249
vn 3.282006 5.242496 0.959378
v 26.284269 -4.606880 26.702360
vn 3.194244 5.262526 1.122041
v 23.691311 -2.624886 24.809570
vn 5.590126 1.176728 -2.194578
v 40.727261 -17.679880 17.972660
vn 4.890181 2.457152 -2.800778
v 38.823269 -15.118870 15.804060
vn 5.010773 3.128787 -1.817593
v 38.985321 -14.751880 16.617371
vn 5.400923 2.650165 -1.452441
v 40.340302 -16.066891 18.658159
vn 4.651562 3.790842 -1.751569
v 37.251308 -12.736890 16.174959
vn 4.379430 3.613989 -2.454837
v 36.327301 -12.203880 15.061550
vn 5.140652 2.553441 -2.479295
v 38.218288 -16.317881 14.124160
vn 4.459691 3.767277 -2.251642
v 35.306301 -11.764880 13.991060
vn 5.682668 0.982606 -2.455373
v 40.664280 -19.414881 17.487061
vn 4.822377 3.876043 -0.247837
v 40.218288 -15.070880 21.093960
vn 5.016617 3.511773 -0.319898
v 40.802280 -15.815880 21.346251
vn 5.011108 3.005174 -0.283045
v 41.841282 -17.202869 22.037460
vn 4.292333 3.594913 2.373190
v 38.922272 -14.333890 24.406771
vn 4.062875 3.544229 3.121793
v 38.582310 -14.962880 25.549360
vn 4.599082 4.087431 1.013403
v 38.974270 -13.948880 23.121059
vn 3.902007 4.879193 0.458401
v 35.474270 -10.383890 20.828550
vn 4.237432 4.498392 0.745246
v 37.156281 -11.930890 22.444260
vn 4.646616 4.092714 -0.480253
v 38.303310 -12.959880 19.506651
vn 4.363177 4.341311 -0.659981
v 36.064301 -10.750880 17.989170
vn 3.528507 5.090794 0.881485
v 33.833279 -9.191887 20.841770
vn 4.070636 4.558979 -0.716345
v 35.152309 -9.930885 17.617069
vn 3.963219 4.631408 -0.753780
v 33.534271 -8.658882 16.752560
vn 3.675363 5.032977 0.759769
v 32.071320 -8.008888 20.964359
vn 3.624511 4.706645 1.660158
v 36.354279 -11.392880 23.141569
vn 3.790501 4.542974 2.014665
v 34.948269 -11.060870 24.542570
vn 4.575706 4.080411 1.197640
v 33.252289 -10.471890 27.169270
vn 3.887087 4.866535 0.779003
v 30.507290 -7.479881 24.889360
vn 5.014378 2.929951 2.094679
v 35.200291 -14.218880 29.004259
vn 3.559772 5.124699 0.736410
v 24.928310 -2.929878 20.805969
vn 3.615622 5.093278 0.679537
v 27.557280 -5.040886 22.778561
vn 3.689233 5.054757 0.518888
v 29.099270 -5.605873 18.918261
vn 3.765584 4.996007 0.360037
v 26.421301 -3.356880 16.612850
vn 4.032584 4.580202 -0.938490
v 30.649260 -6.591881 14.716660
vn 4.158831 4.494161 -1.085981
v 27.533291 -4.403877 12.272370
vn 4.406828 4.051663 -1.904270
v 31.333281 -9.042885 11.137360
vn 4.443426 4.138951 -1.606847
v 27.445280 -5.903877 8.607666
vn 4.914505 3.176368 1.914572
v 55.708279 -35.859890 33.960659
vn 4.420173 3.700052 1.989359
v 54.937290 -34.581890 33.624962
vn 2.806158 3.584831 3.923878
v 53.990261 -34.744881 35.059460
vn 4.098425 3.309473 3.032437
v 55.625271 -36.872890 35.448460
vn 1.109820 3.237558 5.100799
v 52.546299 -35.456890 36.131062
vn 2.931593 3.438776 3.837488
v 55.597321 -38.084881 36.733860
vn 2.093754 4.338312 3.728337
v 52.120270 -32.555889 33.825859
vn 0.692753 3.580992 5.029274
v 49.689301 -32.727879 34.579559
vn 3.902010 4.296591 1.845855
v 53.964260 -33.210880 32.864059
vn 2.837935 4.593862 2.738623
v 51.115261 -30.785879 32.176960
vn 2.021355 4.050061 4.024838
v 48.924290 -29.946880 32.625759
vn 3.776791 4.649987 1.558506
v 52.873322 -32.046879 32.011162
vn 5.154281 2.921639 -0.272638
v 58.404270 -40.010891 33.482262
vn 5.405503 2.859634 -0.096123
v 57.109280 -37.876881 32.654659
vn 5.520033 2.770128 -0.124537
v 56.404270 -36.513882 32.152161
vn 5.650805 2.062991 -1.718237
v 56.302280 -37.278881 30.249960
vn 5.397545 1.583245 -2.596374
v 56.620270 -38.843880 29.633360
vn 4.563267 0.726919 -3.819224
v 56.701260 -40.427879 28.995859
vn 4.648115 3.516928 -2.155444
v 53.801300 -33.368870 28.706051
vn 4.567976 4.138437 -0.559712
v 53.225311 -32.144871 30.121460
vn 4.762971 3.626144 -0.417743
v 54.705292 -33.571880 30.753460
vn 5.083169 2.684508 -2.354473
v 54.731289 -34.794880 28.766050
vn 5.292489 2.990846 -0.311741
v 55.677280 -35.076881 31.402161
vn 5.430324 2.152515 -2.173273
v 55.544281 -36.238880 29.151670
vn 4.531275 1.985722 -3.656032
v 53.945278 -35.028881 27.253269
vn 4.562180 2.796965 -3.052875
v 52.513279 -32.870892 26.914150
vn 3.460407 0.625607 -4.945790
v 52.566311 -35.647881 25.702061
vn 3.987827 1.783182 -4.145579
v 50.985321 -32.380878 25.330259
vn 3.648994 -0.123005 -4.843294
v 54.381321 -38.583889 26.856661
vn 4.880673 1.208016 -3.450877
v 55.340302 -37.109890 28.088760
vn 4.706652 3.821466 -0.335624
v 52.193272 -30.948879 29.435961
vn 4.286881 3.755223 -0.106689
v 50.662258 -29.000879 28.560850
vn 4.272856 1.473014 -4.010010
v 48.052280 -29.293880 23.591459
vn 4.485197 3.354394 -0.152523
v 48.525299 -26.333891 27.083469
vn 2.491728 3.754096 3.991911
v 45.981289 -26.416880 30.927259
vn 3.036747 3.823949 3.583084
v 44.081268 -23.113880 28.993650
vn 4.614086 3.206967 -0.359065
v 46.127289 -23.134880 25.337549
vn 4.544683 1.392690 -3.865539
v 45.416290 -25.855869 22.006359
vn 3.574790 3.771045 3.258724
v 41.787258 -19.777889 27.321369
vn 4.688447 3.121806 -0.465317
v 43.777309 -19.935869 23.550659
vn 5.020139 1.183141 -3.468256
v 42.798309 -22.629881 20.009460
vn 0.555405 -4.981117 -3.563241
v 31.934299 -26.357889 35.785660
vn 0.456308 -5.843836 -0.834031
v 29.945280 -24.875879 33.309460
vn -2.100369 -5.338034 -1.320358
v 27.851290 -26.746880 37.232559
vn -1.478114 -5.987662 -0.135170
v 25.273279 -25.025890 33.887760
vn -4.132855 -3.610957 1.986402
v 25.258270 -24.752880 40.276260
vn -3.455598 -4.084780 2.596918
v 22.786289 -23.239880 38.158760
vn -4.221515 -3.545022 1.893238
v 27.715300 -26.463869 42.463661
vn -2.242182 -5.266142 -1.456807
v 30.175261 -28.336880 39.682461
vn 0.432744 -4.639915 -3.890164
v 33.871311 -27.856880 37.875370
vn -4.245547 -3.564352 1.790932
v 30.015289 -28.142879 44.516270
vn -2.331563 -5.237158 -1.580361
v 32.356289 -29.838869 41.666962
vn 0.318249 -4.376160 -4.098993
v 35.824310 -29.322880 39.665161
vn -3.001626 3.711596 3.241260
v -18.591709 7.884117 22.450470
vn -3.245210 3.516160 3.277634
v -17.963711 2.907112 28.434271
vn -0.004857 4.760840 3.909691
v -11.414700 4.527122 28.546360
vn 0.274599 4.877736 3.749860
v -10.498690 9.635124 22.141569
vn -5.776034 0.478180 1.446159
v -21.901699 -3.633888 25.890760
vn -5.580307 0.403250 1.361165
v -23.252720 0.632118 20.299650
vn -5.493930 0.137246 1.495355
v -24.593719 5.463112 13.448260
vn -2.786895 3.841894 3.347580
v -19.284700 12.330120 16.502260
vn -2.291701 3.310965 4.386734
v -20.674709 15.995120 11.500080
vn -5.078905 -0.976591 2.406640
v -26.651699 10.000110 7.775284
vn 0.472868 5.032578 3.574176
v -9.374725 14.217120 15.675350
vn 1.025063 4.915148 3.658136
v -9.586700 18.683109 9.249634
vn -4.913794 -3.104951 -0.555994
v -19.335720 -14.906880 30.983860
vn -5.240524 -2.780641 -0.140255
v -17.291719 -18.813881 39.464458
vn -5.568105 -2.014927 -0.179072
v -15.446690 -23.490879 47.518162
vn -2.769474 -4.877761 -2.179796
v -13.596710 -22.568890 39.448360
vn -3.447967 -4.307230 -2.296955
v -13.006680 -26.331890 46.067570
vn -2.565466 -5.218029 -1.635250
v -14.505710 -19.642879 32.919659
vn 1.087068 -4.924363 -2.855434
v -8.701691 -23.995890 39.982262
vn 0.477073 -4.956658 -2.877562
v -9.161713 -27.384880 45.402962
vn 1.166027 -5.468915 -2.309515
v -8.027679 -21.169880 35.027962
vn 1.526980 -5.729706 -1.773298
v -6.407684 -19.889879 33.052570
vn 1.154198 -6.019659 -1.100774
v -4.466705 -18.863880 30.880159
vn 0.708600 -6.171995 -0.666273
v -1.455719 -18.030880 28.202271
vn 0.103301 -2.205221 3.450216
v 7.998322 -16.687870 36.814362
vn -0.069343 -6.251580 -0.302185
v 1.494293 -17.546881 26.195950
vn -1.704523 -1.932770 4.579287
v 12.806300 -17.018881 36.786461
vn -1.572644 -5.450342 -1.862322
v -9.853729 -16.395880 17.524870
vn -1.915108 -5.277164 -1.762507
v -11.994720 -16.916880 20.972759
vn -2.129098 -5.244618 -1.670657
v -13.577730 -17.699881 25.374161
vn -2.195296 -5.253634 -1.729911
v -14.237700 -18.678890 29.327959
vn -4.870393 -3.105828 -1.308972
v -20.914700 -7.421883 16.118959
vn -4.935041 -3.331530 -1.446543
v -20.131680 -5.799873 10.516850
vn -5.059853 -2.827556 -0.857428
v -20.891689 -9.817879 22.172449
vn -5.116743 -2.851968 -0.797070
v -20.252720 -12.302880 27.074860
vn 5.609392 0.712462 2.314023
v 35.861301 -18.706890 31.298559
vn 3.699165 2.196759 4.452953
v 37.074310 -18.723881 29.864960
vn 3.540457 -3.148523 3.220185
v 34.807281 -23.542879 32.244362
vn 0.633700 -1.156227 5.670796
v 35.657318 -24.206890 31.563770
vn 3.905731 1.547914 -4.498913
v -8.971710 16.172131 -22.326031
vn 4.222569 2.834718 -3.536100
v -8.997711 17.730129 -21.434540
vn 4.283168 1.780037 -4.148210
v -6.729706 14.838110 -20.506741
vn 3.995709 0.550745 -4.727152
v -7.907684 14.264120 -21.812330
vn 4.169516 3.541770 -2.999857
v -9.000702 19.648121 -19.499439
vn 4.136906 2.695898 -3.804810
v -5.574738 15.272120 -19.030531
vn 3.292002 2.710932 -4.437091
v -11.964690 19.348120 -23.093031
vn 3.421004 3.293704 -3.907037
v -13.548740 21.876120 -22.525539
vn 3.198918 1.687332 -4.932149
v -10.726720 17.006130 -23.418730
vn 2.110266 0.722803 -5.572574
v -16.939730 18.923120 -25.947430
vn 2.171850 0.633425 -5.623384
v -13.883700 17.005119 -25.035431
vn 0.952834 -1.579656 -5.929127
v -15.090730 13.503120 -24.872040
vn 0.412066 -2.199672 -5.755973
v -17.256680 13.098120 -25.024229
vn 1.707272 -1.128666 -5.837386
v -12.955720 13.968120 -24.544941
vn 2.529912 0.548460 -5.592906
v -12.261690 15.970120 -24.434139
vn 2.164044 -1.353375 -5.721642
v -10.430690 11.647120 -22.973431
vn 1.618114 -2.074733 -5.665274
v -12.596710 11.928120 -23.785740
vn 2.847617 -0.417555 -5.419580
v -10.401700 14.073110 -23.552540
vn 2.959851 -0.570529 -5.486549
v -8.553680 12.320120 -22.215330
vn -0.110696 -2.720595 -5.611473
v -14.942720 8.492119 -22.667850
vn 1.035108 -2.341959 -5.725329
v -13.151700 10.809120 -23.447430
vn 1.603846 -1.026712 -5.944929
v -10.008700 9.371117 -22.368240
vn 0.785463 -0.920323 -6.043868
v -9.516693 7.053123 -21.982540
vn 2.577807 0.931900 -5.575401
v -4.863678 9.783119 -20.481140
vn 2.866549 0.042868 -5.531942
v -7.430695 11.578120 -21.587139
vn 1.623512 4.726189 3.798453
v -6.795685 4.826118 26.622360
vn 1.522388 4.619804 3.954096
v -3.474701 5.148125 24.566360
vn 1.614645 4.629993 3.921130
v -4.620697 7.845116 21.904751
vn 1.578822 4.720487 3.829637
v -6.969696 8.685112 21.984949
vn 1.498671 4.887060 3.648342
v -6.217682 12.066120 17.362761
vn 1.485465 4.799173 3.771962
v -3.151703 9.631126 19.204760
vn 1.176808 4.768126 3.916699
v -0.523712 6.691124 21.916370
vn 0.961970 4.623961 4.140713
v 2.104279 3.116112 25.482450
vn 1.689080 5.057904 3.307897
v -4.746735 14.673120 13.043460
vn 1.622916 5.002170 3.431844
v -0.841705 11.317120 16.007351
vn 1.365491 5.029006 3.502717
v 2.799286 8.275124 18.803560
vn 1.138544 4.999996 3.592167
v 7.399261 4.997124 22.008360
vn 2.301172 5.181230 2.632874
v -2.125702 15.774120 9.619202
vn 2.875368 5.268891 1.785910
v 1.146271 15.058110 7.361664
vn 3.134487 5.207965 1.518508
v -1.043732 17.214121 4.456955
vn 2.544096 5.085824 2.504100
v -6.278717 19.925119 5.420807
vn 4.143495 4.219354 -2.036282
v 2.749298 13.103130 -10.100740
vn 4.110703 4.529481 -1.330742
v -3.104706 18.730129 -9.612640
vn 3.996956 4.745151 -0.877269
v 1.199310 15.966120 -5.358429
vn 4.090693 4.531892 -1.347265
v 4.578278 12.916110 -6.184860
vn 3.607015 5.099685 0.488966
v -0.793732 17.717119 1.076202
vn 3.544650 5.055441 0.941207
v -4.401703 20.336109 0.578949
vn 3.417521 5.170211 0.951637
v 1.515289 15.749120 3.819275
vn 3.381595 5.182755 0.996303
v 3.442291 14.214120 5.276718
vn 3.701051 5.056802 0.259657
v 4.659271 13.668110 2.719025
vn 3.694294 5.064863 0.269632
v 2.037262 15.631130 1.659302
vn 3.959368 4.844473 -0.534139
v 3.123322 14.647120 -3.127914
vn 4.047859 4.742959 -0.705001
v 5.484283 12.720120 -3.003830
vn 3.911736 4.904325 -0.263601
v 5.331268 13.108120 -0.125915
vn 3.840161 4.966792 -0.148489
v 2.627289 15.186120 -1.013397
vn 3.837190 4.966132 -0.136304
v -0.076691 17.238119 -2.459137
vn 3.966183 4.847640 -0.266605
v -3.505707 19.874121 -4.538177
vn 4.182272 3.916565 -2.501978
v -3.683685 17.108120 -14.533540
vn 4.034123 3.560980 -3.170736
v 1.418304 11.746120 -14.315730
vn 3.363944 2.389205 -4.618095
v -0.469696 9.402122 -18.134140
vn 4.032785 3.365241 -3.362506
v 6.304291 6.679115 -13.853040
vn 3.188873 2.311046 -4.695925
v 4.569305 4.131126 -17.562040
vn 4.231289 3.936136 -2.426831
v 7.427277 8.349113 -9.897247
vn 4.224797 4.276600 -1.699191
v 8.407318 9.356117 -6.100494
vn 4.138968 4.608154 -0.929670
v 8.740265 10.018120 -2.541107
vn 3.982727 4.841301 -0.381571
v 8.397308 10.671120 0.807907
vn 3.744481 5.022118 0.213802
v 7.616302 11.427120 4.035446
vn 3.403791 5.175338 0.967019
v 6.239288 12.031120 7.099045
vn 2.791475 5.287828 1.832639
v 4.205292 12.533120 9.965637
vn 2.125527 5.209375 2.745906
v 1.688263 12.419120 12.871860
vn 4.181592 3.116580 -3.466462
v 10.902310 1.751122 -12.851140
vn 3.537281 2.170650 -4.540578
v 9.522308 -0.849876 -16.320829
vn 4.301717 3.693739 -2.671844
v 11.802280 3.877113 -9.200241
vn 4.328711 4.107903 -1.901086
v 12.278290 5.560112 -5.487640
vn 4.290807 4.424582 -1.145304
v 12.250270 6.874123 -1.770767
vn 4.124972 4.698419 -0.571700
v 11.742280 7.951118 1.891769
vn 3.782931 4.988064 0.127570
v 10.875270 8.941124 5.493774
vn 3.461577 5.150054 0.922262
v 9.435272 9.542122 9.011063
vn 2.855353 5.269893 1.754681
v 7.624298 9.884117 12.435070
vn 1.998460 5.234677 2.770016
v 5.346283 9.520119 15.685960
vn 3.778849 2.136167 -4.430506
v 13.936310 -5.401878 -14.763340
vn 4.227282 2.906790 -3.616917
v 15.389310 -3.109886 -11.503140
vn 4.338054 3.448071 -2.908921
v 16.120270 -0.542885 -8.221237
vn 4.418440 3.961842 -1.996503
v 16.191311 1.724113 -4.638382
vn 4.413219 4.278584 -1.249675
v 15.814300 3.544121 -0.834167
vn 4.277558 4.536626 -0.754776
v 15.150300 5.000114 3.095764
vn 3.899735 4.872780 -0.040458
v 14.298310 6.315117 7.033768
vn 3.494605 5.146009 0.833927
v 12.772310 6.955116 10.933620
vn 2.926198 5.276299 1.588799
v 11.160310 7.211113 14.848270
vn 1.981966 5.277246 2.663790
v 9.213287 6.632118 18.562160
vn 0.770573 3.131314 5.229805
v 5.398285 -5.595879 33.678959
vn 0.122190 3.583784 4.983263
v 9.133270 -4.589882 32.664059
vn -1.069881 2.485301 5.387836
v 16.643280 -9.570885 36.454670
vn 0.094479 4.385959 4.448418
v 13.509310 -4.128883 32.179661
vn 1.030839 5.100872 3.317814
v 14.739290 0.768120 26.334761
vn -1.905598 1.093017 5.684810
v 44.812290 -33.792881 34.636959
vn -2.185719 0.960287 5.593197
v 46.169281 -35.628880 35.473461
vn -0.534433 2.582697 5.663190
v 48.067291 -33.689892 35.118061
vn -0.005166 2.851335 5.532428
v 46.798309 -31.578880 34.031460
vn -0.678167 2.510621 5.643247
v 50.067291 -36.214882 36.552361
vn -2.530102 0.933858 5.417576
v 47.521271 -37.435871 36.374760
vn -0.140784 2.555576 5.609911
v 52.059299 -38.282879 37.634861
vn -2.765720 0.360890 5.107992
v 48.606289 -39.383888 37.298458
vn 0.395220 2.753438 5.570055
v 44.423309 -28.591881 32.617760
vn -1.675954 1.049681 5.727389
v 42.715302 -31.276880 33.538261
vn -1.526571 0.880390 5.729845
v 40.468288 -28.633890 32.503059
vn 0.868346 2.776548 5.473047
v 42.101292 -25.401880 31.310659
vn -0.863108 0.414379 5.917004
v 38.361301 -26.268881 31.718260
vn 1.733235 2.568875 5.359199
v 39.757290 -22.198879 30.233259
vn 1.883270 -1.388896 -5.726358
v 50.693272 -37.991871 25.052660
vn 2.239494 -0.886208 -5.634502
v 49.286289 -35.733879 24.069059
vn -0.189408 -3.214356 -5.048639
v 46.480320 -38.534870 24.436069
vn -0.262000 -3.154848 -5.128110
v 48.165310 -40.124889 25.368561
vn -0.381838 -3.133760 -5.079768
v 49.804291 -41.781879 26.264660
vn 1.948372 -1.550275 -5.678261
v 52.377289 -40.200871 26.180161
vn -0.521893 -2.927053 -4.983763
v 51.290310 -43.586880 27.134769
vn 2.559970 -1.302759 -5.486295
v 54.287258 -42.183880 27.508671
vn -4.066786 -2.391538 3.663151
v 45.704319 -40.075871 34.689960
vn -4.445211 -2.703337 3.208163
v 47.199310 -41.535881 35.211060
vn -3.918576 -4.494708 1.046677
v 45.666290 -41.960880 31.612761
vn -4.414174 -4.290170 0.634670
v 47.382290 -43.033878 32.149261
vn -2.547416 -4.586122 -2.118903
v 46.993320 -42.877880 28.338650
vn -3.303692 -4.433414 -2.504458
v 48.753269 -43.994881 29.191250
vn -2.941226 -4.396969 -2.422215
v 45.333279 -41.323879 27.540661
vn -4.313290 -4.133473 1.033219
v 43.951260 -40.425880 30.919161
vn -3.956260 -1.987762 3.951986
v 44.130280 -38.364880 34.019360
vn -3.019156 -4.442517 -2.362117
v 43.645290 -39.710880 26.726650
vn -4.402562 -3.958364 1.116934
v 42.122280 -38.689892 30.128860
vn -3.840889 -1.706156 4.123651
v 42.428310 -36.468880 33.275761
vn -0.065650 -3.342670 -4.908135
v 44.178310 -36.321880 23.015261
vn 2.591263 -0.948505 -5.450206
v 46.664280 -33.005878 22.451071
vn 2.912701 -0.935482 -5.280015
v 44.325291 -30.382879 20.802460
vn 0.182234 -3.474965 -4.697629
v 41.906281 -34.200871 21.423161
vn 3.325822 -1.294863 -4.874271
v 42.261318 -28.153879 19.082760
vn 0.084532 -3.534628 -4.489175
v 39.460300 -32.378880 19.868160
vn 5.095200 -1.579148 -2.704686
v 40.987270 -26.806881 17.425461
vn 0.586584 -5.532701 -1.795244
v 36.727261 -31.017879 18.708660
vn -2.787642 -5.484326 1.269431
v 4.525299 -19.827869 11.222600
vn -2.903816 -5.476151 0.930769
v -2.145721 -16.990879 8.036499
vn -3.261015 -5.224912 1.162705
v -1.428680 -18.297871 4.528809
vn -2.829837 -5.389130 1.547345
v 6.759308 -22.186880 6.832367
vn -3.347264 -5.189808 1.029986
v -0.415680 -19.765881 0.825012
vn -3.146076 -5.240744 1.433488
v 9.023285 -25.142879 0.703323
vn -4.208510 -4.573726 0.245524
v -9.009735 -13.626880 -0.357651
vn -4.158155 -4.655864 0.089911
v -9.813690 -12.750880 1.865540
vn -3.613888 -5.080140 -0.501173
v -10.048740 -12.489880 4.906174
vn -4.945937 -3.747503 -0.813173
v -15.161710 -6.211876 -4.430801
vn -4.881800 -3.826084 -0.888774
v -16.185699 -5.393883 -1.945694
vn -4.732334 -3.860304 -1.363358
v -16.747709 -5.653877 1.770615
vn -4.532084 -4.180265 -0.786832
v -21.048740 3.140114 -6.278793
vn -4.522037 -4.081893 -1.236830
v -19.307711 2.069115 -9.781830
vn -4.661978 -4.101924 -0.409619
v -22.763700 4.480125 -2.576447
vn 1.639588 4.771477 3.624692
v -14.084690 24.155109 3.820038
vn 0.254436 3.975878 4.812797
v -18.568701 22.042120 6.810379
vn 1.288316 4.238371 4.393487
v -21.683689 27.874121 2.221924
vn 0.111150 3.069104 5.417661
v -25.922701 24.947121 5.048920
vn 2.581115 4.915545 2.663539
v -18.295679 30.056110 -2.051865
vn 3.101340 5.026176 1.825949
v -11.262730 25.421120 -0.709747
vn 3.669528 4.957611 0.498325
v -15.791720 30.087120 -7.381241
vn 3.954985 4.823755 0.028069
v -9.599701 25.024120 -5.928650
vn 4.097888 4.544317 -1.206321
v -14.355680 28.308109 -12.818740
vn 4.164141 4.525243 -1.194530
v -8.810699 23.544121 -11.083830
vn 3.982615 4.150902 -2.420893
v -13.736720 25.570120 -17.904850
vn 4.171157 4.177697 -2.091618
v -8.659698 21.611120 -15.831340
vn -1.511711 -3.741561 -4.755476
v -16.859711 7.099113 -21.505039
vn -0.934088 -3.764047 -4.829426
v -20.151699 10.149120 -23.195431
vn -2.541727 -4.573554 -3.360446
v -19.617710 5.926125 -18.990740
vn -2.073554 -4.816514 -3.306284
v -23.676729 8.954124 -20.618441
vn -3.221987 -5.026759 -1.875483
v -22.158720 5.734123 -15.582030
vn -2.900666 -5.261180 -1.689086
v -26.972691 9.152122 -17.497040
vn -3.614163 -5.062154 -0.826566
v -24.241730 6.294121 -12.065640
vn -3.414293 -5.244091 -0.444804
v -29.646700 10.196110 -13.949740
vn -4.302316 -3.973087 -2.106637
v -17.711700 1.749123 -13.599030
vn -3.403854 -3.614492 -3.727229
v -15.527680 2.352119 -17.831539
vn -1.555660 -2.617829 -5.373883
v -12.625700 4.100121 -20.803240
vn 1.950027 1.798859 -1.018133
v -77.961723 79.455132 -40.454041
vn 4.210876 3.897856 -2.300464
v -70.831711 73.271111 -37.749241
vn 3.839704 2.551486 -4.096347
v -71.873703 69.774117 -42.656231
vn 1.907542 1.240445 -2.015613
v -78.647720 75.236107 -45.705639
vn 3.843658 2.562769 -4.105124
v -65.516708 64.400124 -40.047329
vn 4.210631 3.827844 -2.431132
v -64.179703 67.516121 -35.315029
vn 3.841309 2.616250 -4.110917
v -58.995701 58.846119 -37.312439
vn 4.206339 3.774978 -2.558841
v -57.692719 61.874119 -32.840641
vn 3.787575 2.586491 -4.169591
v -52.356720 52.930119 -34.968842
vn 4.164651 3.766438 -2.673616
v -51.258701 56.324120 -30.434940
vn 4.152895 3.700911 -2.776553
v -44.916721 50.932121 -28.171341
vn 3.765967 2.585949 -4.211510
v -45.980679 47.441120 -32.539639
vn 4.123021 3.709545 -2.846807
v -38.721710 45.601109 -25.954439
vn 3.704301 2.711975 -4.191729
v -39.669708 42.166111 -30.240841
vn 4.058774 3.780125 -2.857592
v -32.517731 40.389118 -23.886641
vn 3.629587 2.761856 -4.208520
v -33.345730 36.989109 -28.117649
vn 3.998025 3.848749 -2.854692
v -26.308689 35.226109 -22.015640
vn 3.527094 2.910611 -4.201845
v -26.925690 31.790119 -26.127529
vn 3.955015 3.978890 -2.731640
v -20.029690 30.322121 -20.013029
vn 3.435241 3.031660 -4.152832
v -20.447720 26.673120 -24.484831
vn 4.028786 4.560690 -1.246830
v -20.358730 33.128120 -14.953840
vn 4.065444 4.516784 -1.239647
v -26.438690 37.964119 -17.049440
vn 4.092383 4.496858 -1.143018
v -32.520721 43.019131 -18.933331
vn 4.108168 4.497376 -1.039537
v -38.653721 48.145119 -20.929840
vn 4.110048 4.529301 -0.926836
v -44.858730 53.335121 -22.989330
vn 4.100903 4.550226 -0.859765
v -51.142731 58.620121 -25.089340
vn 4.116963 4.563862 -0.782301
v -57.533718 63.974110 -27.289030
vn 4.117763 4.600669 -0.682105
v -64.053703 69.444107 -29.488741
vn 4.104339 4.644429 -0.584092
v -70.765701 75.080132 -31.625641
vn 1.986847 2.229344 -0.274006
v -77.821701 80.980133 -33.895340
vn 3.613253 4.988708 0.685395
v -21.780729 34.648121 -9.384735
vn 3.686073 4.935661 0.746958
v -27.782681 39.348122 -11.400630
vn 3.737697 4.917742 0.777006
v -33.823700 44.171120 -13.431640
vn 3.768248 4.908452 0.795832
v -39.910740 49.110119 -15.477540
vn 3.803638 4.891487 0.799290
v -46.062710 54.167122 -17.482040
vn 3.809780 4.887006 0.819737
v -52.292690 59.332119 -19.436140
vn 3.819452 4.878442 0.827091
v -58.607700 64.598122 -21.373341
vn 3.830842 4.865643 0.845499
v -65.014687 69.951118 -23.265440
vn 3.829500 4.870589 0.829360
v -71.492722 75.380119 -25.149731
vn 1.930823 2.450962 0.372766
v -78.054703 80.839127 -27.099730
vn 2.738060 4.777194 2.785940
v -24.281710 34.475121 -4.081543
vn 2.984072 4.710019 2.678701
v -30.166719 39.153111 -6.030945
vn 3.129453 4.767392 2.446549
v -35.967682 44.019131 -8.180740
vn 3.236858 4.789667 2.301990
v -41.885712 48.938122 -10.248840
vn 3.300086 4.792528 2.210303
v -47.906712 53.977119 -12.176640
vn 3.348361 4.787016 2.176483
v -54.099701 59.057121 -13.958630
vn 3.374647 4.789474 2.137712
v -60.364719 64.232117 -15.671740
vn 3.449968 4.775524 2.088183
v -66.682693 69.402122 -17.322340
vn 3.461032 4.785146 2.045223
v -72.962723 74.619133 -18.831739
vn 1.757242 2.437541 0.986030
v -79.150711 79.763107 -20.478239
vn 1.808759 4.017459 4.410981
v -27.652679 32.567120 0.071655
vn 2.186055 4.003342 4.250272
v -33.319729 37.441120 -1.773651
vn 2.359900 4.197590 3.974030
v -38.852692 42.476109 -3.796631
vn 2.518217 4.318327 3.742190
v -44.503689 47.527119 -5.784485
vn 2.659183 4.359746 3.587477
v -50.384739 52.608120 -7.589447
vn 2.736023 4.379272 3.498307
v -56.547699 57.684120 -9.141632
vn 2.769761 4.368710 3.475394
v -62.793732 62.802120 -10.638240
vn 2.840246 4.326662 3.441930
v -68.991707 67.935112 -11.990340
vn 2.790966 4.312712 3.471436
v -75.180710 72.936119 -13.125240
vn 1.391262 2.231087 1.795659
v -81.203720 77.786133 -14.316440
vn 0.641276 2.747301 5.474840
v -31.492710 29.933109 3.081467
vn 0.914722 2.750604 5.403771
v -36.763699 34.952129 1.387177
vn 1.062958 2.947703 5.261023
v -42.095730 40.074120 -0.350357
vn 1.372581 3.188106 5.053761
v -47.405731 45.324120 -2.248672
vn 1.510085 3.227900 4.961055
v -53.339691 50.374119 -3.722519
vn 1.478132 3.212546 4.960241
v -59.577728 55.360119 -5.060135
vn 1.410362 3.121127 5.027600
v -66.003708 60.297131 -6.349899
vn 1.347394 2.994371 5.088855
v -72.221687 65.231117 -7.584229
vn 1.262296 2.908978 5.151659
v -78.374710 70.044121 -8.759033
vn 0.508628 1.404683 2.689422
v -84.856697 74.457123 -9.747543
vn -0.865204 -2.353146 -5.346744
v 21.458281 -30.987881 -12.822630
vn -3.086959 -4.563068 -1.780372
v 18.102261 -33.828880 -8.295639
vn -2.817616 -4.326868 -2.845949
v 14.832310 -30.219891 -10.625840
vn -0.162622 -2.192008 -5.586836
v 18.128269 -27.123880 -14.039950
vn -1.958424 -4.181647 -3.737830
v 11.809300 -26.553890 -13.106630
vn 0.512478 -1.926201 -5.749384
v 14.774260 -23.186880 -15.521840
vn -3.431570 -5.154063 -0.797051
v 10.617280 -27.513880 -8.367233
vn -3.977033 -4.794238 0.198922
v 13.649260 -30.102880 -5.628326
vn -3.533854 -4.944921 1.173502
v 17.270290 -32.805889 -3.130554
vn -3.648651 -5.023643 0.883062
v 10.065280 -26.968880 -3.735596
vn -3.784646 -4.762730 1.540325
v 13.339260 -28.889879 -1.703781
vn -3.327727 -4.905978 1.932663
v 17.598301 -31.971889 -0.169556
vn -3.359766 -4.908800 1.909404
v 12.840300 -26.811880 2.300522
vn -3.383763 -4.796306 2.099558
v 17.685270 -30.336880 3.982590
vn 2.654809 0.399881 -5.423768
v -74.711723 63.102119 -47.058750
vn 1.304391 0.145991 -2.648200
v -81.610703 67.958122 -50.122631
vn 0.569405 -0.887163 -2.805838
v -86.175697 60.170109 -49.954239
vn 1.210415 -1.588199 -5.877365
v -78.925697 56.059120 -47.278751
vn 2.767960 0.645494 -5.386218
v -67.783707 58.302120 -43.996731
vn 1.407071 -1.266573 -5.889805
v -71.330704 52.009121 -44.688141
vn 2.838998 0.786217 -5.359830
v -61.108730 53.322121 -41.103039
vn 1.543371 -1.072961 -5.914990
v -64.377701 47.555119 -41.969742
vn 2.866710 0.901396 -5.369705
v -54.448700 48.208118 -38.304840
vn 1.608786 -0.876295 -5.912092
v -57.505711 42.963112 -39.431530
vn 2.865147 1.051939 -5.365425
v -47.952728 43.056110 -35.709049
vn 1.641079 -0.709130 -5.931510
v -50.757721 38.266121 -36.914249
vn 2.817575 1.132713 -5.358567
v -41.541721 37.953121 -33.399139
vn 1.603987 -0.743002 -5.930480
v -44.264679 33.290119 -34.555740
vn 2.717403 1.114965 -5.426317
v -35.281712 32.829121 -31.178940
vn 1.395569 -0.919294 -5.940307
v -37.755711 27.894131 -32.162029
vn 2.533892 1.206296 -5.463891
v -28.695709 27.780109 -29.139429
vn 1.141090 -1.188445 -5.897141
v -30.901699 22.932119 -29.903749
vn 2.356707 1.027435 -5.509791
v -22.287689 22.945120 -27.382641
vn 0.808546 -1.703813 -5.812650
v -24.071690 17.984119 -27.542740
vn -3.896422 -4.918902 -0.071416
v -26.473721 7.600121 -7.918335
vn -3.779541 -4.997286 0.355634
v -31.815701 11.699120 -9.347443
vn -4.221377 -4.590609 0.653265
v -28.241730 9.357124 -3.679398
vn -4.019312 -4.628222 1.275085
v -33.991730 14.051120 -5.168762
vn -4.675132 -3.869221 1.531417
v -29.414700 11.864110 1.046753
vn -4.196649 -3.866418 2.541826
v -34.525730 16.568119 -0.567947
vn -3.973259 -1.394096 4.020562
v -29.542690 15.016120 5.728790
vn -3.626174 -1.826817 4.521412
v -33.343719 19.395121 3.708817
vn -5.095862 -3.572774 -0.059224
v -25.041719 6.812126 2.585220
vn -1.833270 1.917163 5.455464
v -24.765720 19.390110 7.943802
vn -1.706717 0.836657 5.777138
v -30.070709 22.341120 5.671783
vn -1.409174 0.420625 5.818531
v -35.482700 26.854120 3.922485
vn -3.210643 -2.257701 4.671127
v -38.513699 23.548120 1.852982
vn -1.174655 0.399062 5.826641
v -40.802700 31.545111 2.514206
vn -2.923833 -2.258917 4.866940
v -43.904690 27.804119 0.437057
vn -0.884313 0.579927 5.866725
v -46.278721 36.398121 1.145264
vn -2.634056 -2.126482 5.104899
v -49.386688 32.185108 -0.708023
vn -2.448852 -1.861555 5.301120
v -55.265720 36.677120 -1.867981
vn -0.653172 0.847189 5.862687
v -51.933689 41.460121 -0.210999
vn -0.545599 0.886463 5.901235
v -57.804722 46.251122 -1.550415
vn -2.229705 -1.721911 5.444131
v -61.761688 41.149120 -3.173477
vn -0.579298 0.849282 5.926257
v -64.190720 50.898121 -2.867615
vn -2.120328 -1.691056 5.531988
v -68.411697 45.223122 -4.625092
vn -0.619472 0.774453 5.972728
v -70.916702 55.400120 -4.210495
vn -2.010124 -1.640491 5.588905
v -75.000717 48.969120 -5.906464
vn -0.670139 0.671934 6.021550
v -77.397720 59.490120 -5.474640
vn -1.915371 -1.587620 5.663465
v -81.305710 52.587120 -7.151169
vn -0.658299 0.617098 6.049205
v -83.934708 63.685108 -6.646912
vn -1.807314 -1.521527 5.714605
v -88.039719 56.258129 -8.303131
vn -0.349579 0.256401 2.853144
v -90.927719 68.023117 -7.925339
vn -0.834009 -0.665781 2.722553
v -95.192703 60.225121 -9.524231
vn -1.233760 -1.668053 2.249697
v -96.769699 54.081120 -12.897140
vn -2.524494 -3.224815 4.655552
v -89.768723 50.628120 -11.677140
vn -2.493356 -3.242715 4.713736
v -82.903702 47.344120 -10.494230
vn -2.598161 -3.302047 4.611109
v -76.274696 44.034130 -9.141434
vn -2.741194 -3.388522 4.471957
v -69.679703 40.569111 -7.905548
vn -2.923641 -3.544914 4.207465
v -63.230679 36.674129 -6.728607
vn -3.109501 -3.693986 3.938495
v -56.802700 32.672131 -5.536896
vn -3.301562 -3.863291 3.610572
v -50.734711 28.728130 -4.352264
vn -3.557842 -3.900327 3.344771
v -45.021702 24.883129 -3.082199
vn -3.813260 -3.924043 3.009114
v -39.471710 20.658119 -1.830200
vn -3.795913 -4.665999 1.747821
v -39.149689 18.137119 -6.088989
vn -3.587758 -4.634640 2.204885
v -44.908718 22.205120 -7.170822
vn -3.343722 -4.674967 2.511292
v -50.779690 25.865120 -8.766739
vn -3.145599 -4.614280 2.845232
v -57.071690 29.415119 -10.076230
vn -3.010827 -4.498059 3.168721
v -63.586720 33.074120 -11.286740
vn -2.850947 -4.401194 3.417548
v -70.215714 36.507118 -12.408450
vn -2.763672 -4.339462 3.542686
v -76.946701 39.682121 -13.717350
vn -2.714968 -4.321641 3.586269
v -83.732712 42.762119 -15.168730
vn -3.073245 -4.129082 3.399597
v -90.612717 45.840130 -16.550840
vn -1.668348 -2.196477 1.563777
v -97.026718 49.746120 -18.468140
vn -3.618589 -5.050379 0.904490
v -37.739719 16.016121 -10.584530
vn -3.389846 -5.099953 1.388651
v -43.912689 19.946110 -11.861630
vn -3.196476 -5.117044 1.731958
v -50.114719 23.358120 -13.646440
vn -2.994072 -5.153711 1.946890
v -56.625702 26.656120 -15.170140
vn -2.927745 -5.092394 2.129567
v -63.385712 29.920111 -16.435940
vn -2.853558 -5.094341 2.187158
v -70.141708 33.176121 -17.725941
vn -2.775877 -5.122106 2.159566
v -76.973709 36.218121 -19.209730
vn -2.773680 -5.155275 2.059757
v -83.840714 39.214119 -20.962940
vn -3.239055 -4.840675 1.783390
v -90.750717 42.221119 -22.577841
vn -1.870404 -2.431355 0.865681
v -96.879707 46.580120 -24.601040
vn -3.307985 -5.324126 0.087643
v -35.940701 14.227120 -15.253740
vn -3.112217 -5.405273 0.398929
v -42.439732 17.917120 -16.933531
vn -2.912256 -5.466928 0.449605
v -48.945709 21.218121 -18.918949
vn -2.793319 -5.503738 0.413241
v -55.597691 24.470119 -20.760349
vn -2.713929 -5.508038 0.289314
v -62.425690 27.670111 -22.428631
vn -2.677506 -5.513652 0.136790
v -69.225723 30.916109 -24.174129
vn -2.574502 -5.571002 -0.032753
v -76.061722 34.156120 -25.980240
vn -2.571681 -5.583846 -0.231738
v -82.959702 37.427120 -27.798140
vn -2.889187 -5.335070 -0.398827
v -89.885696 40.676121 -29.506531
vn -1.605901 -2.738197 -0.087696
v -96.318710 44.718121 -31.099030
vn -2.734146 -5.360326 -1.475553
v -33.553680 13.158120 -19.692030
vn -2.532047 -5.373923 -1.530180
v -40.185699 16.918110 -22.127840
vn -2.304616 -5.362552 -1.811180
v -46.759739 20.612110 -24.619030
vn -2.180726 -5.317383 -2.009948
v -53.466709 24.121120 -26.700041
vn -2.126456 -5.283054 -2.205465
v -60.222691 27.693119 -28.706440
vn -2.012648 -5.263567 -2.398974
v -66.973709 31.306110 -30.795750
vn -1.928157 -5.225266 -2.572439
v -73.819717 34.867119 -32.834049
vn -1.895927 -5.177815 -2.715839
v -80.799698 38.400120 -34.688229
vn -2.018019 -5.122478 -2.708838
v -87.893723 41.885120 -36.354141
vn -1.032320 -2.601905 -1.277644
v -94.974716 45.462120 -37.859829
vn -1.800934 -4.827388 -3.395466
v -30.448700 13.529120 -23.494640
vn -1.520910 -4.664869 -3.690317
v -37.059719 17.886120 -26.392330
vn -1.216455 -4.406674 -4.058888
v -43.550690 22.214121 -29.213751
vn -1.032748 -4.226406 -4.309472
v -50.142731 26.376120 -31.672239
vn -0.998514 -4.148005 -4.396917
v -57.010712 30.209110 -33.746841
vn -0.866763 -4.085134 -4.506369
v -63.816700 34.171120 -35.915039
vn -0.833293 -4.029246 -4.583414
v -70.697708 38.088112 -38.104431
vn -0.836046 -4.001292 -4.617091
v -77.714706 41.932121 -40.173340
vn -0.937628 -4.064918 -4.546331
v -85.069717 45.512119 -41.948441
vn -0.492976 -2.043223 -2.223804
v -92.600723 49.176121 -43.514339
vn -0.549346 -3.602916 -4.948590
v -27.131680 15.224110 -26.202841
vn -0.232224 -3.204133 -5.202888
v -33.819729 20.082121 -29.028931
vn 0.099078 -2.795049 -5.467533
v -40.400730 24.945120 -31.593229
vn 0.293958 -2.560093 -5.594043
v -47.070709 29.549129 -34.003941
vn 0.324970 -2.463577 -5.646872
v -53.807709 33.923119 -36.302929
vn 0.383121 -2.505004 -5.657814
v -60.621731 38.280109 -38.573841
vn 0.359901 -2.545072 -5.644956
v -67.596687 42.449120 -40.915539
vn 0.283907 -2.671371 -5.612804
v -74.653702 46.672131 -43.227940
vn 0.113544 -2.850187 -5.524874
v -82.011703 50.496120 -45.434940
vn 0.023786 -1.504227 -2.665952
v -89.577713 54.321110 -47.500839
vn -0.637970 3.045330 5.380354
v 25.111300 -10.960880 39.016560
vn -1.659950 2.538884 5.324915
v 21.153290 -11.005880 38.071461
vn -1.148168 3.870699 4.511372
v 23.599270 -9.260887 37.745159
vn -2.292751 -0.898280 5.500578
v 17.956270 -17.575871 38.124962
vn -4.037206 -4.312219 -1.547927
v -16.690701 -8.709877 7.486450
vn -2.732668 -5.554998 -0.809482
v -8.083710 -14.398890 9.502823
vn -2.481827 -5.686007 0.853436
v 2.348297 -18.097879 14.147460
vn -2.378968 -5.758887 0.607033
v -2.593719 -16.383890 10.599720
vn -0.877054 -5.964328 -1.362717
v -6.512726 -16.389879 15.907060
vn -1.353466 -6.074047 -0.192684
v -1.449738 -16.670879 15.454860
vn -1.270605 -6.076169 0.041602
v 3.643280 -17.593880 24.248659
vn -2.392218 -5.752415 0.589339
v 6.225311 -18.640881 21.991461
vn -2.792559 -5.553647 0.889630
v 8.602264 -20.219891 19.253160
vn -2.806023 -5.528609 0.991967
v 10.832310 -21.897881 15.984470
vn -2.893567 -5.085651 2.232709
v 13.012300 -19.141880 32.907860
vn -2.803137 -5.363276 1.568873
v 13.689300 -21.222879 28.991850
vn -2.519623 -5.623364 1.094538
v 14.801300 -22.676889 24.882971
vn -2.634023 -5.589530 1.042626
v 16.021271 -23.977880 20.751360
vn -3.164568 -4.937335 -1.678889
v 36.872280 -33.043880 22.607059
vn -2.056837 -5.804494 -0.131205
v 34.038300 -30.793880 20.935671
vn -4.361611 -4.078211 1.220397
v 35.531281 -32.127880 26.187059
vn -2.960308 -5.203298 1.574290
v 32.580292 -29.919880 24.059361
vn -2.858524 -3.849442 3.825040
v 33.511318 -27.701880 28.584061
vn -3.834168 -2.188484 4.095886
v 36.018280 -29.757879 29.913450
vn -3.855410 -1.593313 4.162777
v 38.259312 -31.977880 31.163670
vn -4.517824 -3.816635 1.134681
v 37.848301 -34.434879 27.734859
vn -3.054119 -4.639338 -2.133080
v 39.234280 -35.325871 24.032560
vn -3.821521 -1.569275 4.161439
v 40.411289 -34.287880 32.295261
vn -4.466455 -3.845167 1.125650
v 40.026279 -36.647881 29.019760
vn -3.003191 -4.474981 -2.358287
v 41.452301 -37.534870 25.411961
vn 0.156322 -0.571204 -6.091879
v -6.302704 2.111122 -21.296341
vn -2.185299 -1.976802 -5.384983
v -9.224701 -1.641884 -19.892441
vn -4.095328 -2.852772 -3.562572
v -12.099700 -4.563881 -16.307831
vn -4.963371 -3.385703 -1.682502
v -13.939730 -5.965874 -10.756130
vn -4.491660 -4.183010 -0.819370
v -8.980682 -13.423880 -8.206329
vn -3.721797 -3.378436 -3.079170
v -8.101715 -11.751880 -15.215130
vn -1.859124 -2.067809 -5.301381
v -5.348724 -7.726875 -19.491240
vn 0.056698 -0.573030 -6.123794
v -2.822723 -2.682884 -20.818150
vn -3.743285 -4.940952 -0.144113
v -2.178680 -19.588869 -6.744568
vn -3.187968 -4.135560 -2.730242
v -2.528717 -17.891880 -13.741440
vn -1.451524 -2.544705 -5.289833
v -0.323700 -13.497890 -18.345341
vn 0.192498 -1.022677 -6.141595
v 2.198273 -8.391884 -19.815540
vn -3.180618 -5.330340 0.338876
v 5.079315 -24.357889 -5.978607
vn -2.869460 -4.725511 -2.206451
v 3.301300 -22.695881 -12.081440
vn -1.300678 -2.875061 -5.123798
v 4.956268 -18.535879 -17.144640
vn 0.546924 -1.062899 -6.066617
v 6.956268 -13.466880 -18.721630
vn -3.179976 -5.358532 0.082655
v 7.384308 -25.726879 -6.917053
vn -2.849024 -5.151352 -1.790345
v 7.168304 -25.110880 -10.894940
vn -1.396327 -3.507272 -4.578862
v 8.304291 -22.561880 -15.563450
vn 0.811876 -1.329088 -5.882436
v 10.587310 -17.983879 -17.566540
vn 2.875479 2.923702 4.725078
v 68.174294 -60.354881 46.783360
vn 0.339688 -0.715052 4.128586
v 69.538300 -62.064869 47.058460
vn 3.181065 3.172398 4.299358
v 69.494293 -61.315880 46.639961
vn 3.147014 3.508565 4.124354
v 68.677277 -60.193871 46.332760
vn 4.167880 3.610360 2.749216
v 69.176300 -60.174870 45.852459
vn 4.074270 3.218414 3.138578
v 70.143280 -61.804878 46.466961
vn 0.466322 -0.670947 1.263416
v 71.099274 -63.485882 46.902660
vn 4.249781 3.428186 3.074346
v 67.549294 -58.324879 45.639561
vn 3.588244 3.575006 3.693419
v 68.084320 -58.931881 45.687462
vn 4.362484 3.678345 2.469963
v 68.013283 -58.300880 45.059460
vn 5.389226 2.674005 1.558013
v 66.848297 -56.387871 44.336861
vn 5.060621 3.525908 0.499613
v 69.014313 -58.459881 42.431561
vn 5.709046 2.165376 0.928276
v 67.623322 -56.388882 41.646061
vn 5.652170 2.385057 0.433811
v 68.201263 -57.634880 39.180859
vn 5.354589 3.010793 -1.138768
v 69.332314 -59.404881 39.766861
vn 5.400701 2.704626 -1.369836
v 70.454323 -61.136879 40.462662
vn 5.076519 3.420627 0.540875
v 70.264313 -60.322880 43.168861
vn 5.503828 2.177738 -1.613729
v 71.389313 -62.818871 41.003361
vn 5.219702 3.098934 0.527736
v 71.418297 -62.185871 43.815262
vn 0.908881 -1.191796 -0.684198
v 72.143280 -64.596870 41.487171
vn 1.388312 -1.038525 0.469360
v 72.630280 -64.465874 44.458160
vn 3.262570 -1.469668 -3.490140
v 71.228302 -63.342869 40.399158
vn 5.349946 1.806309 -2.713079
v 71.021271 -62.574879 40.412361
vn 5.285978 2.045809 -2.668463
v 70.387299 -61.592869 39.856461
vn 5.226527 0.936628 -3.214786
v 70.266273 -62.117882 39.317371
vn 5.594898 2.588697 -1.055482
v 69.310272 -59.847881 38.978760
vn 5.413519 2.389095 -2.075362
v 69.699310 -60.270882 39.554371
vn 4.856290 0.891332 -3.373011
v 68.908287 -59.854881 37.546360
vn 5.573419 2.136703 -1.413227
v 69.235321 -59.760872 38.405560
vn 5.279621 0.105695 -3.321798
v 70.126312 -62.531879 39.045170
vn 4.530302 -0.963154 -3.946714
v 69.976288 -62.977879 38.837158
vn 6.045539 1.592470 0.548760
v 68.105324 -57.027870 38.656361
vn 5.456468 1.929608 -1.308440
v 67.993317 -56.343880 38.013569
vn 5.089307 2.608582 2.399192
v 66.580292 -55.768879 44.484470
vn 6.018011 1.097312 1.291323
v 67.590302 -56.066872 41.561970
vn 5.413384 2.330905 1.061790
v 67.425262 -54.877880 41.263660
vn 3.645054 3.251665 3.436522
v 66.048309 -54.960880 44.556160
vn 4.068806 3.142153 3.445659
v 67.255280 -58.233879 46.035061
vn 2.524310 2.039362 5.239544
v 67.882294 -60.781879 47.194370
vn 2.366759 2.654613 4.882584
v 66.525299 -58.155880 46.606461
vn 1.184880 0.947053 5.871344
v 67.487267 -61.229881 47.469059
vn 1.087673 -0.357655 5.888970
v 69.008270 -61.972881 46.946259
vn -0.130810 -3.471828 3.112393
v 70.085297 -62.829868 46.243660
vn 2.851198 -1.738965 4.845461
v 69.018280 -63.529881 46.907360
vn 1.821041 -0.228372 5.786308
v 68.259308 -62.415871 47.346958
vn 1.109464 -4.955421 1.372952
v 71.355324 -64.061882 44.190861
vn 1.123804 -4.555843 -1.942325
v 71.318268 -64.078880 41.445358
vn 3.954298 -3.347604 2.019204
v 70.816307 -64.845879 44.428261
vn 4.671721 -3.122929 -1.763916
v 70.923309 -64.651878 41.183659
vn 4.924667 -1.705023 -2.962458
v 70.530296 -63.928871 39.897770
vn 3.992144 -2.083430 -3.700918
v 70.743317 -63.416882 40.269760
vn -2.594836 -0.944958 5.510185
v 64.935272 -61.156879 47.018661
vn -3.427793 -2.033469 4.805717
v 64.040314 -61.786869 46.251362
vn -3.126588 -2.602974 4.698162
v 65.210297 -62.939869 46.535770
vn -2.002036 -2.056380 5.324128
v 66.192291 -62.763882 47.198460
vn -2.313060 -0.404711 5.638328
v 63.717319 -59.273869 46.736061
vn -3.528789 -1.589408 4.874255
v 62.592319 -60.197880 45.837158
vn -2.021537 0.755488 5.490315
v 62.523281 -57.203880 46.286961
vn -3.803433 -0.999578 4.751675
v 61.129299 -58.416882 45.276459
vn -2.602726 -4.037226 3.568614
v 65.570282 -64.159866 45.935760
vn -0.077910 -3.465302 4.297940
v 67.888283 -64.201881 46.941559
vn -3.808578 -3.278481 3.556036
v 63.649261 -62.774879 45.371262
vn -4.134341 -2.821136 3.525337
v 61.790310 -61.189869 44.688560
vn -4.612203 -2.316446 3.169977
v 60.084320 -59.527870 43.823170
vn -1.940353 -3.504083 -4.440125
v 59.719269 -56.843880 34.576561
vn -3.966675 -3.869456 -2.527038
v 58.580292 -57.930870 36.857960
vn -4.240798 -4.234267 -1.719037
v 56.879299 -55.421879 36.073761
vn -2.654971 -3.908164 -3.292814
v 55.778290 -53.448879 33.439869
vn -4.419841 -0.961220 4.175474
v 57.974270 -54.775890 42.966358
vn -4.485093 -1.838400 3.290543
v 54.247280 -51.358879 40.278061
vn -5.126606 -3.052236 1.864744
v 56.106289 -54.260891 40.058861
vn -5.228180 -2.140209 2.380793
v 57.705292 -56.664879 41.738361
vn -4.692074 -3.690934 0.186956
v 53.571320 -52.357891 36.576859
vn -4.976240 -3.752125 0.136260
v 56.124298 -54.917881 38.037361
vn -5.130815 -3.288659 -0.073465
v 57.710300 -57.738880 39.401958
vn 1.058659 -1.808478 -5.557853
v 62.014309 -54.878880 33.299561
vn 0.602468 -2.366734 -5.403992
v 58.459320 -51.081890 31.272961
vn -3.023311 -3.824248 -3.092053
v 52.017300 -48.766880 31.117359
vn 0.269897 -2.746095 -5.328256
v 54.859280 -47.316891 29.259060
vn -5.021428 -3.282153 0.223681
v 50.393280 -47.989880 34.419361
vn -4.734085 -1.731637 3.203799
v 50.631321 -46.298882 37.678669
vn -2.739029 0.585371 5.236763
v 52.298309 -43.660881 39.557560
vn -2.429700 0.773365 5.365082
v 55.819309 -48.081890 41.836060
vn -2.437723 0.928345 5.420110
v 59.205292 -52.656879 43.997360
vn -4.758593 -3.555978 0.277765
v 59.638279 -60.684879 40.955860
vn -3.490476 -4.007075 -2.769366
v 60.763279 -60.908878 38.045860
vn -1.333650 -3.521110 -4.763314
v 62.884312 -60.165871 36.030861
vn 1.545468 -1.614346 -5.435353
v 65.468292 -58.769871 35.222961
vn 1.135067 -5.421481 -1.467610
v 68.997276 -65.859871 41.197861
vn 3.264905 -4.438430 -1.571573
v 70.435272 -65.208870 41.191559
vn 2.572152 -4.639683 1.916444
v 69.988312 -65.497871 44.438358
vn 0.589717 -5.300822 1.638747
v 68.798309 -65.941872 44.337460
vn 1.753940 -2.837723 4.798417
v 68.519318 -63.930870 46.953659
vn -1.736274 -5.319559 1.151811
v 66.263283 -65.756866 43.763161
vn -0.979881 -5.619459 -1.609938
v 67.114288 -65.723869 40.864658
vn -3.346174 -4.706872 0.893267
v 63.642300 -64.470879 42.897770
vn -2.329267 -5.068769 -2.123876
v 64.629303 -64.585876 40.017262
vn -3.081884 -4.504313 -2.407363
v 62.444309 -62.937870 39.182461
vn -4.160074 -4.087968 0.725265
v 61.455292 -62.736870 42.006561
vn 0.793421 -3.118509 -5.187591
v 67.617279 -63.042870 37.717159
vn 1.264718 -4.168025 -3.969344
v 68.659271 -64.631866 39.038559
vn -0.452126 -4.847005 -3.682979
v 67.298309 -64.852882 39.270359
vn -0.928845 -4.237326 -4.321774
v 66.004303 -63.790871 38.334171
vn 1.040733 -2.697946 -5.392990
v 66.479279 -61.021870 36.459759
vn -1.141584 -3.884250 -4.569308
v 64.420319 -62.150871 37.212761
vn 3.285034 -3.107230 -3.783131
v 69.977257 -64.127876 39.335758
vn 2.922242 -1.671387 -4.898384
v 69.102257 -62.570869 37.958359
vn 3.233073 -0.829271 -5.058848
v 68.106293 -60.164879 36.810558
vn 4.144781 0.812692 -4.322850
v 67.169281 -57.317879 36.191860
vn -0.029780 1.449246 5.816703
v 65.222321 -58.438881 47.015171
vn 0.913213 2.819056 5.287276
v 64.585297 -55.991871 46.012058
vn -0.737129 0.453012 5.876675
v 66.160309 -60.812870 47.485569
vn -0.172476 -1.090859 5.945761
v 67.269318 -62.540871 47.480160
vn 3.459400 0.142574 -5.157827
v 63.764309 -53.706890 34.060661
vn 4.737203 1.861121 -3.213505
v 65.067291 -52.699879 35.378559
vn 4.596295 1.343841 -3.731057
v 61.922272 -48.948879 33.093361
vn 3.122363 -0.435637 -5.344399
v 60.457310 -49.970879 31.878361
vn 4.474071 1.010032 -3.771999
v 59.268280 -44.761879 30.953960
vn 2.690284 -0.881810 -5.501379
v 57.325291 -46.094891 29.683470
vn 5.101481 2.956350 -0.432584
v 60.358311 -43.155880 34.896358
vn 5.046809 3.121989 -0.379135
v 62.774261 -47.050880 36.797958
vn 5.107671 3.252117 0.022609
v 65.309303 -51.004879 38.976261
vn 3.425318 3.578804 3.105664
v 63.936310 -50.584881 42.424461
vn 3.430481 3.687030 3.158214
v 61.155300 -46.488880 40.374359
vn 3.254208 3.570973 3.253885
v 58.446320 -42.209881 38.619461
vn 0.145820 2.699060 5.385663
v 55.341282 -42.536888 39.897362
vn 0.547697 2.788402 5.359835
v 58.508270 -46.947880 41.836658
vn 0.528547 2.829186 5.273267
v 61.602261 -51.330879 43.965462
vn 5.459183 2.453854 1.787305
v 41.746311 -24.459881 11.226350
vn 6.010768 1.271867 -0.347748
v 40.294281 -22.762890 14.837660
vn 5.442246 -1.642689 1.646299
v 40.576260 -27.570881 16.192459
vn 3.757438 0.270519 4.546799
v 41.113312 -28.913891 15.162570
vn 1.807567 -5.285546 2.147561
v 36.736301 -31.150890 16.842159
vn -0.369801 -3.105097 4.978367
v 37.010281 -32.219891 15.318560
vn 5.164669 3.259853 0.564113
v 41.196320 -21.633890 8.193726
vn 5.191428 2.807707 1.742010
v 41.556301 -22.935869 9.803299
vn 5.404175 2.202426 -1.307361
v 42.658291 -24.403879 6.084717
vn 5.181454 2.777153 -1.560354
v 41.837311 -22.960880 5.567032
vn 4.617048 1.576810 -3.610255
v 40.815281 -23.913891 2.913849
vn 4.343945 0.151172 -4.133221
v 41.217319 -26.287880 2.853088
vn 5.257303 2.196452 -1.255747
v 43.655300 -26.472879 6.723007
vn 3.447268 -0.333575 -5.022579
v 41.142300 -28.708891 3.021942
vn 4.419554 2.596642 -3.492753
v 37.530300 -19.636881 1.584961
vn 4.527544 3.688633 -1.908718
v 37.615261 -17.836880 3.667068
vn 4.812270 3.248580 -1.856683
v 39.825291 -20.298880 4.550690
vn 4.292449 2.046665 -4.024420
v 38.790310 -22.254881 1.572388
vn 4.735085 4.006638 0.177918
v 39.425259 -19.245890 8.009521
vn 4.470534 4.327944 -0.249791
v 37.631321 -17.316891 6.374573
vn 3.647087 1.041175 -4.897689
v 38.406281 -22.683880 1.065735
vn 4.199564 2.357195 -3.830477
v 35.838291 -18.629881 0.324188
vn 3.938104 0.119457 -4.820898
v 37.195278 -23.708891 0.202194
vn 4.526769 2.662311 -3.369820
v 34.164280 -17.600880 -0.935730
vn 4.364740 3.944163 -1.804263
v 34.868320 -15.218880 2.756317
vn 4.319765 3.909304 -1.904572
v 36.464260 -16.704889 3.269913
vn 4.341866 4.488876 0.093621
v 36.390289 -16.142879 6.804321
vn 4.629030 4.136199 -0.801728
v 35.166290 -14.944880 7.215149
vn 4.517489 4.073575 1.227893
v 39.237270 -19.179880 8.808334
vn 5.160809 3.355324 0.333643
v 38.668301 -19.167879 10.393740
vn 3.777388 4.978466 0.325823
v 23.417271 -0.866875 14.155560
vn 3.509782 5.158637 0.724653
v 19.733311 1.538124 14.999660
vn 4.417819 3.890875 -2.036742
v 28.879299 -10.025890 -0.044373
vn 4.406346 4.047675 -1.803436
v 22.907320 -4.022881 -1.287369
vn 4.485978 4.243365 -1.154894
v 25.218290 -5.437874 2.223450
vn 4.513076 4.229604 -1.102441
v 28.266270 -8.348885 3.561722
vn 3.931771 4.790722 -0.362661
v 19.653290 2.164116 9.540985
vn 4.151870 4.555971 -0.885362
v 23.774260 -1.247887 10.781690
vn 4.524382 4.158708 -1.294052
v 27.783291 -7.177879 6.097336
vn 4.478367 4.240562 -1.192695
v 24.389311 -4.034874 4.395905
vn 4.427357 4.288932 -1.212623
v 20.764311 -0.875877 1.934280
vn 4.387160 4.286535 -1.356469
v 23.855320 -2.580879 7.312042
vn 4.324861 4.432387 -1.054433
v 19.867279 0.933113 5.461746
vn 3.094380 5.282715 1.275873
v 17.747280 2.139122 19.502560
vn 2.238273 5.407347 2.171505
v 16.028290 1.832115 23.231661
vn 4.325257 3.425396 -2.943277
v 22.557280 -6.338875 -5.534241
vn 4.354280 3.261443 -3.115760
v 28.733311 -12.401880 -3.282471
vn 4.167072 2.844195 -3.724281
v 21.764311 -8.925880 -8.838333
vn 4.218436 2.800754 -3.699960
v 28.123320 -14.899880 -6.248688
vn 3.918363 2.343507 -4.295814
v 20.622280 -11.608880 -11.739240
vn 3.990422 2.519191 -4.136817
v 27.414280 -17.740879 -8.861328
vn 4.381714 3.199302 -3.138774
v 31.555269 -14.913890 -1.948898
vn 4.386010 3.964634 -1.878620
v 31.991301 -12.692880 1.517776
vn 4.511048 4.229342 -1.072639
v 31.669279 -11.511880 5.735977
vn 4.512909 4.074681 -1.575211
v 31.394320 -10.311880 8.406967
vn 4.762231 3.666999 -1.791503
v 34.942291 -13.378880 10.615540
vn 5.475646 2.602664 -1.517810
v 38.367279 -17.748880 12.425480
vn 5.291420 2.328920 -1.968870
v 34.822300 -27.133890 -7.089478
vn 5.623770 2.404661 -1.316231
v 34.847321 -26.590870 -5.781708
vn 6.009050 1.546798 -0.889124
v 35.786289 -29.530880 -5.692108
vn 5.533923 1.522247 -1.981550
v 35.404270 -29.022881 -7.380737
vn 5.752631 1.821896 -1.637650
v 34.999298 -25.915890 -3.996597
vn 6.077243 1.405379 -0.345221
v 36.081268 -30.073879 -3.992111
vn 4.980655 2.816360 -2.505915
v 33.324310 -23.969891 -6.297348
vn 5.001390 2.173630 -3.075025
v 33.065281 -22.331890 -5.180389
vn 4.739658 2.931266 -2.674949
v 33.726292 -25.514879 -7.506348
vn 3.454052 0.278020 -5.181520
v 33.188259 -32.187870 -10.367430
vn 4.976418 0.860291 -3.383015
v 35.488312 -31.337879 -8.297836
vn 5.028248 1.713162 -2.870820
v 36.495270 -33.251881 -7.477448
vn 2.881119 0.421364 -5.447311
v 33.053310 -33.690880 -10.582240
vn 4.560096 0.699877 -4.011315
v 35.045319 -30.756870 -8.770142
vn 3.513043 0.530785 -5.079273
v 33.353298 -30.681881 -10.211550
vn 4.192134 1.814559 -4.057339
v 33.793301 -27.882879 -9.216537
vn 3.857764 2.631625 -4.039149
v 32.181301 -25.091881 -9.140228
vn 3.037338 1.888796 -5.078867
v 31.488310 -26.905880 -10.517640
vn 2.968626 1.018180 -5.376759
v 31.962311 -29.061880 -10.807040
vn 2.555266 1.736092 -5.394017
v 30.170321 -26.399879 -11.021550
vn 2.415404 0.619313 -5.728485
v 31.390289 -29.514879 -11.132450
vn 1.924960 0.280878 -5.912558
v 29.982269 -30.464880 -11.767440
vn 2.293422 1.358330 -5.618491
v 28.823271 -25.908880 -11.462430
vn 3.947227 2.633687 -3.997319
v 30.212311 -22.030880 -8.989243
vn 3.877647 2.667615 -3.953837
v 31.680269 -24.235880 -9.068939
vn 4.841885 1.870312 -3.485569
v 33.712311 -20.004881 -3.038895
vn 5.287817 0.429947 -3.199644
v 35.603298 -24.543880 -1.537750
vn 4.545436 -0.570758 -3.298451
v 36.433319 -28.497890 0.621307
vn 5.863926 0.383121 1.277040
v 35.994289 -32.640881 -1.213898
vn 4.692196 -1.159899 -2.770605
v 36.149261 -31.901880 1.316650
vn 2.964643 -4.460313 -1.000044
v 35.524261 -35.392879 1.779327
vn 2.925742 -2.381364 3.941617
v 34.987270 -35.937870 0.442886
vn 1.182369 -3.393792 -4.381436
v 36.746311 -35.193890 2.716293
vn 2.376420 -1.206708 -5.630220
v 38.753269 -31.826880 2.817581
vn 4.379835 2.546799 -3.706055
v 30.400299 -19.907881 -7.096237
vn 4.394980 2.631654 -3.621151
v 31.044279 -17.372890 -4.662079
vn 2.436224 1.171940 -5.625339
v 5.119293 -0.931877 -18.751829
vn 2.041379 0.478239 -5.883151
v 6.131317 -6.108879 -19.093929
vn 1.327437 0.252133 -6.079407
v 1.548309 -3.141884 -20.207140
vn 1.852273 0.970428 -5.844724
v -0.869721 3.510124 -20.147430
vn 1.558705 -0.127888 -6.036929
v 6.909271 -10.305890 -18.975140
vn 1.062405 -0.262395 -6.158339
v 3.558319 -7.290886 -19.758539
vn 2.002386 -0.054590 -5.922683
v 10.869290 -14.315880 -17.707840
vn 2.446104 0.492716 -5.757465
v 10.664280 -10.113880 -17.555830
vn 2.889189 1.116582 -5.430566
v 10.203280 -5.478874 -17.195940
vn 2.048834 -0.336966 -5.914714
v 15.084320 -18.834881 -16.003139
vn 2.509338 0.369168 -5.741386
v 15.286290 -14.587880 -15.865430
vn 3.128082 1.167115 -5.253681
v 15.133270 -10.168880 -15.468640
vn 1.666182 -0.453043 -6.026982
v 19.231291 -23.203880 -14.373730
vn 2.390386 0.335036 -5.783379
v 20.120270 -19.265881 -14.118350
vn 3.226038 1.390248 -5.088917
v 20.744289 -15.345880 -13.388840
vn 1.211022 -0.316387 -6.127332
v 23.518280 -27.563881 -13.083630
vn 2.213666 0.571377 -5.810614
v 25.122280 -23.932880 -12.571440
vn 3.221166 1.739334 -5.030331
v 26.461269 -20.607889 -11.217440
vn 3.575219 2.069150 -4.624849
v 28.733311 -21.730869 -10.121930
vn 2.230974 0.901129 -5.756680
v 26.947300 -24.960880 -11.997740
vn -1.210750 -2.349489 -5.140615
v 22.972321 -32.676891 -12.444950
vn 1.001982 -0.091643 -6.130590
v 25.141270 -28.876881 -12.819240
vn 1.035389 -0.073872 -6.110538
v 26.959320 -30.254881 -12.516850
vn -1.407937 -2.587571 -4.802099
v 24.462311 -34.381870 -12.056440
vn 0.966998 -0.698759 -6.089142
v 28.476290 -33.355869 -12.054640
vn -1.752019 -2.719630 -4.542745
v 26.204321 -36.391880 -11.492340
vn 1.007536 -0.623901 -6.081787
v 30.593290 -36.195881 -11.366240
vn -2.004128 -2.574747 -4.586335
v 27.854280 -38.474880 -10.919340
vn 3.961838 1.715446 -3.761316
v 49.861301 -39.266880 7.492859
vn 5.031092 3.201533 0.096052
v 49.341282 -36.452869 10.565690
vn 5.079678 3.230304 0.026072
v 50.772308 -38.665890 11.089140
vn 4.896156 2.392318 -2.779657
v 50.883270 -40.316891 8.400162
vn 4.949070 3.660288 -0.353780
v 51.556301 -39.955879 11.284030
vn 5.040082 2.777329 -2.356571
v 51.872280 -41.376881 9.332825
vn 3.946127 3.827795 2.759636
v 49.880280 -38.855869 14.045260
vn 4.302544 4.059500 1.658808
v 51.400299 -40.180889 13.669070
vn 3.595634 3.360730 3.700714
v 48.293301 -37.612881 14.429060
vn 4.442471 1.714939 -4.031560
v 51.509312 -42.059879 8.341827
vn 3.176467 0.722041 -5.105155
v 50.451260 -41.796879 7.385956
vn 2.741646 -0.039639 -5.400718
v 51.332310 -44.228870 7.668182
vn 4.132145 1.095100 -4.448968
v 52.322300 -43.737881 8.480667
vn 4.532041 0.256860 -4.177736
v 53.109280 -45.369881 9.031662
vn 3.059730 -0.662351 -5.244201
v 52.336269 -46.502880 8.417084
vn 5.162522 0.303587 -3.381021
v 53.836269 -46.879879 9.899902
vn 3.947076 -0.316270 -4.511275
v 53.599270 -48.479881 9.527405
vn 5.624264 0.947548 -2.338560
v 53.924290 -45.277889 10.321560
vn 5.269670 1.359580 -2.784309
v 53.469269 -44.379879 9.717743
vn 4.944963 1.936228 -3.042697
v 52.922272 -43.429878 9.298370
vn 4.845339 2.427974 -3.001137
v 52.326260 -42.434879 9.129929
vn 5.223994 2.462391 2.008548
v 53.649261 -43.917881 14.918060
vn 5.836306 1.936729 -0.037928
v 54.496311 -45.148891 12.807660
vn 5.630813 2.180120 -0.214325
v 53.990261 -43.531879 12.363620
vn 4.636302 3.115175 2.457176
v 53.056301 -42.915890 14.961460
vn 5.130814 2.936887 -0.359655
v 53.419281 -42.273891 11.990100
vn 4.329546 3.595229 2.429074
v 52.448269 -41.947880 14.723460
vn 4.250461 3.834626 2.296399
v 51.846279 -41.031879 14.321960
vn 4.854679 3.571755 -0.490026
v 52.612270 -41.174870 11.653400
vn 5.489879 1.886826 -0.600705
v 55.896271 -48.804878 13.508960
vn 5.698275 1.976493 -0.341042
v 54.958279 -46.397881 13.024170
vn 4.839861 2.376067 2.813756
v 53.810268 -45.386879 15.985660
vn 4.264505 2.421662 3.512728
v 53.895290 -46.889881 17.012270
vn 3.771554 2.839668 3.996151
v 52.778290 -43.677879 15.944760
vn 2.977304 2.708865 4.752512
v 52.226292 -44.605869 16.918671
vn 2.285055 3.002648 4.973756
v 50.623322 -42.330879 16.413561
vn 3.176744 3.347592 4.104992
v 51.712311 -42.014881 15.597460
vn 3.316821 3.708528 3.741270
v 50.699310 -40.438881 14.927260
vn 2.585042 3.213113 4.681073
v 49.225311 -40.014881 15.585570
vn 3.707822 0.959055 -4.195508
v 45.837311 -33.653881 5.404312
vn 5.211326 2.817499 -0.393347
v 46.516270 -31.631870 8.763184
vn 4.498949 2.946428 2.914423
v 44.949310 -31.121880 12.606380
vn -0.589823 -2.850659 -5.303937
v 40.982269 -39.261879 5.072815
vn 1.648652 -0.894654 -5.926666
v 43.371311 -36.681881 4.657928
vn 1.487366 -0.628715 -5.895765
v 47.705292 -41.831890 6.315704
vn -0.979600 -2.490569 -5.475479
v 44.844269 -44.020882 6.766754
vn 1.633892 -1.510738 -5.807457
v 51.503269 -49.788891 8.844055
vn 1.202768 -1.519021 -5.898293
v 50.396271 -47.910881 8.043472
vn 0.953290 -1.371476 -5.980810
v 49.365261 -45.901878 7.378311
vn 1.011679 -1.066727 -6.012924
v 48.444309 -43.857891 6.813110
vn -1.094530 -2.368532 -5.518462
v 46.074310 -45.690880 7.265900
vn -1.145660 -2.285037 -5.521618
v 47.192291 -47.440880 7.762466
vn -0.955389 -2.343453 -5.437372
v 48.229279 -49.239880 8.257660
vn -0.796816 -2.439466 -5.449633
v 49.224270 -51.008888 8.913818
vn 2.065772 1.817781 5.412008
v 43.708279 -33.472881 14.971560
vn 1.938310 2.549038 5.333709
v 47.031281 -38.334881 15.607060
vn -0.529189 0.407913 6.036277
v 41.382290 -35.789879 15.746460
vn 0.135454 1.456712 5.957265
v 45.689301 -39.433880 16.323259
vn 1.521532 2.605230 5.486581
v 48.290310 -40.643879 16.294270
vn 1.399734 2.615077 5.520207
v 49.671299 -42.845879 16.997070
vn 1.876182 2.538447 5.390852
v 51.115261 -45.006870 17.638149
vn 2.460195 2.434714 5.189761
v 52.510281 -47.166882 18.052959
vn 0.212519 1.834977 5.767921
v 49.918301 -45.579891 18.212950
vn 0.324932 1.736773 5.803443
v 51.052280 -47.806881 18.799650
vn -0.027196 1.932045 5.850171
v 48.626308 -43.489880 17.467159
vn -0.016725 1.658610 5.933767
v 47.194309 -41.452869 16.829069
vn -3.707861 -3.385430 -2.524913
v 42.946320 -46.980869 9.538132
vn -3.725671 -3.532710 -2.536731
v 41.655300 -45.143879 9.038864
vn -4.549955 -3.052863 1.925945
v 42.200291 -46.173882 13.521870
vn -4.624206 -3.035477 1.864333
v 40.779270 -44.296879 12.984950
vn -2.898848 -0.416447 5.013810
v 43.927280 -43.833889 16.593349
vn -2.837346 -0.864917 5.174120
v 42.403290 -41.927879 15.870450
vn -2.960866 -0.241080 4.762159
v 45.250271 -45.799870 17.365259
vn -4.871535 -2.949507 1.941951
v 43.702301 -47.944881 14.060460
vn -3.908318 -3.193360 -2.507531
v 44.193272 -48.782879 10.078160
vn -3.004358 -0.472410 4.760083
v 46.532318 -47.925880 17.972349
vn -5.304210 -2.448071 1.823621
v 45.084320 -49.868870 14.625060
vn -3.940639 -3.081955 -2.346446
v 45.285309 -50.687870 10.653050
vn -3.155087 -0.056385 4.861532
v 47.878269 -50.402889 18.601870
vn -5.402023 -1.596548 1.572140
v 46.031281 -52.504879 15.484470
vn -4.016030 -2.859357 -2.720480
v 46.527309 -52.841881 11.349060
vn 5.618487 2.323169 1.447005
v 62.154270 -66.062866 21.172359
vn 4.643991 3.112607 2.596813
v 63.441311 -69.131866 22.847460
vn 5.352049 2.271073 -0.646731
v 64.492279 -69.702873 20.345961
vn 5.771422 2.115789 -0.475776
v 62.625271 -66.307877 19.067961
vn 5.520851 1.023412 -2.685656
v 62.344269 -67.411873 17.281660
vn 4.764939 0.780049 -3.726793
v 63.703281 -70.691872 18.208561
vn 0.697758 -1.586812 -0.849740
v 64.854279 -74.081871 19.012270
vn 1.323558 -1.067933 0.374496
v 66.129303 -73.542870 21.472759
vn 0.486908 -0.601080 1.112576
v 65.098297 -72.324883 23.824970
vn 3.750923 -0.083241 -5.026265
v 63.231289 -71.164879 17.807360
vn 4.333944 0.110751 -4.536531
v 62.320278 -69.805870 17.081470
vn 3.475436 -0.858878 -5.133326
v 62.750271 -71.684883 17.526150
vn 1.252353 -2.385057 -4.308125
v 63.764309 -73.040871 18.203461
vn 4.004326 3.047591 3.760516
v 63.001308 -68.985878 23.215160
vn 3.554623 1.548848 4.549803
v 63.616299 -70.723869 23.974560
vn 4.694273 2.835959 2.702836
v 62.485321 -68.882881 23.656269
vn 5.148913 2.567369 2.304622
v 61.940281 -67.119881 22.841961
vn 5.797281 1.798895 1.506973
v 61.835300 -65.136879 21.410959
vn 5.927892 1.484879 -0.332277
v 62.445278 -65.663872 18.839460
vn 5.635540 1.833296 -0.592321
v 62.147308 -64.512871 18.377171
vn 5.004132 2.575395 2.161160
v 61.469269 -64.246880 21.719860
vn 5.649396 0.529297 -2.545516
v 61.953281 -66.947884 16.518551
vn 4.363448 0.230595 -3.784049
v 61.554291 -66.546883 15.723460
vn 4.929620 -0.058413 -3.876026
v 62.020290 -69.604881 16.760071
vn 3.891188 -0.804697 -4.565188
v 61.629299 -69.549873 16.200260
vn 3.255427 -1.364435 -5.061304
v 62.087311 -71.515877 16.972260
vn 3.846229 -0.898057 -4.840358
v 62.511318 -71.623878 17.324160
vn -0.583491 -5.649554 -0.646627
v 64.374298 -73.754883 19.313351
vn 1.639478 -3.879703 1.807930
v 64.724274 -73.025871 21.229370
vn 4.000215 -3.560886 0.952170
v 64.416290 -73.832878 21.494350
vn 2.423912 -5.053833 -1.968141
v 63.652309 -74.154877 19.517059
vn 3.513846 -2.415122 3.100005
v 64.060272 -73.048882 23.447861
vn 0.516280 -3.130766 2.676954
v 64.443268 -71.988876 23.080959
vn 1.793798 -3.295416 -4.609473
v 63.247280 -73.084877 18.330660
vn 2.806077 -3.030348 -4.260665
v 62.739288 -73.477882 18.080170
vn 4.236900 0.456604 -4.013116
v 57.831268 -57.282879 12.988360
vn 5.438275 2.105201 -0.193306
v 58.915310 -56.321880 16.036160
vn 4.487392 2.781708 3.108919
v 57.322300 -55.718880 19.411160
vn -0.577572 -2.095919 -5.756164
v 53.754299 -59.661869 12.135390
vn 1.792029 -1.139375 -5.794647
v 55.757290 -58.601879 12.063130
vn 2.179961 -0.982271 -5.699832
v 59.801300 -67.545883 14.857560
vn 0.049840 -2.036266 -5.702957
v 57.889309 -68.654877 14.679370
vn -3.701876 -4.344254 -1.832121
v 56.564301 -72.183884 17.930660
vn -2.119023 -4.090876 -4.021879
v 57.680271 -72.217873 16.948959
vn -2.073079 -4.644479 -3.458289
v 58.576260 -73.293877 17.727970
vn -2.789446 -5.128358 -1.318016
v 58.374298 -73.692879 18.640459
vn -2.289097 -3.630938 -4.281471
v 56.607269 -70.720879 16.123760
vn -4.267954 -3.843705 -1.934779
v 55.018280 -70.349876 17.374660
vn -2.473917 -3.035523 -4.419069
v 55.570278 -69.195869 15.414060
vn -4.566823 -3.370606 -2.124722
v 53.662258 -68.362877 16.833469
vn -0.864133 -4.637206 -3.642344
v 59.767300 -73.755882 17.752661
vn -1.216897 -5.581547 -0.962767
v 60.464260 -74.701881 19.445560
vn -0.329790 -3.464561 -5.026536
v 59.224270 -72.179878 16.490660
vn -0.090308 -2.837783 -5.397388
v 58.559299 -70.463867 15.491670
vn 0.865455 -4.248242 3.721782
v 62.489288 -73.679878 23.679569
vn 1.126641 -5.411489 1.353573
v 62.624298 -74.708870 21.665770
vn 0.914894 -5.312616 -1.498096
v 62.129299 -74.819878 19.476959
vn -1.204464 -5.686056 1.592691
v 61.127289 -74.619881 21.553770
vn -1.412108 -4.750292 3.437230
v 60.759312 -73.599876 23.466961
vn 0.958027 -3.841973 -4.186945
v 61.438259 -73.740883 17.654160
vn 1.457334 -2.516592 -5.319741
v 60.809299 -71.926872 16.484249
vn 1.888471 -1.821158 -5.587534
v 60.252289 -69.921883 15.592560
vn -3.057765 -5.036308 1.276405
v 58.273281 -73.606880 21.043560
vn -4.253775 -4.199852 0.805529
v 56.109280 -72.009880 20.417471
vn -4.977639 -3.540522 0.488316
v 54.452301 -70.014870 19.719860
vn -5.310050 -3.098541 0.392463
v 53.010281 -67.812866 18.971951
vn -5.038220 -2.110004 2.623625
v 53.246311 -67.178871 21.170870
vn -4.706036 -2.543682 2.833931
v 54.660309 -69.193871 22.024771
vn -4.070958 -3.265657 3.045637
v 56.335300 -71.047867 22.762051
vn -2.987306 -4.278092 3.117879
v 58.371311 -72.605873 23.211670
vn -2.607634 -3.182504 4.524246
v 58.656281 -71.909866 24.084261
vn -2.977136 -2.133727 4.849257
v 57.652309 -70.702873 24.176359
vn -3.235257 -1.333172 4.939719
v 56.518280 -69.041878 24.039660
vn -3.360558 -0.456093 4.879177
v 55.466282 -67.306877 23.707060
vn -0.836246 1.096568 5.696898
v 58.578281 -66.793877 24.992769
vn -1.346262 -0.138833 5.977719
v 59.051300 -68.633873 25.108570
vn -1.648619 -1.284123 5.774323
v 59.571320 -70.462883 25.056259
vn -1.632953 -3.190511 4.866220
v 60.120270 -72.210876 24.577959
vn 4.119876 1.275635 4.421208
v 63.446320 -70.772881 24.120359
vn 2.807185 -0.670150 4.890372
v 62.923309 -71.515877 24.751659
vn 2.572083 1.109509 5.249035
v 61.837311 -69.470879 25.072660
vn 4.499253 2.385944 3.286702
v 62.340302 -69.107872 24.477261
vn 5.528931 2.221809 1.966166
v 61.796299 -66.991867 23.121771
vn 4.272982 2.472934 3.492133
v 61.256321 -66.481880 24.005859
vn 2.627625 2.788293 4.597957
v 60.170319 -65.005882 23.945770
vn 3.016976 2.803863 4.694319
v 56.287258 -56.312870 20.682949
vn 0.367406 1.991266 5.582425
v 55.310268 -57.200871 21.608370
vn 1.567260 1.736238 5.415894
v 60.478298 -67.361870 25.005859
vn 0.336008 -0.073490 6.039575
v 60.895290 -69.818871 25.320070
vn 0.372118 -2.152895 5.253533
v 61.628269 -71.974876 25.021959
vn -4.976889 -2.846961 -1.754652
v 51.537258 -64.960876 16.292049
vn -3.701029 -2.641711 -3.439533
v 50.751308 -61.704868 14.072750
vn -3.414030 -0.017436 4.618517
v 51.248322 -59.885872 21.082150
vn -5.077691 -1.727533 2.937585
v 51.575291 -63.872871 20.330059
vn -5.516250 -2.554450 0.574382
v 51.034271 -64.264870 18.272261
vn -5.333490 -1.995070 0.985864
v 48.973301 -59.924870 17.378361
vn -1.250926 4.506131 3.851277
v -10.404690 -23.040890 60.849060
vn -1.864823 4.192146 3.800011
v -10.553680 -23.467890 61.280170
vn 2.100079 4.193547 3.613878
v -7.213715 -22.759880 60.374962
vn 0.439380 4.843483 3.653625
v -8.409698 -21.847879 59.623371
vn -2.053122 4.316508 3.338061
v -10.577730 -24.978870 63.032059
vn 3.305171 3.993347 2.826434
v -6.176727 -23.958891 60.962971
vn -4.966112 2.036081 2.826556
v -13.249730 -24.741871 59.459461
vn -5.695323 1.687237 1.650213
v -13.734710 -26.738880 59.622261
vn -3.774382 3.521378 3.220188
v -12.383700 -22.924870 59.072861
vn 0.676236 5.274147 3.009183
v -8.153717 -20.692881 57.752861
vn -1.774103 4.983526 3.092476
v -10.701690 -21.193890 58.120670
vn -3.995955 3.736158 2.664454
v -12.868680 -22.104879 57.385471
vn -1.872480 5.089570 2.923410
v -10.976720 -20.010889 55.823170
vn -4.126841 3.875920 2.396472
v -13.187710 -21.355869 55.630161
vn 1.049328 5.459030 2.527828
v -8.111725 -19.705879 55.772060
vn -3.851959 4.082998 2.688685
v -13.115690 -20.326880 53.995861
vn -2.406801 4.794878 3.105669
v -11.548740 -18.729879 53.252060
vn 0.217022 5.402517 2.936876
v -9.273712 -18.792879 54.188160
vn 5.171150 2.990026 1.472732
v -5.233734 -22.424870 56.402561
vn 3.381013 4.192673 2.381047
v -6.654694 -21.019871 57.376270
vn 3.199651 4.804025 2.185418
v -6.996735 -19.581890 54.250660
vn 4.933157 3.228982 1.685853
v -5.547699 -20.071880 52.344959
vn 1.924061 5.021796 2.854655
v -7.764679 -17.641880 51.508060
vn -1.702341 4.815524 3.228507
v -11.393710 -17.610880 51.760262
vn -4.471296 3.310695 2.424163
v -14.209690 -19.537880 51.323261
vn -5.521626 1.745353 1.837494
v -13.972690 -23.395880 56.643459
vn -6.150370 0.397618 0.911012
v -14.515720 -25.524879 55.367561
vn -5.386493 2.332366 1.962576
v -14.065700 -21.620890 53.962860
vn -6.002765 0.729992 1.370339
v -14.754730 -22.267879 52.217960
vn -5.704880 -1.809541 -0.525397
v -14.780730 -25.705879 50.702961
vn -5.598320 -1.792761 -0.889070
v -14.510710 -28.159870 53.848160
vn -5.515792 -1.606847 -0.748258
v -14.404690 -30.118870 57.042858
vn -2.719119 -4.353061 -2.580461
v -12.122710 -30.846889 52.440769
vn -2.388502 -4.607529 -2.416086
v -11.731720 -33.022881 55.886761
vn -3.269478 -4.288187 -2.508196
v -12.488680 -28.464880 49.254559
vn 1.691912 -4.846807 -2.965175
v -8.094696 -31.096889 52.352459
vn 1.934829 -4.715138 -2.646677
v -7.558685 -33.382881 56.199970
vn 1.169060 -4.941303 -2.954092
v -8.622711 -29.122890 48.767960
vn 5.037832 -2.616362 -1.772472
v -4.875702 -28.821880 53.380161
vn 5.202441 -2.416959 -1.698844
v -4.443695 -30.749889 57.464161
vn 4.746115 -2.840658 -1.912706
v -5.250702 -27.001881 49.426159
vn 6.022373 0.557894 -0.108657
v -4.026703 -25.277889 55.090462
vn 5.731208 1.386160 0.149380
v -3.733734 -27.083891 59.396358
vn 5.984600 0.277385 0.034054
v -4.186737 -23.213869 51.082859
vn -0.132724 4.992335 3.384549
v -6.178680 -29.370890 70.224663
vn 0.052960 1.263137 -1.341972
v -8.985687 -28.800880 69.405663
vn -0.816468 5.644121 1.798521
v -8.667694 -30.476879 74.631660
vn 2.070691 5.695899 1.594973
v -5.362701 -31.128880 74.161461
vn 2.009202 0.824149 2.071110
v -5.690704 -31.882879 78.513657
vn -0.076232 1.045110 2.496315
v -8.508698 -31.821880 79.828163
vn -1.732844 -0.083809 2.146569
v -11.145720 -33.196880 79.010262
vn -3.994832 4.367166 1.704892
v -11.564730 -31.989880 74.414963
vn -1.852381 4.920052 3.272468
v -11.588710 -30.063881 70.079063
vn 2.506374 5.575186 1.362261
v -5.176727 -31.300880 74.493660
vn 0.483651 5.042216 2.285991
v -5.081696 -30.784870 72.490662
vn 3.166726 4.962737 1.904654
v -4.614716 -31.695881 75.189362
vn 4.095586 3.014017 2.193160
v -5.055695 -31.874889 76.879761
vn -4.961217 3.595484 1.377018
v -11.946690 -32.703880 74.865662
vn -4.549907 0.885999 2.594579
v -11.779690 -33.437870 77.613159
vn -5.223971 2.860678 1.813733
v -12.291720 -33.670879 76.165161
vn -2.615385 4.219327 2.665172
v -12.456700 -32.499889 72.680962
vn 0.754649 5.134746 2.973268
v -5.414703 -28.926889 69.912064
vn 1.206206 5.008696 2.518542
v -4.501678 -30.546881 72.426559
vn 4.802582 2.943943 1.322071
v -3.611725 -30.960880 71.827461
vn 3.064814 4.518319 1.880765
v -4.810699 -28.799870 69.209259
vn 4.601993 2.973716 2.305372
v -3.979706 -32.185871 75.121559
vn 5.617806 0.589881 1.748844
v -3.644684 -32.893879 74.908958
vn -0.821342 4.606117 4.135476
v -9.073700 -28.801889 69.390373
vn -2.907917 4.386368 2.346357
v -12.483730 -30.023890 69.751762
vn -1.182683 5.086951 2.925485
v -9.346710 -27.791880 68.076157
vn -4.607198 3.470105 1.531365
v -13.090730 -30.358879 69.104759
vn -5.770890 1.407467 1.385582
v -13.794710 -33.251881 71.458862
vn -3.278390 3.498347 2.636616
v -13.127720 -32.389881 72.445763
vn -5.315145 1.348495 2.103046
v -12.969700 -34.385891 75.474457
vn -5.556735 -0.907033 1.638280
v -13.283720 -35.229881 74.668961
vn 3.237456 -1.301644 4.681987
v -5.575714 -34.173882 77.629059
vn 4.963066 -0.149807 3.372940
v -4.329681 -33.666882 76.406059
vn 4.849792 1.397176 3.342754
v -4.676727 -32.557880 76.638573
vn 3.938181 -1.556357 4.353335
v -5.811737 -32.701881 77.778763
vn -2.102970 -2.924421 4.812001
v -10.695710 -33.840870 78.295860
vn 1.139701 -2.360585 5.563699
v -8.251678 -33.196880 78.847359
vn 0.842805 -1.989272 5.142345
v -8.050690 -34.647881 78.642273
vn -1.923465 -2.203091 4.838728
v -10.634740 -35.199879 78.087357
vn -4.574983 -1.537806 3.525805
v -12.278720 -35.353870 76.628357
vn -4.866401 -0.191720 3.555440
v -12.055690 -34.244881 77.098160
vn 4.626889 -2.333413 2.517943
v -4.315704 -34.956890 75.959557
vn 5.308088 -2.546197 1.013754
v -3.939728 -35.005878 74.580856
vn 3.441670 -4.710102 1.372566
v -5.387726 -36.682880 74.604462
vn 3.050970 -3.862969 3.318069
v -5.474701 -35.821880 76.458359
vn -5.357624 -0.928930 0.159172
v -14.610690 -34.221889 68.231163
vn -5.216302 -2.499467 0.549842
v -13.709690 -35.886879 71.431763
vn -4.255247 -3.979069 1.383054
v -12.457730 -36.828880 74.602257
vn -2.458472 -5.300921 0.064322
v -11.498690 -38.068890 71.030960
vn -1.674360 -5.541376 1.409806
v -10.955720 -37.811878 74.458160
vn -3.036716 -4.784455 -1.060129
v -12.087740 -37.389881 67.116364
vn 1.249494 -5.646255 0.118030
v -7.912689 -38.501881 70.947861
vn 1.110936 -5.599362 1.765326
v -8.063690 -37.860882 74.713860
vn 1.150296 -5.311057 -1.209177
v -7.991730 -38.199879 66.817558
vn 4.302394 -4.246492 -0.139464
v -4.867706 -36.569881 71.069359
vn 4.604849 -3.807218 -1.020902
v -4.608734 -35.665890 67.072563
vn 5.766020 -1.429631 0.357448
v -3.244720 -33.840870 71.610764
vn 5.502441 -0.039111 0.187639
v -2.700714 -32.239880 68.789558
vn 1.137189 -4.477326 3.639060
v -7.954681 -36.732891 76.934860
vn -1.248715 -4.478127 3.391294
v -10.656710 -36.999889 76.637459
vn -3.622236 -3.521893 2.789602
v -12.002720 -36.584881 76.108856
vn -1.581851 4.822711 3.077076
v -9.894684 -26.431881 65.437561
vn -4.893604 3.061524 1.698234
v -13.491730 -28.778879 64.264061
vn 2.726643 4.639734 2.150657
v -5.467682 -26.559879 64.969963
vn 5.299806 1.026837 0.020321
v -2.784698 -29.534870 63.870361
vn 4.971906 -3.096991 -1.561712
v -4.288727 -33.323879 62.248859
vn 1.597179 -4.926384 -2.237649
v -7.627716 -36.077869 61.247559
vn -2.817626 -4.587518 -1.953009
v -12.065700 -35.507881 61.386459
vn -5.426854 -0.964041 -0.353200
v -14.759740 -32.280880 62.679859
vn 5.989455 0.379001 -0.796635
v 48.660309 -66.923882 1.377899
vn 5.865770 2.014807 0.907006
v 49.365261 -69.419884 2.391846
vn 5.579194 1.565797 -1.481638
v 49.859280 -70.259880 -0.010620
vn 6.013838 0.544544 -1.281279
v 48.521271 -67.211884 -0.736145
vn 5.554095 0.217112 -2.826020
v 47.926300 -68.071877 -2.583374
vn 4.570431 0.203602 -4.027211
v 48.698269 -71.332878 -2.312592
vn 1.764563 -2.488162 -1.717444
v 49.718288 -74.317879 -1.115921
vn 3.568627 -1.511091 0.077603
v 50.995270 -73.571877 1.062042
vn 5.278532 0.720634 1.890455
v 50.391270 -71.926872 3.041428
vn 3.231377 -0.644256 -5.263348
v 48.355320 -71.421883 -2.572601
vn 3.740446 0.227265 -4.903012
v 47.677280 -69.805870 -3.117218
vn 2.827966 -1.176640 -5.473667
v 47.591282 -71.608879 -2.882538
vn 2.134270 -2.161845 -4.997080
v 48.599270 -73.109871 -2.138519
vn 5.658125 1.950878 0.650129
v 49.355320 -69.719872 2.787155
vn 5.378890 2.412213 1.469067
v 49.856289 -71.245872 3.337463
vn 6.028752 1.711794 -0.323117
v 49.609280 -70.362877 3.416473
vn 5.978560 0.870869 -0.828372
v 49.052280 -68.469872 2.721039
vn 5.625456 1.030923 -1.588392
v 48.451260 -65.374870 -1.492371
vn 6.062057 -0.331469 -1.231597
v 48.556301 -66.584877 -1.012863
vn 5.327444 -0.505004 -3.058834
v 47.633270 -67.682877 -3.350143
vn 3.948264 -0.190914 -4.246362
v 47.231289 -67.240883 -4.032135
vn 5.958002 1.043011 0.109231
v 48.805271 -65.913872 1.638733
vn 5.246657 2.459105 1.387485
v 48.465302 -64.927879 1.836227
vn 2.727453 0.702045 5.000457
v 48.968288 -70.188881 4.769714
vn 4.686108 1.226300 2.538435
v 49.593288 -70.289879 4.238647
vn 5.714109 0.960520 0.314542
v 49.169281 -67.967873 3.075500
vn 4.670325 2.088575 3.166435
v 48.659271 -67.270882 3.798859
vn 3.971053 -0.495684 -4.816409
v 47.219269 -69.735878 -3.423737
vn 2.930653 -1.069261 -5.279120
v 46.509312 -69.658882 -4.051117
vn 3.370074 -1.270947 -5.145395
v 47.071320 -71.818871 -3.150421
vn 2.350498 -1.716894 -5.430199
v 46.590302 -72.139870 -3.386566
vn 2.518005 -2.320100 -5.142018
v 47.942291 -73.311882 -2.148315
vn 2.087849 -3.136186 -4.356741
v 47.203281 -74.089882 -2.410843
vn 1.732867 -5.075100 -2.631011
v 48.958279 -74.305870 -0.954895
vn 2.059342 -4.988278 -1.674035
v 48.178310 -75.051872 -0.613769
vn 3.237169 -5.031899 1.358021
v 50.116299 -73.949883 1.273041
vn 2.772503 -4.745864 1.200330
v 49.301300 -74.607872 1.619232
vn 2.974020 -3.407688 3.735633
v 49.388279 -73.140877 3.665527
vn 4.463643 -2.369862 3.347049
v 50.014309 -72.633873 3.352417
vn 4.780747 0.099656 3.088147
v 49.854279 -71.492882 3.985077
vn 2.746299 -1.490767 5.035449
v 49.214260 -71.757881 4.484802
vn -2.224791 -2.457609 -4.873206
v 42.492279 -69.534866 -4.302673
vn 0.989132 -1.240063 -5.870857
v 44.982269 -68.542870 -4.811371
vn 0.435479 -1.897527 -5.789598
v 45.173309 -70.639870 -4.218262
vn -2.241055 -3.104465 -4.643126
v 43.506321 -71.320869 -3.662292
vn -0.154486 -2.834383 -5.252224
v 45.607269 -72.724876 -3.410706
vn -2.681538 -3.812490 -3.909647
v 44.291290 -73.060867 -2.705811
vn -1.837421 -4.781985 -2.374036
v 45.435268 -74.628883 -1.779953
vn 0.044947 -4.352586 -3.608550
v 46.377289 -74.492882 -2.267227
vn -1.429785 -5.637513 0.312789
v 46.353298 -75.213867 -0.010071
vn 0.342159 -5.630642 -0.670601
v 47.292271 -75.316872 -0.286469
vn -3.456351 -4.791078 -1.376203
v 44.308319 -74.117882 -1.138153
vn -3.959591 -4.132284 -2.261791
v 43.328281 -73.028877 -1.638794
vn -4.040359 -3.721194 -2.734716
v 42.252289 -71.521873 -2.297607
vn -4.311793 -3.065275 -2.960883
v 41.198269 -69.805870 -2.909515
vn -5.223417 -3.029706 -0.631085
v 40.458279 -69.684883 -1.139572
vn -4.881279 -3.598460 -0.400992
v 41.537258 -71.414879 -0.620880
vn -4.337945 -4.300920 0.097884
v 42.878269 -72.979881 -0.193314
vn -3.168561 -5.086426 0.730807
v 44.469269 -74.314873 0.121612
vn -0.628746 -3.534710 4.799972
v 47.652309 -73.128883 4.064987
vn 1.001491 -3.667224 4.528594
v 48.546299 -73.227882 3.977966
vn 0.774951 -1.528826 5.814497
v 48.463291 -71.575867 4.749924
vn -0.402995 -1.471630 5.976442
v 47.760281 -71.435867 4.778152
vn 1.207286 0.702446 5.822236
v 48.211269 -69.688881 4.933487
vn -0.127642 -0.036643 6.200515
v 47.349270 -69.625877 4.948532
vn 2.806821 1.686725 4.950536
v 47.957310 -67.396873 4.526917
vn 0.489713 0.659962 6.084467
v 46.866299 -67.824883 4.877396
vn 0.887604 1.783845 5.559015
v 46.277309 -66.071877 4.632721
vn 3.609191 2.887099 4.070035
v 47.504299 -65.222878 3.481293
vn 0.796213 -5.331626 2.292966
v 48.162258 -74.813881 2.031494
vn -0.876249 -5.198952 2.854332
v 47.320278 -74.699883 2.194290
vn -3.316104 -0.566343 4.978117
v 42.263279 -68.197884 3.786621
vn -4.988708 -2.070189 2.468839
v 40.590302 -69.144867 1.674164
vn -4.305568 -2.815231 2.588564
v 41.705292 -71.028877 2.140869
vn -2.771617 -1.480940 5.116837
v 43.253269 -69.764870 4.079285
vn -3.466641 -3.777224 2.957614
v 43.254299 -72.557877 2.353531
vn -2.335504 -2.283417 5.129012
v 44.489288 -71.177879 4.130127
vn -1.748122 -3.041334 5.020858
v 45.976292 -72.321877 4.120819
vn -2.390189 -4.517247 3.135374
v 45.082310 -73.790871 2.414246
vn -1.200463 -0.962193 6.038338
v 45.818272 -70.249870 4.717010
vn -1.061386 -1.653528 5.895462
v 46.501308 -71.355873 4.619507
vn -1.255494 -0.316340 6.068596
v 45.011318 -68.768883 4.728439
vn -1.556048 0.464271 5.940540
v 44.229279 -67.200867 4.557556
vn 5.622298 2.031375 -1.697101
v 43.461269 -47.577869 -5.046875
vn 5.521949 2.466997 -0.696298
v 42.986301 -46.010891 -4.520844
vn 5.502589 2.354940 0.946929
v 43.587311 -47.392879 -3.487427
vn 5.787663 2.015652 -0.838806
v 43.834320 -48.124889 -4.270386
vn 5.509259 1.769210 1.789490
v 44.074310 -49.020882 -2.987411
vn 5.865021 1.731196 -0.530228
v 44.178310 -49.073879 -4.058990
vn 5.999819 1.015287 -0.657398
v 44.411289 -50.067879 -4.203094
vn 5.905169 1.043255 1.091876
v 44.478298 -50.733879 -2.984467
vn 4.606005 1.720685 3.715920
v 43.308319 -49.112881 -1.611084
vn 5.234119 1.471364 2.601085
v 44.254299 -51.447880 -1.810913
vn 4.690639 2.338130 2.978209
v 42.801300 -46.683880 -2.232559
vn 5.134333 2.618022 0.940968
v 42.388279 -44.634880 -3.686340
vn 5.608129 0.561384 -2.240637
v 44.343288 -51.189892 -5.252502
vn 5.522127 0.510380 -2.246666
v 44.531281 -52.104881 -5.045502
vn 4.197247 -0.492362 -4.511075
v 43.017300 -52.582878 -6.967773
vn 4.895708 0.072523 -3.807730
v 43.493320 -51.102879 -6.538269
vn 5.555208 0.750654 -1.814379
v 44.917271 -54.051891 -4.456711
vn 3.290545 -0.474540 -5.139572
v 42.447300 -54.053890 -7.301239
vn 4.270325 1.041017 -4.335249
v 42.339260 -48.709881 -7.504837
vn 4.994431 1.705772 -3.207961
v 42.782318 -47.495892 -6.532089
vn 5.264472 1.354730 -2.919713
v 43.411289 -48.751881 -6.125427
vn 4.182124 0.455764 -4.561462
v 42.428310 -49.730869 -7.560242
vn 4.446292 0.302104 -4.345181
v 42.886318 -50.553890 -7.173599
vn 5.377418 1.176786 -2.739994
v 43.889309 -49.853870 -5.744659
vn 3.241641 0.759555 -5.141793
v 41.201260 -48.035881 -8.291336
vn 2.751407 0.025785 -5.518631
v 41.443272 -49.775890 -8.265045
vn 1.346474 -0.495244 -6.062721
v 39.740261 -49.997890 -8.804138
vn 2.194083 0.385276 -5.701132
v 39.924290 -47.389881 -8.861740
vn 1.801995 -0.867837 -5.856668
v 40.677280 -52.392879 -8.315643
vn 3.263251 -0.609776 -5.219454
v 42.093288 -51.335880 -7.811432
vn 4.905773 1.682194 -3.239285
v 42.250271 -46.348881 -6.795151
vn 4.576924 1.873619 -3.287402
v 41.160309 -44.136879 -7.223175
vn 2.706764 0.649947 -5.428667
v 36.787258 -40.379879 -9.578537
vn 4.779923 1.942718 -2.746576
v 38.944309 -38.570881 -7.312424
vn 5.347817 2.146305 1.225893
v 39.009312 -37.462879 -3.566605
vn 0.375078 -0.674282 -6.174278
v 37.353298 -48.322880 -9.279739
vn 0.732980 -0.674505 -6.130279
v 34.126308 -42.147881 -10.219940
vn -2.131353 -2.180544 -4.880760
v 31.685270 -43.612881 -9.881943
vn -2.273701 -1.972215 -4.986736
v 34.763279 -49.244881 -8.945740
vn 1.009398 -1.210860 -6.001019
v 40.382290 -55.400890 -7.810440
vn 0.342299 -1.263257 -6.106607
v 39.072300 -53.234890 -8.406235
vn 0.183376 -1.029500 -6.162295
v 38.043301 -50.836880 -8.887543
vn -2.293322 -1.834917 -4.958263
v 35.988312 -51.725880 -8.609741
vn -1.990282 -1.969273 -5.156320
v 37.144321 -54.209881 -8.121140
vn -1.783228 -1.982954 -5.325648
v 38.224270 -56.701881 -7.505829
vn 3.830416 1.253034 4.617918
v 37.921299 -39.062870 -1.282303
vn 3.387310 2.063151 4.626544
v 40.550259 -45.134880 -0.857407
vn 0.548947 0.230784 6.082860
v 35.711269 -41.204891 -0.127960
vn 0.171250 0.967793 5.816862
v 37.676300 -46.354881 0.666931
vn 0.095943 0.948466 5.565327
v 38.664280 -48.573879 1.151855
vn 3.162392 1.850735 5.005664
v 41.033291 -47.496880 -0.291962
vn 3.325410 1.640826 4.984358
v 41.672272 -49.842892 0.096786
vn 0.239253 0.720246 5.706007
v 39.485321 -50.892879 1.413361
vn 3.373675 1.877561 4.838518
v 42.473301 -52.060871 0.326614
vn 0.213167 0.966290 5.845354
v 40.236301 -53.243870 1.624298
vn 0.365365 1.587656 5.770941
v 42.974270 -59.854881 2.890244
vn 3.212332 2.326947 4.757390
v 44.610321 -58.861870 1.810089
vn 5.028098 2.237129 2.577921
v 45.513279 -58.304878 0.551529
vn 5.437370 1.379727 -1.202115
v 46.623322 -59.401878 -2.912506
vn 3.724575 0.108443 -4.740545
v 44.886318 -60.618870 -5.529053
vn 1.312787 -0.867731 -5.965067
v 42.763279 -61.945869 -6.310760
vn -1.794675 -1.830918 -5.240841
v 40.626308 -63.100880 -6.156067
vn -5.573749 -2.276670 -0.046286
v 38.924290 -66.660881 -1.250061
vn -4.924574 -2.080521 -1.845488
v 38.117279 -64.002876 -3.423843
vn -3.130227 0.195238 5.070160
v 40.279270 -61.798882 2.539841
vn -4.035966 -0.391468 4.538049
v 40.400299 -65.306877 2.574615
vn -5.499726 -1.275654 2.327299
v 37.982269 -61.993870 -0.388214
vn -5.379193 -1.237869 2.513888
v 39.155300 -65.869881 0.803726
vn -4.768066 -2.233515 -2.097795
v 35.588291 -56.751881 -5.378021
vn -5.455927 -1.512602 1.905340
v 35.465302 -55.974880 -1.949936
vn -3.449419 -0.243455 4.746190
v 37.155300 -54.604881 0.805344
vn -5.214925 -2.348810 -1.330218
v 33.918301 -51.868870 -5.959320
vn -4.743267 -2.902411 -1.310787
v 32.611301 -49.519871 -6.420715
vn -5.453545 -1.876507 2.302697
v 34.299290 -50.992882 -2.835342
vn -5.031388 -2.516257 2.386591
v 32.856289 -48.639881 -3.038971
vn -3.579562 -0.859835 4.733431
v 35.730320 -49.935871 -0.035828
vn -3.152705 -0.987468 4.833946
v 34.594269 -47.569881 -0.186188
vn -3.638530 -0.263508 4.669897
v 36.468288 -52.270882 0.370880
vn -5.605241 -1.037653 2.080078
v 34.807281 -53.488880 -2.358673
vn -5.146720 -1.997968 -1.743492
v 34.729279 -54.337879 -5.629318
vn -2.680701 -1.081636 5.369654
v 32.831268 -42.504879 -0.735458
vn -4.732134 -2.483928 3.114290
v 30.669279 -43.722881 -3.302765
vn -4.834681 -3.088541 -0.814891
v 29.870270 -44.553890 -6.746552
vn -4.372681 -3.695855 -0.716054
v 26.508270 -40.055889 -7.246338
vn -4.036420 -3.213996 3.357029
v 27.623320 -38.951881 -3.005890
vn -1.634782 -3.048229 5.076745
v 30.791290 -37.386879 -0.169342
vn -3.485052 -1.828892 4.537035
v 38.442291 -37.990879 14.409270
vn -4.798609 -3.342848 1.243312
v 37.147308 -39.692879 11.095250
vn -3.652181 -3.906144 -2.414349
v 38.141270 -40.393879 7.393631
vn -2.669952 -5.338219 -0.630601
v 34.543301 -35.693890 5.501755
vn -3.248134 -4.895858 1.399979
v 33.339260 -34.577869 9.034882
vn -3.317391 -4.064140 3.121929
v 34.446320 -33.728870 12.726360
vn -0.562188 -6.221566 0.443035
v 26.366301 -25.058880 31.496861
vn -0.440193 -6.083953 1.127338
v 28.521271 -25.030880 31.775669
vn -1.941921 -5.371110 2.578185
v 29.869289 -27.668880 26.365070
vn -0.040138 -5.265631 3.233998
v 31.479280 -25.762890 30.156071
vn -0.856226 -5.848852 2.078961
v 29.235319 -25.554880 30.450560
vn -1.441774 -5.787796 1.832875
v 27.724270 -25.611891 29.317869
vn -2.999749 -4.270804 2.976928
v 17.768280 -21.429880 35.642658
vn -2.463908 -5.566326 1.030393
v 19.079321 -23.438881 31.810169
vn -1.832452 -5.964636 0.633829
v 20.432280 -24.121880 28.390760
vn -2.029186 -5.697907 1.535163
v 21.586269 -24.837879 25.349060
vn -3.142708 -4.934321 -0.313792
v 23.541290 -37.326881 -6.804047
vn -2.735661 -4.848719 -1.339186
v 20.918301 -35.816891 -7.687347
vn -2.515489 -5.397479 1.848574
v 21.610319 -34.938881 -2.202744
vn -2.015405 -5.228989 2.738100
v 25.749300 -35.843880 -0.917252
vn -2.066961 -5.572336 1.935081
v 23.208281 -33.750881 2.401016
vn -1.187146 -5.921839 1.327827
v 28.849270 -34.087879 4.519379
vn -1.869072 -5.456760 1.828403
v 24.993320 -33.275890 7.249756
vn -0.602134 -5.560288 2.503286
v 31.496309 -35.599880 1.793854
vn -3.945579 -4.187509 -0.154544
v 25.189301 -38.693890 -6.883774
vn -2.848840 -4.119936 3.632422
v 27.291290 -37.613880 -1.993622
vn -3.383137 -4.701317 2.402064
v 17.966280 -28.410879 8.127823
vn -3.563221 -4.721376 2.083236
v 15.435270 -27.005880 6.714218
vn -2.813807 -5.531573 0.974636
v 17.242279 -25.194880 16.508270
vn -2.834740 -5.378556 1.499428
v 12.814300 -24.077869 10.182190
vn -3.078867 -5.056956 1.905585
v 15.587310 -25.725880 9.673737
vn -2.973564 -5.224713 1.626275
v 18.265289 -26.483879 12.247960
vn -1.278085 -5.807241 1.854271
v 31.921301 -31.059879 16.100950
vn -0.398173 -5.676319 1.996284
v 34.477261 -31.080879 16.468060
vn -2.322530 -5.507971 1.794995
v 23.098301 -27.068890 21.606260
vn -2.298662 -5.607071 1.506593
v 24.528290 -28.788891 17.633970
vn -2.350049 -5.343486 2.231081
v 24.791290 -30.481880 12.345540
# 1558 vertices, 0 vertices normals

f 1//1 2//2 3//3
f 1//1 3//3 4//4
f 3//3 2//2 5//5
f 3//3 5//5 6//6
f 5//5 2//2 7//7
f 5//5 7//7 8//8
f 2//2 1//1 9//9
f 2//2 9//9 7//7
f 6//6 5//5 10//10
f 6//6 10//10 11//11
f 11//11 10//10 12//12
f 11//11 12//12 13//13
f 14//14 12//12 10//10
f 14//14 10//10 15//15
f 15//15 10//10 5//5
f 15//15 5//5 8//8
f 16//16 17//17 18//18
f 16//16 18//18 19//19
f 20//20 19//19 18//18
f 20//20 18//18 21//21
f 21//21 18//18 22//22
f 21//21 22//22 23//23
f 22//22 18//18 17//17
f 22//22 17//17 24//24
f 25//25 26//26 27//27
f 25//25 27//27 28//28
f 23//23 28//28 27//27
f 23//23 27//27 21//21
f 21//21 27//27 29//29
f 21//21 29//29 20//20
f 29//29 27//27 26//26
f 29//29 26//26 30//30
f 1//1 31//31 32//32
f 1//1 32//32 9//9
f 16//16 32//32 31//31
f 16//16 31//31 17//17
f 17//17 31//31 33//33
f 17//17 33//33 24//24
f 33//33 31//31 1//1
f 33//33 1//1 4//4
f 15//15 34//34 35//35
f 15//15 35//35 14//14
f 36//36 35//35 34//34
f 36//36 34//34 37//37
f 34//34 15//15 8//8
f 34//34 8//8 37//37
f 8//8 7//7 38//38
f 8//8 38//38 37//37
f 36//36 37//37 38//38
f 36//36 38//38 39//39
f 39//39 38//38 7//7
f 39//39 7//7 9//9
f 14//14 35//35 40//40
f 14//14 40//40 41//41
f 30//30 41//41 40//40
f 30//30 40//40 42//42
f 43//43 42//42 40//40
f 43//43 40//40 44//44
f 40//40 35//35 36//36
f 40//40 36//36 44//44
f 45//45 43//43 44//44
f 45//45 44//44 46//46
f 44//44 36//36 39//39
f 44//44 39//39 46//46
f 16//16 45//45 46//46
f 16//16 46//46 32//32
f 46//46 39//39 9//9
f 46//46 9//9 32//32
f 19//19 47//47 45//45
f 19//19 45//45 16//16
f 43//43 45//45 47//47
f 43//43 47//47 48//48
f 47//47 19//19 20//20
f 47//47 20//20 48//48
f 20//20 29//29 49//49
f 20//20 49//49 48//48
f 43//43 48//48 49//49
f 43//43 49//49 42//42
f 42//42 49//49 29//29
f 42//42 29//29 30//30
f 13//13 12//12 50//50
f 13//13 50//50 51//51
f 25//25 51//51 50//50
f 25//25 50//50 26//26
f 30//30 26//26 50//50
f 30//30 50//50 41//41
f 41//41 50//50 12//12
f 41//41 12//12 14//14
f 52//52 53//53 54//54
f 52//52 54//54 55//55
f 54//54 53//53 56//56
f 54//54 56//56 57//57
f 56//56 53//53 58//58
f 56//56 58//58 59//59
f 58//58 53//53 52//52
f 58//58 52//52 60//60
f 58//58 61//61 62//62
f 58//58 62//62 59//59
f 62//62 61//61 63//63
f 62//62 63//63 64//64
f 64//64 63//63 65//65
f 64//64 65//65 66//66
f 67//67 65//65 63//63
f 67//67 63//63 68//68
f 68//68 63//63 61//61
f 68//68 61//61 69//69
f 61//61 58//58 60//60
f 61//61 60//60 69//69
f 67//67 68//68 70//70
f 67//67 70//70 71//71
f 72//72 71//71 70//70
f 72//72 70//70 73//73
f 73//73 70//70 74//74
f 73//73 74//74 75//75
f 70//70 68//68 69//69
f 70//70 69//69 74//74
f 55//55 75//75 74//74
f 55//55 74//74 52//52
f 74//74 69//69 60//60
f 74//74 60//60 52//52
f 72//72 73//73 76//76
f 72//72 76//76 77//77
f 77//77 76//76 78//78
f 77//77 78//78 79//79
f 78//78 76//76 80//80
f 78//78 80//80 81//81
f 76//76 73//73 75//75
f 76//76 75//75 80//80
f 81//81 80//80 54//54
f 81//81 54//54 57//57
f 80//80 75//75 55//55
f 80//80 55//55 54//54
f 82//82 83//83 84//84
f 82//82 84//84 85//85
f 85//85 84//84 86//86
f 85//85 86//86 87//87
f 88//88 86//86 84//84
f 88//88 84//84 89//89
f 89//89 84//84 83//83
f 89//89 83//83 90//90
f 87//87 91//91 92//92
f 87//87 92//92 85//85
f 85//85 92//92 93//93
f 85//85 93//93 82//82
f 94//94 93//93 92//92
f 94//94 92//92 95//95
f 95//95 92//92 91//91
f 95//95 91//91 96//96
f 87//87 86//86 97//97
f 87//87 97//97 98//98
f 98//98 97//97 99//99
f 98//98 99//99 100//100
f 101//101 99//99 97//97
f 101//101 97//97 102//102
f 102//102 97//97 86//86
f 102//102 86//86 88//88
f 103//103 104//104 105//105
f 103//103 105//105 106//106
f 105//105 104//104 64//64
f 105//105 64//64 66//66
f 64//64 104//104 107//107
f 64//64 107//107 62//62
f 104//104 103//103 108//108
f 104//104 108//108 107//107
f 62//62 107//107 109//109
f 62//62 109//109 59//59
f 107//107 108//108 110//110
f 107//107 110//110 109//109
f 111//111 112//112 33//33
f 111//111 33//33 4//4
f 33//33 112//112 113//113
f 33//33 113//113 24//24
f 114//114 113//113 112//112
f 114//114 112//112 115//115
f 115//115 112//112 111//111
f 115//115 111//111 116//116
f 114//114 115//115 117//117
f 114//114 117//117 118//118
f 117//117 115//115 116//116
f 117//117 116//116 119//119
f 118//118 117//117 56//56
f 118//118 56//56 59//59
f 56//56 117//117 119//119
f 56//56 119//119 57//57
f 120//120 121//121 122//122
f 120//120 122//122 123//123
f 122//122 121//121 124//124
f 122//122 124//124 125//125
f 125//125 124//124 126//126
f 125//125 126//126 127//127
f 127//127 126//126 109//109
f 127//127 109//109 110//110
f 59//59 109//109 126//126
f 59//59 126//126 118//118
f 118//118 126//126 124//124
f 118//118 124//124 114//114
f 124//124 121//121 113//113
f 124//124 113//113 114//114
f 113//113 121//121 120//120
f 113//113 120//120 24//24
f 128//128 129//129 130//130
f 128//128 130//130 131//131
f 131//131 130//130 132//132
f 131//131 132//132 133//133
f 133//133 132//132 134//134
f 133//133 134//134 135//135
f 123//123 135//135 134//134
f 123//123 134//134 120//120
f 120//120 134//134 22//22
f 120//120 22//22 24//24
f 22//22 134//134 132//132
f 22//22 132//132 23//23
f 23//23 132//132 130//130
f 23//23 130//130 28//28
f 28//28 130//130 129//129
f 28//28 129//129 25//25
f 136//136 131//131 133//133
f 136//136 133//133 135//135
f 131//131 136//136 137//137
f 131//131 137//137 128//128
f 138//138 137//137 136//136
f 138//138 136//136 139//139
f 139//139 136//136 135//135
f 139//139 135//135 123//123
f 140//140 141//141 142//142
f 140//140 142//142 143//143
f 142//142 141//141 129//129
f 142//142 129//129 128//128
f 25//25 129//129 141//141
f 25//25 141//141 51//51
f 141//141 140//140 13//13
f 141//141 13//13 51//51
f 143//143 144//144 145//145
f 143//143 145//145 140//140
f 140//140 145//145 11//11
f 140//140 11//11 13//13
f 6//6 11//11 145//145
f 6//6 145//145 146//146
f 146//146 145//145 144//144
f 146//146 144//144 147//147
f 3//3 6//6 146//146
f 3//3 146//146 148//148
f 148//148 146//146 147//147
f 148//148 147//147 149//149
f 3//3 148//148 150//150
f 3//3 150//150 4//4
f 148//148 149//149 151//151
f 148//148 151//151 150//150
f 128//128 137//137 152//152
f 128//128 152//152 142//142
f 143//143 142//142 152//152
f 143//143 152//152 153//153
f 153//153 152//152 154//154
f 153//153 154//154 155//155
f 152//152 137//137 138//138
f 152//152 138//138 154//154
f 156//156 149//149 147//147
f 156//156 147//147 144//144
f 149//149 156//156 157//157
f 149//149 157//157 151//151
f 155//155 157//157 156//156
f 155//155 156//156 153//153
f 153//153 156//156 144//144
f 153//153 144//144 143//143
f 78//78 158//158 159//159
f 78//78 159//159 79//79
f 160//160 159//159 158//158
f 160//160 158//158 161//161
f 161//161 158//158 162//162
f 161//161 162//162 163//163
f 158//158 78//78 81//81
f 158//158 81//81 162//162
f 164//164 163//163 162//162
f 164//164 162//162 165//165
f 165//165 162//162 81//81
f 165//165 81//81 57//57
f 161//161 166//166 167//167
f 161//161 167//167 160//160
f 168//168 167//167 166//166
f 168//168 166//166 169//169
f 168//168 169//169 170//170
f 168//168 170//170 171//171
f 171//171 170//170 103//103
f 171//171 103//103 106//106
f 108//108 103//103 170//170
f 108//108 170//170 172//172
f 172//172 170//170 169//169
f 172//172 169//169 173//173
f 169//169 166//166 174//174
f 169//169 174//174 173//173
f 166//166 161//161 163//163
f 166//166 163//163 174//174
f 110//110 108//108 172//172
f 110//110 172//172 175//175
f 175//175 172//172 173//173
f 175//175 173//173 176//176
f 173//173 174//174 177//177
f 173//173 177//177 176//176
f 174//174 163//163 164//164
f 174//174 164//164 177//177
f 57//57 119//119 178//178
f 57//57 178//178 165//165
f 165//165 178//178 179//179
f 165//165 179//179 164//164
f 180//180 179//179 178//178
f 180//180 178//178 181//181
f 181//181 178//178 119//119
f 181//181 119//119 116//116
f 182//182 180//180 181//181
f 182//182 181//181 183//183
f 183//183 181//181 116//116
f 183//183 116//116 111//111
f 151//151 182//182 183//183
f 151//151 183//183 150//150
f 183//183 111//111 4//4
f 183//183 4//4 150//150
f 184//184 185//185 186//186
f 184//184 186//186 187//187
f 188//188 189//189 190//190
f 188//188 190//190 191//191
f 192//192 187//187 186//186
f 192//192 186//186 193//193
f 186//186 185//185 194//194
f 186//186 194//194 193//193
f 194//194 191//191 190//190
f 194//194 190//190 193//193
f 192//192 193//193 190//190
f 192//192 190//190 189//189
f 182//182 184//184 187//187
f 182//182 187//187 180//180
f 180//180 187//187 195//195
f 180//180 195//195 179//179
f 195//195 187//187 192//192
f 195//195 192//192 196//196
f 192//192 189//189 197//197
f 192//192 197//197 196//196
f 179//179 195//195 177//177
f 179//179 177//177 164//164
f 195//195 196//196 176//176
f 195//195 176//176 177//177
f 176//176 196//196 197//197
f 176//176 197//197 175//175
f 175//175 197//197 127//127
f 175//175 127//127 110//110
f 197//197 189//189 125//125
f 197//197 125//125 127//127
f 189//189 188//188 122//122
f 189//189 122//122 125//125
f 123//123 122//122 188//188
f 123//123 188//188 139//139
f 139//139 188//188 191//191
f 139//139 191//191 138//138
f 138//138 191//191 194//194
f 138//138 194//194 154//154
f 194//194 185//185 155//155
f 194//194 155//155 154//154
f 185//185 184//184 157//157
f 185//185 157//157 155//155
f 184//184 182//182 151//151
f 184//184 151//151 157//157
f 198//198 199//199 200//200
f 198//198 200//200 201//201
f 200//200 199//199 202//202
f 200//200 202//202 203//203
f 202//202 199//199 204//204
f 202//202 204//204 205//205
f 199//199 198//198 206//206
f 199//199 206//206 204//204
f 207//207 208//208 209//209
f 207//207 209//209 210//210
f 211//211 209//209 208//208
f 211//211 208//208 212//212
f 206//206 212//212 208//208
f 206//206 208//208 204//204
f 204//204 208//208 207//207
f 204//204 207//207 205//205
f 206//206 198//198 213//213
f 206//206 213//213 212//212
f 211//211 212//212 213//213
f 211//211 213//213 214//214
f 215//215 214//214 213//213
f 215//215 213//213 216//216
f 213//213 198//198 201//201
f 213//213 201//201 216//216
f 215//215 217//217 218//218
f 215//215 218//218 214//214
f 211//211 214//214 218//218
f 211//211 218//218 209//209
f 209//209 218//218 219//219
f 209//209 219//219 210//210
f 219//219 218//218 217//217
f 219//219 217//217 220//220
f 217//217 221//221 222//222
f 217//217 222//222 220//220
f 222//222 221//221 200//200
f 222//222 200//200 203//203
f 201//201 200//200 221//221
f 201//201 221//221 216//216
f 216//216 221//221 217//217
f 216//216 217//217 215//215
f 79//79 159//159 223//223
f 79//79 223//223 224//224
f 224//224 223//223 225//225
f 224//224 225//225 226//226
f 226//226 225//225 227//227
f 226//226 227//227 228//228
f 228//228 227//227 229//229
f 228//228 229//229 220//220
f 230//230 229//229 227//227
f 230//230 227//227 231//231
f 231//231 227//227 225//225
f 231//231 225//225 232//232
f 232//232 225//225 223//223
f 232//232 223//223 233//233
f 223//223 159//159 160//160
f 223//223 160//160 233//233
f 234//234 235//235 77//77
f 234//234 77//77 79//79
f 77//77 235//235 71//71
f 77//77 71//71 72//72
f 71//71 235//235 65//65
f 71//71 65//65 67//67
f 65//65 235//235 234//234
f 65//65 234//234 66//66
f 234//234 236//236 237//237
f 234//234 237//237 66//66
f 238//238 237//237 236//236
f 238//238 236//236 239//239
f 238//238 239//239 240//240
f 238//238 240//240 241//241
f 241//241 240//240 222//222
f 241//241 222//222 203//203
f 222//222 240//240 228//228
f 222//222 228//228 220//220
f 228//228 240//240 239//239
f 228//228 239//239 226//226
f 226//226 239//239 236//236
f 226//226 236//236 224//224
f 224//224 236//236 234//234
f 224//224 234//234 79//79
f 66//66 237//237 242//242
f 66//66 242//242 105//105
f 106//106 105//105 242//242
f 106//106 242//242 243//243
f 244//244 243//243 242//242
f 244//244 242//242 245//245
f 245//245 242//242 237//237
f 245//245 237//237 238//238
f 246//246 244//244 245//245
f 246//246 245//245 247//247
f 247//247 245//245 238//238
f 247//247 238//238 241//241
f 248//248 246//246 247//247
f 248//248 247//247 249//249
f 249//249 247//247 241//241
f 249//249 241//241 203//203
f 250//250 251//251 252//252
f 250//250 252//252 253//253
f 253//253 252//252 254//254
f 253//253 254//254 255//255
f 254//254 252//252 207//207
f 254//254 207//207 210//210
f 207//207 252//252 251//251
f 207//207 251//251 205//205
f 256//256 257//257 258//258
f 256//256 258//258 259//259
f 260//260 258//258 257//257
f 260//260 257//257 261//261
f 261//261 257//257 262//262
f 261//261 262//262 263//263
f 262//262 257//257 256//256
f 262//262 256//256 264//264
f 259//259 265//265 266//266
f 259//259 266//266 256//256
f 256//256 266//266 267//267
f 256//256 267//267 264//264
f 267//267 266//266 268//268
f 267//267 268//268 269//269
f 266//266 265//265 270//270
f 266//266 270//270 268//268
f 271//271 272//272 273//273
f 271//271 273//273 274//274
f 260//260 274//274 273//273
f 260//260 273//273 258//258
f 259//259 258//258 273//273
f 259//259 273//273 265//265
f 273//273 272//272 270//270
f 273//273 270//270 265//265
f 275//275 276//276 277//277
f 275//275 277//277 278//278
f 263//263 277//277 276//276
f 263//263 276//276 261//261
f 261//261 276//276 274//274
f 261//261 274//274 260//260
f 276//276 275//275 271//271
f 276//276 271//271 274//274
f 272//272 279//279 268//268
f 272//272 268//268 270//270
f 268//268 279//279 280//280
f 268//268 280//280 269//269
f 280//280 279//279 275//275
f 280//280 275//275 278//278
f 279//279 272//272 271//271
f 279//279 271//271 275//275
f 210//210 219//219 281//281
f 210//210 281//281 282//282
f 282//282 281//281 280//280
f 282//282 280//280 278//278
f 280//280 281//281 283//283
f 280//280 283//283 269//269
f 283//283 281//281 219//219
f 283//283 219//219 220//220
f 284//284 285//285 286//286
f 284//284 286//286 287//287
f 278//278 286//286 285//285
f 278//278 285//285 282//282
f 282//282 285//285 254//254
f 282//282 254//254 210//210
f 285//285 284//284 255//255
f 285//285 255//255 254//254
f 287//287 286//286 288//288
f 287//287 288//288 289//289
f 289//289 288//288 290//290
f 289//289 290//290 291//291
f 290//290 288//288 277//277
f 290//290 277//277 263//263
f 277//277 288//288 286//286
f 277//277 286//286 278//278
f 292//292 293//293 294//294
f 292//292 294//294 295//295
f 295//295 294//294 296//296
f 295//295 296//296 297//297
f 296//296 294//294 298//298
f 296//296 298//298 299//299
f 294//294 293//293 300//300
f 294//294 300//300 298//298
f 299//299 298//298 301//301
f 299//299 301//301 302//302
f 298//298 300//300 303//303
f 298//298 303//303 301//301
f 304//304 305//305 295//295
f 304//304 295//295 297//297
f 292//292 295//295 305//305
f 292//292 305//305 306//306
f 307//307 306//306 305//305
f 307//307 305//305 308//308
f 308//308 305//305 304//304
f 308//308 304//304 309//309
f 310//310 311//311 312//312
f 310//310 312//312 313//313
f 313//313 312//312 314//314
f 313//313 314//314 315//315
f 307//307 315//315 314//314
f 307//307 314//314 306//306
f 292//292 306//306 314//314
f 292//292 314//314 293//293
f 314//314 312//312 300//300
f 314//314 300//300 293//293
f 312//312 311//311 303//303
f 312//312 303//303 300//300
f 310//310 313//313 316//316
f 310//310 316//316 317//317
f 317//317 316//316 318//318
f 317//317 318//318 319//319
f 320//320 318//318 316//316
f 320//320 316//316 321//321
f 321//321 316//316 313//313
f 321//321 313//313 315//315
f 320//320 321//321 308//308
f 320//320 308//308 309//309
f 321//321 315//315 307//307
f 321//321 307//307 308//308
f 301//301 322//322 323//323
f 301//301 323//323 302//302
f 323//323 322//322 317//317
f 323//323 317//317 319//319
f 317//317 322//322 311//311
f 317//317 311//311 310//310
f 322//322 301//301 303//303
f 322//322 303//303 311//311
f 324//324 325//325 323//323
f 324//324 323//323 319//319
f 323//323 325//325 326//326
f 323//323 326//326 302//302
f 327//327 326//326 325//325
f 327//327 325//325 328//328
f 325//325 324//324 329//329
f 325//325 329//329 328//328
f 330//330 327//327 328//328
f 330//330 328//328 331//331
f 328//328 329//329 332//332
f 328//328 332//332 331//331
f 330//330 331//331 267//267
f 330//330 267//267 269//269
f 267//267 331//331 332//332
f 267//267 332//332 264//264
f 230//230 231//231 333//333
f 230//230 333//333 334//334
f 334//334 333//333 335//335
f 334//334 335//335 336//336
f 336//336 335//335 337//337
f 336//336 337//337 338//338
f 338//338 337//337 246//246
f 338//338 246//246 248//248
f 244//244 246//246 337//337
f 244//244 337//337 339//339
f 339//339 337//337 335//335
f 339//339 335//335 340//340
f 340//340 335//335 333//333
f 340//340 333//333 341//341
f 341//341 333//333 231//231
f 341//341 231//231 232//232
f 243//243 244//244 339//339
f 243//243 339//339 342//342
f 342//342 339//339 340//340
f 342//342 340//340 343//343
f 343//343 340//340 341//341
f 343//343 341//341 344//344
f 344//344 341//341 232//232
f 344//344 232//232 233//233
f 106//106 243//243 342//342
f 106//106 342//342 171//171
f 171//171 342//342 343//343
f 171//171 343//343 168//168
f 168//168 343//343 344//344
f 168//168 344//344 167//167
f 167//167 344//344 233//233
f 167//167 233//233 160//160
f 345//345 346//346 347//347
f 345//345 347//347 348//348
f 347//347 346//346 91//91
f 347//347 91//91 87//87
f 91//91 346//346 349//349
f 91//91 349//349 96//96
f 346//346 345//345 350//350
f 346//346 350//350 349//349
f 351//351 352//352 353//353
f 351//351 353//353 354//354
f 353//353 352//352 355//355
f 353//353 355//355 356//356
f 348//348 355//355 352//352
f 348//348 352//352 345//345
f 345//345 352//352 351//351
f 345//345 351//351 350//350
f 357//357 358//358 95//95
f 357//357 95//95 96//96
f 94//94 95//95 358//358
f 94//94 358//358 359//359
f 359//359 358//358 360//360
f 359//359 360//360 361//361
f 358//358 357//357 362//362
f 358//358 362//362 360//360
f 361//361 360//360 363//363
f 361//361 363//363 364//364
f 360//360 362//362 365//365
f 360//360 365//365 363//363
f 90//90 364//364 363//363
f 90//90 363//363 89//89
f 89//89 363//363 365//365
f 89//89 365//365 88//88
f 88//88 365//365 366//366
f 88//88 366//366 102//102
f 102//102 366//366 367//367
f 102//102 367//367 101//101
f 101//101 367//367 368//368
f 101//101 368//368 369//369
f 369//369 368//368 370//370
f 369//369 370//370 371//371
f 372//372 370//370 368//368
f 372//372 368//368 373//373
f 373//373 368//368 367//367
f 373//373 367//367 374//374
f 374//374 367//367 366//366
f 374//374 366//366 375//375
f 375//375 366//366 365//365
f 375//375 365//365 362//362
f 372//372 373//373 376//376
f 372//372 376//376 377//377
f 373//373 374//374 378//378
f 373//373 378//378 376//376
f 374//374 375//375 379//379
f 374//374 379//379 378//378
f 375//375 362//362 357//357
f 375//375 357//357 379//379
f 377//377 376//376 351//351
f 377//377 351//351 354//354
f 376//376 378//378 350//350
f 376//376 350//350 351//351
f 378//378 379//379 349//349
f 378//378 349//349 350//350
f 379//379 357//357 96//96
f 379//379 96//96 349//349
f 283//283 380//380 381//381
f 283//283 381//381 269//269
f 381//381 380//380 382//382
f 381//381 382//382 383//383
f 382//382 380//380 229//229
f 382//382 229//229 230//230
f 380//380 283//283 220//220
f 380//380 220//220 229//229
f 384//384 385//385 386//386
f 384//384 386//386 387//387
f 386//386 385//385 388//388
f 386//386 388//388 389//389
f 388//388 385//385 390//390
f 388//388 390//390 391//391
f 385//385 384//384 392//392
f 385//385 392//392 390//390
f 393//393 394//394 395//395
f 393//393 395//395 396//396
f 397//397 395//395 394//394
f 397//397 394//394 398//398
f 398//398 394//394 390//390
f 398//398 390//390 392//392
f 390//390 394//394 393//393
f 390//390 393//393 391//391
f 399//399 400//400 401//401
f 399//399 401//401 402//402
f 387//387 402//402 401//401
f 387//387 401//401 384//384
f 392//392 384//384 401//401
f 392//392 401//401 398//398
f 401//401 400//400 397//397
f 401//401 397//397 398//398
f 403//403 404//404 405//405
f 403//403 405//405 406//406
f 399//399 405//405 404//404
f 399//399 404//404 400//400
f 400//400 404//404 395//395
f 400//400 395//395 397//397
f 395//395 404//404 403//403
f 395//395 403//403 396//396
f 407//407 408//408 386//386
f 407//407 386//386 389//389
f 387//387 386//386 408//408
f 387//387 408//408 402//402
f 402//402 408//408 405//405
f 402//402 405//405 399//399
f 405//405 408//408 407//407
f 405//405 407//407 406//406
f 409//409 410//410 411//411
f 409//409 411//411 412//412
f 100//100 410//410 409//409
f 100//100 409//409 98//98
f 98//98 409//409 347//347
f 98//98 347//347 87//87
f 409//409 412//412 348//348
f 409//409 348//348 347//347
f 348//348 412//412 413//413
f 348//348 413//413 355//355
f 412//412 411//411 414//414
f 412//412 414//414 413//413
f 411//411 410//410 415//415
f 411//411 415//415 414//414
f 410//410 100//100 416//416
f 410//410 416//416 415//415
f 355//355 413//413 417//417
f 355//355 417//417 356//356
f 413//413 414//414 418//418
f 413//413 418//418 417//417
f 414//414 415//415 419//419
f 414//414 419//419 418//418
f 415//415 416//416 420//420
f 415//415 420//420 419//419
f 421//421 422//422 423//423
f 421//421 423//423 424//424
f 425//425 426//426 427//427
f 425//425 427//427 428//428
f 423//423 429//429 430//430
f 423//423 430//430 424//424
f 431//431 432//432 433//433
f 431//431 433//433 434//434
f 422//422 432//432 431//431
f 422//422 431//431 423//423
f 429//429 423//423 431//431
f 429//429 431//431 434//434
f 428//428 427//427 435//435
f 428//428 435//435 436//436
f 437//437 436//436 435//435
f 437//437 435//435 438//438
f 439//439 438//438 435//435
f 439//439 435//435 427//427
f 440//440 439//439 427//427
f 440//440 427//427 426//426
f 434//434 433//433 437//437
f 434//434 437//437 438//438
f 429//429 434//434 438//438
f 429//429 438//438 439//439
f 430//430 429//429 439//439
f 430//430 439//439 440//440
f 421//421 424//424 356//356
f 421//421 356//356 417//417
f 441//441 426//426 425//425
f 441//441 425//425 442//442
f 389//389 441//441 442//442
f 389//389 442//442 443//443
f 443//443 442//442 444//444
f 443//443 444//444 445//445
f 442//442 425//425 446//446
f 442//442 446//446 444//444
f 446//446 425//425 428//428
f 446//446 428//428 447//447
f 447//447 428//428 436//436
f 447//447 436//436 448//448
f 448//448 436//436 437//437
f 448//448 437//437 449//449
f 437//437 433//433 450//450
f 437//437 450//450 449//449
f 433//433 432//432 451//451
f 433//433 451//451 450//450
f 432//432 422//422 452//452
f 432//432 452//452 451//451
f 422//422 421//421 453//453
f 422//422 453//453 452//452
f 453//453 421//421 417//417
f 453//453 417//417 418//418
f 445//445 444//444 454//454
f 445//445 454//454 455//455
f 444//444 446//446 456//456
f 444//444 456//456 454//454
f 456//456 446//446 447//447
f 456//456 447//447 457//457
f 457//457 447//447 448//448
f 457//457 448//448 458//458
f 448//448 449//449 459//459
f 448//448 459//459 458//458
f 449//449 450//450 460//460
f 449//449 460//460 459//459
f 450//450 451//451 461//461
f 450//450 461//461 460//460
f 451//451 452//452 462//462
f 451//451 462//462 461//461
f 452//452 453//453 463//463
f 452//452 463//463 462//462
f 463//463 453//453 418//418
f 463//463 418//418 419//419
f 464//464 455//455 454//454
f 464//464 454//454 465//465
f 454//454 456//456 466//466
f 454//454 466//466 465//465
f 456//456 457//457 467//467
f 456//456 467//467 466//466
f 457//457 458//458 468//468
f 457//457 468//468 467//467
f 458//458 459//459 469//469
f 458//458 469//469 468//468
f 459//459 460//460 470//470
f 459//459 470//470 469//469
f 460//460 461//461 471//471
f 460//460 471//471 470//470
f 471//471 461//461 462//462
f 471//471 462//462 472//472
f 472//472 462//462 463//463
f 472//472 463//463 473//473
f 473//473 463//463 419//419
f 473//473 419//419 420//420
f 100//100 99//99 474//474
f 100//100 474//474 416//416
f 416//416 474//474 475//475
f 416//416 475//475 420//420
f 475//475 474//474 369//369
f 475//475 369//369 371//371
f 369//369 474//474 99//99
f 369//369 99//99 101//101
f 476//476 477//477 475//475
f 476//476 475//475 371//371
f 475//475 477//477 478//478
f 475//475 478//478 420//420
f 477//477 476//476 250//250
f 477//477 250//250 478//478
f 479//479 480//480 481//481
f 479//479 481//481 482//482
f 482//482 481//481 299//299
f 482//482 299//299 302//302
f 299//299 481//481 483//483
f 299//299 483//483 296//296
f 481//481 480//480 484//484
f 481//481 484//484 483//483
f 296//296 483//483 485//485
f 296//296 485//485 297//297
f 483//483 484//484 486//486
f 483//483 486//486 485//485
f 302//302 326//326 487//487
f 302//302 487//487 482//482
f 482//482 487//487 488//488
f 482//482 488//488 479//479
f 489//489 488//488 487//487
f 489//489 487//487 490//490
f 490//490 487//487 326//326
f 490//490 326//326 327//327
f 491//491 489//489 490//490
f 491//491 490//490 492//492
f 492//492 490//490 327//327
f 492//492 327//327 330//330
f 383//383 491//491 492//492
f 383//383 492//492 381//381
f 381//381 492//492 330//330
f 381//381 330//330 269//269
f 318//318 493//493 494//494
f 318//318 494//494 319//319
f 495//495 494//494 493//493
f 495//495 493//493 496//496
f 497//497 496//496 493//493
f 497//497 493//493 498//498
f 493//493 318//318 320//320
f 493//493 320//320 498//498
f 499//499 497//497 498//498
f 499//499 498//498 500//500
f 500//500 498//498 320//320
f 500//500 320//320 309//309
f 486//486 484//484 501//501
f 486//486 501//501 502//502
f 502//502 501//501 503//503
f 502//502 503//503 504//504
f 504//504 503//503 505//505
f 504//504 505//505 506//506
f 506//506 505//505 497//497
f 506//506 497//497 499//499
f 496//496 497//497 505//505
f 496//496 505//505 507//507
f 507//507 505//505 503//503
f 507//507 503//503 508//508
f 508//508 503//503 501//501
f 508//508 501//501 509//509
f 509//509 501//501 484//484
f 509//509 484//484 480//480
f 495//495 496//496 507//507
f 495//495 507//507 510//510
f 510//510 507//507 508//508
f 510//510 508//508 511//511
f 511//511 508//508 509//509
f 511//511 509//509 512//512
f 512//512 509//509 480//480
f 512//512 480//480 479//479
f 513//513 514//514 494//494
f 513//513 494//494 495//495
f 319//319 494//494 514//514
f 319//319 514//514 324//324
f 324//324 514//514 515//515
f 324//324 515//515 329//329
f 514//514 513//513 516//516
f 514//514 516//516 515//515
f 329//329 515//515 517//517
f 329//329 517//517 332//332
f 515//515 516//516 518//518
f 515//515 518//518 517//517
f 332//332 517//517 519//519
f 332//332 519//519 264//264
f 517//517 518//518 520//520
f 517//517 520//520 519//519
f 521//521 522//522 523//523
f 521//521 523//523 524//524
f 524//524 523//523 525//525
f 524//524 525//525 526//526
f 527//527 525//525 523//523
f 527//527 523//523 528//528
f 523//523 522//522 529//529
f 523//523 529//529 528//528
f 530//530 527//527 528//528
f 530//530 528//528 531//531
f 528//528 529//529 532//532
f 528//528 532//532 531//531
f 530//530 531//531 533//533
f 530//530 533//533 534//534
f 531//531 532//532 535//535
f 531//531 535//535 533//533
f 356//356 424//424 536//536
f 356//356 536//536 537//537
f 537//537 536//536 538//538
f 537//537 538//538 539//539
f 540//540 538//538 536//536
f 540//540 536//536 541//541
f 541//541 536//536 424//424
f 541//541 424//424 430//430
f 542//542 540//540 541//541
f 542//542 541//541 543//543
f 543//543 541//541 430//430
f 543//543 430//430 440//440
f 544//544 542//542 543//543
f 544//544 543//543 545//545
f 545//545 543//543 440//440
f 545//545 440//440 426//426
f 546//546 544//544 545//545
f 546//546 545//545 547//547
f 547//547 545//545 426//426
f 547//547 426//426 441//441
f 546//546 547//547 388//388
f 546//546 388//388 391//391
f 388//388 547//547 441//441
f 388//388 441//441 389//389
f 403//403 548//548 549//549
f 403//403 549//549 396//396
f 549//549 548//548 550//550
f 549//549 550//550 551//551
f 551//551 550//550 552//552
f 551//551 552//552 553//553
f 553//553 552//552 554//554
f 553//553 554//554 555//555
f 534//534 554//554 552//552
f 534//534 552//552 556//556
f 556//556 552//552 550//550
f 556//556 550//550 557//557
f 557//557 550//550 548//548
f 557//557 548//548 558//558
f 558//558 548//548 403//403
f 558//558 403//403 406//406
f 559//559 560//560 561//561
f 559//559 561//561 562//562
f 563//563 561//561 560//560
f 563//563 560//560 564//564
f 565//565 563//563 564//564
f 565//565 564//564 566//566
f 567//567 565//565 566//566
f 567//567 566//566 568//568
f 567//567 568//568 569//569
f 567//567 569//569 570//570
f 570//570 569//569 571//571
f 570//570 571//571 572//572
f 572//572 571//571 573//573
f 572//572 573//573 574//574
f 574//574 573//573 575//575
f 574//574 575//575 576//576
f 576//576 575//575 577//577
f 576//576 577//577 578//578
f 578//578 577//577 546//546
f 578//578 546//546 391//391
f 544//544 546//546 577//577
f 544//544 577//577 579//579
f 579//579 577//577 575//575
f 579//579 575//575 580//580
f 580//580 575//575 573//573
f 580//580 573//573 581//581
f 581//581 573//573 571//571
f 581//581 571//571 582//582
f 582//582 571//571 569//569
f 582//582 569//569 583//583
f 583//583 569//569 568//568
f 583//583 568//568 584//584
f 568//568 566//566 585//585
f 568//568 585//585 584//584
f 566//566 564//564 586//586
f 566//566 586//586 585//585
f 564//564 560//560 587//587
f 564//564 587//587 586//586
f 560//560 559//559 588//588
f 560//560 588//588 587//587
f 542//542 544//544 579//579
f 542//542 579//579 589//589
f 589//589 579//579 580//580
f 589//589 580//580 590//590
f 590//590 580//580 581//581
f 590//590 581//581 591//591
f 591//591 581//581 582//582
f 591//591 582//582 592//592
f 592//592 582//582 583//583
f 592//592 583//583 593//593
f 593//593 583//583 584//584
f 593//593 584//584 594//594
f 584//584 585//585 595//595
f 584//584 595//595 594//594
f 585//585 586//586 596//596
f 585//585 596//596 595//595
f 586//586 587//587 597//597
f 586//586 597//597 596//596
f 587//587 588//588 598//598
f 587//587 598//598 597//597
f 540//540 542//542 589//589
f 540//540 589//589 599//599
f 599//599 589//589 590//590
f 599//599 590//590 600//600
f 600//600 590//590 591//591
f 600//600 591//591 601//601
f 601//601 591//591 592//592
f 601//601 592//592 602//602
f 602//602 592//592 593//593
f 602//602 593//593 603//603
f 603//603 593//593 594//594
f 603//603 594//594 604//604
f 594//594 595//595 605//605
f 594//594 605//605 604//604
f 595//595 596//596 606//606
f 595//595 606//606 605//605
f 596//596 597//597 607//607
f 596//596 607//607 606//606
f 597//597 598//598 608//608
f 597//597 608//608 607//607
f 538//538 540//540 599//599
f 538//538 599//599 609//609
f 609//609 599//599 600//600
f 609//609 600//600 610//610
f 600//600 601//601 611//611
f 600//600 611//611 610//610
f 601//601 602//602 612//612
f 601//601 612//612 611//611
f 602//602 603//603 613//613
f 602//602 613//613 612//612
f 613//613 603//603 604//604
f 613//613 604//604 614//614
f 614//614 604//604 605//605
f 614//614 605//605 615//615
f 615//615 605//605 606//606
f 615//615 606//606 616//616
f 606//606 607//607 617//617
f 606//606 617//617 616//616
f 607//607 608//608 618//618
f 607//607 618//618 617//617
f 539//539 538//538 609//609
f 539//539 609//609 619//619
f 619//619 609//609 610//610
f 619//619 610//610 620//620
f 610//610 611//611 621//621
f 610//610 621//621 620//620
f 611//611 612//612 622//622
f 611//611 622//622 621//621
f 622//622 612//612 613//613
f 622//622 613//613 623//623
f 623//623 613//613 614//614
f 623//623 614//614 624//624
f 624//624 614//614 615//615
f 624//624 615//615 625//625
f 625//625 615//615 616//616
f 625//625 616//616 626//626
f 626//626 616//616 617//617
f 626//626 617//617 627//627
f 627//627 617//617 618//618
f 627//627 618//618 628//628
f 629//629 630//630 631//631
f 629//629 631//631 632//632
f 632//632 631//631 633//633
f 632//632 633//633 634//634
f 635//635 633//633 631//631
f 635//635 631//631 636//636
f 636//636 631//631 630//630
f 636//636 630//630 637//637
f 638//638 635//635 636//636
f 638//638 636//636 639//639
f 639//639 636//636 637//637
f 639//639 637//637 640//640
f 526//526 638//638 639//639
f 526//526 639//639 641//641
f 639//639 640//640 642//642
f 639//639 642//642 641//641
f 561//561 643//643 644//644
f 561//561 644//644 562//562
f 645//645 644//644 643//643
f 645//645 643//643 646//646
f 646//646 643//643 647//647
f 646//646 647//647 648//648
f 643//643 561//561 563//563
f 643//643 563//563 647//647
f 648//648 647//647 649//649
f 648//648 649//649 650//650
f 647//647 563//563 565//565
f 647//647 565//565 649//649
f 650//650 649//649 651//651
f 650//650 651//651 652//652
f 649//649 565//565 567//567
f 649//649 567//567 651//651
f 652//652 651//651 653//653
f 652//652 653//653 654//654
f 651//651 567//567 570//570
f 651//651 570//570 653//653
f 654//654 653//653 655//655
f 654//654 655//655 656//656
f 653//653 570//570 572//572
f 653//653 572//572 655//655
f 656//656 655//655 657//657
f 656//656 657//657 658//658
f 655//655 572//572 574//574
f 655//655 574//574 657//657
f 658//658 657//657 659//659
f 658//658 659//659 660//660
f 657//657 574//574 576//576
f 657//657 576//576 659//659
f 660//660 659//659 661//661
f 660//660 661//661 662//662
f 659//659 576//576 578//578
f 659//659 578//578 661//661
f 662//662 661//661 393//393
f 662//662 393//393 396//396
f 393//393 661//661 578//578
f 393//393 578//578 391//391
f 555//555 554//554 663//663
f 555//555 663//663 664//664
f 664//664 663//663 665//665
f 664//664 665//665 666//666
f 666//666 665//665 667//667
f 666//666 667//667 668//668
f 668//668 667//667 669//669
f 668//668 669//669 670//670
f 354//354 669//669 667//667
f 354//354 667//667 671//671
f 671//671 667//667 665//665
f 671//671 665//665 535//535
f 535//535 665//665 663//663
f 535//535 663//663 533//533
f 533//533 663//663 554//554
f 533//533 554//554 534//534
f 354//354 353//353 672//672
f 354//354 672//672 669//669
f 669//669 672//672 673//673
f 669//669 673//673 670//670
f 539//539 673//673 672//672
f 539//539 672//672 537//537
f 537//537 672//672 353//353
f 537//537 353//353 356//356
f 670//670 673//673 674//674
f 670//670 674//674 675//675
f 675//675 674//674 676//676
f 675//675 676//676 677//677
f 677//677 676//676 678//678
f 677//677 678//678 679//679
f 680//680 679//679 678//678
f 680//680 678//678 681//681
f 680//680 681//681 682//682
f 680//680 682//682 683//683
f 683//683 682//682 684//684
f 683//683 684//684 685//685
f 685//685 684//684 686//686
f 685//685 686//686 687//687
f 687//687 686//686 688//688
f 687//687 688//688 689//689
f 689//689 688//688 690//690
f 689//689 690//690 691//691
f 691//691 690//690 692//692
f 691//691 692//692 693//693
f 628//628 692//692 690//690
f 628//628 690//690 627//627
f 627//627 690//690 688//688
f 627//627 688//688 626//626
f 626//626 688//688 686//686
f 626//626 686//686 625//625
f 625//625 686//686 684//684
f 625//625 684//684 624//624
f 624//624 684//684 682//682
f 624//624 682//682 623//623
f 623//623 682//682 681//681
f 623//623 681//681 622//622
f 622//622 681//681 678//678
f 622//622 678//678 621//621
f 621//621 678//678 676//676
f 621//621 676//676 620//620
f 620//620 676//676 674//674
f 620//620 674//674 619//619
f 619//619 674//674 673//673
f 619//619 673//673 539//539
f 694//694 695//695 691//691
f 694//694 691//691 693//693
f 689//689 691//691 695//695
f 689//689 695//695 696//696
f 687//687 689//689 696//696
f 687//687 696//696 697//697
f 685//685 687//687 697//697
f 685//685 697//697 698//698
f 683//683 685//685 698//698
f 683//683 698//698 699//699
f 680//680 683//683 699//699
f 680//680 699//699 700//700
f 679//679 680//680 700//700
f 679//679 700//700 701//701
f 677//677 679//679 701//701
f 677//677 701//701 702//702
f 675//675 677//677 702//702
f 675//675 702//702 703//703
f 670//670 675//675 703//703
f 670//670 703//703 668//668
f 668//668 703//703 704//704
f 668//668 704//704 666//666
f 703//703 702//702 705//705
f 703//703 705//705 704//704
f 702//702 701//701 706//706
f 702//702 706//706 705//705
f 701//701 700//700 707//707
f 701//701 707//707 706//706
f 700//700 699//699 708//708
f 700//700 708//708 707//707
f 699//699 698//698 709//709
f 699//699 709//709 708//708
f 698//698 697//697 710//710
f 698//698 710//710 709//709
f 697//697 696//696 711//711
f 697//697 711//711 710//710
f 696//696 695//695 712//712
f 696//696 712//712 711//711
f 695//695 694//694 713//713
f 695//695 713//713 712//712
f 666//666 704//704 714//714
f 666//666 714//714 664//664
f 704//704 705//705 715//715
f 704//704 715//715 714//714
f 705//705 706//706 716//716
f 705//705 716//716 715//715
f 706//706 707//707 717//717
f 706//706 717//717 716//716
f 707//707 708//708 718//718
f 707//707 718//718 717//717
f 708//708 709//709 719//719
f 708//708 719//719 718//718
f 709//709 710//710 720//720
f 709//709 720//720 719//719
f 710//710 711//711 721//721
f 710//710 721//721 720//720
f 711//711 712//712 722//722
f 711//711 722//722 721//721
f 712//712 713//713 723//723
f 712//712 723//723 722//722
f 664//664 714//714 724//724
f 664//664 724//724 555//555
f 714//714 715//715 725//725
f 714//714 725//725 724//724
f 715//715 716//716 726//726
f 715//715 726//726 725//725
f 716//716 717//717 727//727
f 716//716 727//727 726//726
f 717//717 718//718 728//728
f 717//717 728//728 727//727
f 718//718 719//719 729//729
f 718//718 729//729 728//728
f 719//719 720//720 730//730
f 719//719 730//730 729//729
f 730//730 720//720 721//721
f 730//730 721//721 731//731
f 731//731 721//721 722//722
f 731//731 722//722 732//732
f 732//732 722//722 723//723
f 732//732 723//723 733//733
f 555//555 724//724 734//734
f 555//555 734//734 553//553
f 724//724 725//725 735//735
f 724//724 735//735 734//734
f 725//725 726//726 736//736
f 725//725 736//736 735//735
f 726//726 727//727 737//737
f 726//726 737//737 736//736
f 727//727 728//728 738//738
f 727//727 738//738 737//737
f 728//728 729//729 739//739
f 728//728 739//739 738//738
f 729//729 730//730 740//740
f 729//729 740//740 739//739
f 740//740 730//730 731//731
f 740//740 731//731 741//741
f 741//741 731//731 732//732
f 741//741 732//732 742//742
f 742//742 732//732 733//733
f 742//742 733//733 743//743
f 553//553 734//734 744//744
f 553//553 744//744 551//551
f 734//734 735//735 745//745
f 734//734 745//745 744//744
f 735//735 736//736 746//746
f 735//735 746//746 745//745
f 736//736 737//737 747//747
f 736//736 747//747 746//746
f 737//737 738//738 748//748
f 737//737 748//748 747//747
f 738//738 739//739 749//749
f 738//738 749//749 748//748
f 749//749 739//739 740//740
f 749//749 740//740 750//750
f 750//750 740//740 741//741
f 750//750 741//741 751//751
f 751//751 741//741 742//742
f 751//751 742//742 752//752
f 752//752 742//742 743//743
f 752//752 743//743 753//753
f 551//551 744//744 754//754
f 551//551 754//754 549//549
f 744//744 745//745 755//755
f 744//744 755//755 754//754
f 745//745 746//746 756//756
f 745//745 756//756 755//755
f 746//746 747//747 757//757
f 746//746 757//757 756//756
f 747//747 748//748 758//758
f 747//747 758//758 757//757
f 748//748 749//749 759//759
f 748//748 759//759 758//758
f 759//759 749//749 750//750
f 759//759 750//750 760//760
f 760//760 750//750 751//751
f 760//760 751//751 761//761
f 761//761 751//751 752//752
f 761//761 752//752 762//762
f 762//762 752//752 753//753
f 762//762 753//753 763//763
f 549//549 754//754 662//662
f 549//549 662//662 396//396
f 754//754 755//755 660//660
f 754//754 660//660 662//662
f 755//755 756//756 658//658
f 755//755 658//658 660//660
f 756//756 757//757 656//656
f 756//756 656//656 658//658
f 656//656 757//757 758//758
f 656//656 758//758 654//654
f 654//654 758//758 759//759
f 654//654 759//759 652//652
f 652//652 759//759 760//760
f 652//652 760//760 650//650
f 650//650 760//760 761//761
f 650//650 761//761 648//648
f 648//648 761//761 762//762
f 648//648 762//762 646//646
f 646//646 762//762 763//763
f 646//646 763//763 645//645
f 203//203 202//202 764//764
f 203//203 764//764 249//249
f 251//251 765//765 766//766
f 251//251 766//766 205//205
f 765//765 249//249 764//764
f 765//765 764//764 766//766
f 202//202 205//205 766//766
f 202//202 766//766 764//764
f 248//248 249//249 765//765
f 248//248 765//765 767//767
f 767//767 765//765 476//476
f 767//767 476//476 371//371
f 476//476 765//765 251//251
f 476//476 251//251 250//250
f 768//768 532//532 529//529
f 768//768 529//529 769//769
f 521//521 770//770 771//771
f 521//521 771//771 522//522
f 772//772 768//768 769//769
f 772//772 769//769 773//773
f 769//769 529//529 522//522
f 769//769 522//522 771//771
f 773//773 769//769 771//771
f 773//773 771//771 770//770
f 532//532 768//768 671//671
f 532//532 671//671 535//535
f 671//671 768//768 377//377
f 671//671 377//377 354//354
f 768//768 772//772 372//372
f 768//768 372//372 377//377
f 370//370 372//372 772//772
f 370//370 772//772 774//774
f 774//774 772//772 773//773
f 774//774 773//773 775//775
f 775//775 773//773 770//770
f 775//775 770//770 776//776
f 776//776 770//770 521//521
f 776//776 521//521 777//777
f 370//370 774//774 778//778
f 370//370 778//778 371//371
f 774//774 775//775 779//779
f 774//774 779//779 778//778
f 775//775 776//776 780//780
f 775//775 780//780 779//779
f 776//776 777//777 781//781
f 776//776 781//781 780//780
f 520//520 518//518 782//782
f 520//520 782//782 783//783
f 783//783 782//782 784//784
f 783//783 784//784 785//785
f 786//786 785//785 784//784
f 786//786 784//784 787//787
f 383//383 786//786 787//787
f 383//383 787//787 491//491
f 489//489 491//491 787//787
f 489//489 787//787 788//788
f 787//787 784//784 789//789
f 787//787 789//789 788//788
f 784//784 782//782 790//790
f 784//784 790//790 789//789
f 790//790 782//782 518//518
f 790//790 518//518 516//516
f 488//488 489//489 788//788
f 488//488 788//788 791//791
f 791//791 788//788 789//789
f 791//791 789//789 792//792
f 792//792 789//789 790//790
f 792//792 790//790 793//793
f 790//790 516//516 513//513
f 790//790 513//513 793//793
f 479//479 488//488 791//791
f 479//479 791//791 512//512
f 512//512 791//791 792//792
f 512//512 792//792 511//511
f 511//511 792//792 793//793
f 511//511 793//793 510//510
f 510//510 793//793 513//513
f 510//510 513//513 495//495
f 794//794 795//795 558//558
f 794//794 558//558 406//406
f 557//557 558//558 795//795
f 557//557 795//795 796//796
f 556//556 557//557 796//796
f 556//556 796//796 797//797
f 534//534 556//556 797//797
f 534//534 797//797 530//530
f 530//530 797//797 798//798
f 530//530 798//798 527//527
f 797//797 796//796 799//799
f 797//797 799//799 798//798
f 796//796 795//795 800//800
f 796//796 800//800 799//799
f 795//795 794//794 801//801
f 795//795 801//801 800//800
f 527//527 798//798 802//802
f 527//527 802//802 525//525
f 798//798 799//799 803//803
f 798//798 803//803 802//802
f 799//799 800//800 804//804
f 799//799 804//804 803//803
f 800//800 801//801 805//805
f 800//800 805//805 804//804
f 525//525 802//802 806//806
f 525//525 806//806 526//526
f 802//802 803//803 807//807
f 802//802 807//807 806//806
f 803//803 804//804 808//808
f 803//803 808//808 807//807
f 804//804 805//805 809//809
f 804//804 809//809 808//808
f 635//635 638//638 810//810
f 635//635 810//810 811//811
f 633//633 635//635 811//811
f 633//633 811//811 812//812
f 634//634 633//633 812//812
f 634//634 812//812 813//813
f 813//813 812//812 808//808
f 813//813 808//808 809//809
f 812//812 811//811 807//807
f 812//812 807//807 808//808
f 811//811 810//810 806//806
f 811//811 806//806 807//807
f 810//810 638//638 526//526
f 810//810 526//526 806//806
f 814//814 815//815 816//816
f 814//814 816//816 817//817
f 818//818 817//817 816//816
f 818//818 816//816 819//819
f 819//819 816//816 815//815
f 819//819 815//815 820//820
f 821//821 822//822 823//823
f 821//821 823//823 824//824
f 818//818 823//823 822//822
f 818//818 822//822 817//817
f 822//822 821//821 814//814
f 822//822 814//814 817//817
f 824//824 823//823 825//825
f 824//824 825//825 826//826
f 827//827 826//826 825//825
f 827//827 825//825 828//828
f 829//829 828//828 825//825
f 829//829 825//825 830//830
f 830//830 825//825 823//823
f 830//830 823//823 818//818
f 831//831 829//829 830//830
f 831//831 830//830 832//832
f 832//832 830//830 818//818
f 832//832 818//818 819//819
f 833//833 831//831 832//832
f 833//833 832//832 834//834
f 832//832 819//819 820//820
f 832//832 820//820 834//834
f 835//835 836//836 831//831
f 835//835 831//831 833//833
f 829//829 831//831 836//836
f 829//829 836//836 837//837
f 836//836 835//835 838//838
f 836//836 838//838 837//837
f 838//838 839//839 840//840
f 838//838 840//840 837//837
f 829//829 837//837 840//840
f 829//829 840//840 828//828
f 828//828 840//840 839//839
f 828//828 839//839 827//827
f 841//841 842//842 843//843
f 841//841 843//843 844//844
f 838//838 843//843 842//842
f 838//838 842//842 839//839
f 827//827 839//839 842//842
f 827//827 842//842 845//845
f 845//845 842//842 841//841
f 845//845 841//841 846//846
f 847//847 848//848 849//849
f 847//847 849//849 850//850
f 849//849 848//848 845//845
f 849//849 845//845 846//846
f 845//845 848//848 826//826
f 845//845 826//826 827//827
f 848//848 847//847 824//824
f 848//848 824//824 826//826
f 814//814 821//821 851//851
f 814//814 851//851 852//852
f 852//852 851//851 853//853
f 852//852 853//853 854//854
f 853//853 851//851 847//847
f 853//853 847//847 850//850
f 851//851 821//821 824//824
f 851//851 824//824 847//847
f 815//815 855//855 856//856
f 815//815 856//856 820//820
f 857//857 856//856 855//855
f 857//857 855//855 858//858
f 854//854 858//858 855//855
f 854//854 855//855 852//852
f 855//855 815//815 814//814
f 855//855 814//814 852//852
f 820//820 856//856 859//859
f 820//820 859//859 834//834
f 833//833 834//834 859//859
f 833//833 859//859 860//860
f 860//860 859//859 861//861
f 860//860 861//861 862//862
f 861//861 859//859 856//856
f 861//861 856//856 857//857
f 862//862 863//863 864//864
f 862//862 864//864 860//860
f 860//860 864//864 835//835
f 860//860 835//835 833//833
f 838//838 835//835 864//864
f 838//838 864//864 843//843
f 864//864 863//863 844//844
f 864//864 844//844 843//843
f 865//865 866//866 867//867
f 865//865 867//867 868//868
f 866//866 865//865 869//869
f 866//866 869//869 870//870
f 870//870 869//869 871//871
f 870//870 871//871 872//872
f 868//868 867//867 873//873
f 868//868 873//873 874//874
f 867//867 866//866 875//875
f 867//867 875//875 873//873
f 866//866 870//870 876//876
f 866//866 876//876 875//875
f 876//876 870//870 872//872
f 876//876 872//872 877//877
f 878//878 879//879 880//880
f 878//878 880//880 881//881
f 882//882 883//883 884//884
f 882//882 884//884 885//885
f 886//886 881//881 880//880
f 886//886 880//880 887//887
f 880//880 879//879 888//888
f 880//880 888//888 887//887
f 888//888 885//885 884//884
f 888//888 884//884 887//887
f 886//886 887//887 884//884
f 886//886 884//884 883//883
f 889//889 878//878 881//881
f 889//889 881//881 890//890
f 890//890 881//881 891//891
f 890//890 891//891 892//892
f 891//891 881//881 886//886
f 891//891 886//886 893//893
f 886//886 883//883 894//894
f 886//886 894//894 893//893
f 499//499 892//892 891//891
f 499//499 891//891 506//506
f 506//506 891//891 893//893
f 506//506 893//893 504//504
f 504//504 893//893 894//894
f 504//504 894//894 502//502
f 502//502 894//894 895//895
f 502//502 895//895 486//486
f 894//894 883//883 896//896
f 894//894 896//896 895//895
f 883//883 882//882 897//897
f 883//883 897//897 896//896
f 897//897 882//882 872//872
f 897//897 872//872 871//871
f 882//882 885//885 877//877
f 882//882 877//877 872//872
f 885//885 888//888 898//898
f 885//885 898//898 877//877
f 888//888 879//879 899//899
f 888//888 899//899 898//898
f 879//879 878//878 900//900
f 879//879 900//900 899//899
f 900//900 878//878 889//889
f 900//900 889//889 901//901
f 902//902 903//903 904//904
f 902//902 904//904 905//905
f 905//905 904//904 906//906
f 905//905 906//906 874//874
f 857//857 906//906 904//904
f 857//857 904//904 861//861
f 861//861 904//904 903//903
f 861//861 903//903 862//862
f 902//902 905//905 907//907
f 902//902 907//907 908//908
f 908//908 907//907 909//909
f 908//908 909//909 910//910
f 911//911 910//910 909//909
f 911//911 909//909 912//912
f 911//911 912//912 898//898
f 911//911 898//898 899//899
f 877//877 898//898 912//912
f 877//877 912//912 876//876
f 912//912 909//909 875//875
f 912//912 875//875 876//876
f 909//909 907//907 873//873
f 909//909 873//873 875//875
f 907//907 905//905 874//874
f 907//907 874//874 873//873
f 913//913 914//914 915//915
f 913//913 915//915 916//916
f 917//917 913//913 916//916
f 917//917 916//916 918//918
f 917//917 918//918 900//900
f 917//917 900//900 901//901
f 899//899 900//900 918//918
f 899//899 918//918 911//911
f 911//911 918//918 916//916
f 911//911 916//916 910//910
f 910//910 916//916 915//915
f 910//910 915//915 908//908
f 915//915 914//914 902//902
f 915//915 902//902 908//908
f 902//902 914//914 919//919
f 902//902 919//919 903//903
f 903//903 919//919 863//863
f 903//903 863//863 862//862
f 844//844 863//863 919//919
f 844//844 919//919 920//920
f 920//920 919//919 914//914
f 920//920 914//914 913//913
f 841//841 844//844 920//920
f 841//841 920//920 921//921
f 921//921 920//920 913//913
f 921//921 913//913 917//917
f 841//841 921//921 922//922
f 841//841 922//922 846//846
f 921//921 917//917 901//901
f 921//921 901//901 922//922
f 871//871 869//869 923//923
f 871//871 923//923 924//924
f 924//924 923//923 853//853
f 924//924 853//853 850//850
f 853//853 923//923 925//925
f 853//853 925//925 854//854
f 923//923 869//869 865//865
f 923//923 865//865 925//925
f 854//854 925//925 926//926
f 854//854 926//926 858//858
f 925//925 865//865 868//868
f 925//925 868//868 926//926
f 858//858 926//926 906//906
f 858//858 906//906 857//857
f 926//926 868//868 874//874
f 926//926 874//874 906//906
f 922//922 927//927 928//928
f 922//922 928//928 846//846
f 929//929 928//928 927//927
f 929//929 927//927 930//930
f 931//931 929//929 930//930
f 931//931 930//930 932//932
f 309//309 931//931 932//932
f 309//309 932//932 500//500
f 500//500 932//932 892//892
f 500//500 892//892 499//499
f 932//932 930//930 890//890
f 932//932 890//890 892//892
f 930//930 927//927 889//889
f 930//930 889//889 890//890
f 927//927 922//922 901//901
f 927//927 901//901 889//889
f 304//304 933//933 931//931
f 304//304 931//931 309//309
f 929//929 931//931 933//933
f 929//929 933//933 934//934
f 928//928 929//929 934//934
f 928//928 934//934 935//935
f 846//846 928//928 935//935
f 846//846 935//935 849//849
f 849//849 935//935 936//936
f 849//849 936//936 850//850
f 935//935 934//934 937//937
f 935//935 937//937 936//936
f 937//937 934//934 933//933
f 937//937 933//933 938//938
f 938//938 933//933 304//304
f 938//938 304//304 297//297
f 895//895 939//939 485//485
f 895//895 485//485 486//486
f 297//297 485//485 939//939
f 297//297 939//939 938//938
f 938//938 939//939 940//940
f 938//938 940//940 937//937
f 939//939 895//895 896//896
f 939//939 896//896 940//940
f 937//937 940//940 941//941
f 937//937 941//941 936//936
f 940//940 896//896 897//897
f 940//940 897//897 941//941
f 850//850 936//936 941//941
f 850//850 941//941 924//924
f 941//941 897//897 871//871
f 941//941 871//871 924//924
f 942//942 943//943 944//944
f 942//942 944//944 945//945
f 945//945 944//944 946//946
f 945//945 946//946 947//947
f 520//520 946//946 944//944
f 520//520 944//944 519//519
f 519//519 944//944 943//943
f 519//519 943//943 264//264
f 948//948 949//949 950//950
f 948//948 950//950 951//951
f 952//952 951//951 950//950
f 952//952 950//950 953//953
f 953//953 950//950 954//954
f 953//953 954//954 955//955
f 954//954 950//950 949//949
f 954//954 949//949 942//942
f 956//956 957//957 958//958
f 956//956 958//958 959//959
f 952//952 959//959 958//958
f 952//952 958//958 951//951
f 948//948 951//951 958//958
f 948//948 958//958 960//960
f 958//958 957//957 961//961
f 958//958 961//961 960//960
f 952//952 953//953 962//962
f 952//952 962//962 959//959
f 956//956 959//959 962//962
f 956//956 962//962 963//963
f 963//963 962//962 964//964
f 963//963 964//964 965//965
f 964//964 962//962 953//953
f 964//964 953//953 955//955
f 966//966 967//967 963//963
f 966//966 963//963 965//965
f 963//963 967//967 957//957
f 963//963 957//957 956//956
f 961//961 957//957 967//967
f 961//961 967//967 968//968
f 968//968 967//967 966//966
f 968//968 966//966 969//969
f 948//948 960//960 970//970
f 948//948 970//970 949//949
f 949//949 970//970 971//971
f 949//949 971//971 942//942
f 971//971 970//970 968//968
f 971//971 968//968 969//969
f 970//970 960//960 961//961
f 970//970 961//961 968//968
f 284//284 287//287 972//972
f 284//284 972//972 973//973
f 974//974 975//975 976//976
f 974//974 976//976 977//977
f 978//978 973//973 972//972
f 978//978 972//972 979//979
f 972//972 287//287 289//289
f 972//972 289//289 979//979
f 980//980 977//977 976//976
f 980//980 976//976 981//981
f 982//982 981//981 976//976
f 982//982 976//976 975//975
f 291//291 980//980 981//981
f 291//291 981//981 983//983
f 983//983 981//981 982//982
f 983//983 982//982 984//984
f 979//979 289//289 291//291
f 979//979 291//291 983//983
f 978//978 979//979 983//983
f 978//978 983//983 984//984
f 284//284 973//973 985//985
f 284//284 985//985 255//255
f 255//255 985//985 986//986
f 255//255 986//986 253//253
f 253//253 986//986 478//478
f 253//253 478//478 250//250
f 420//420 478//478 986//986
f 420//420 986//986 473//473
f 473//473 986//986 985//985
f 473//473 985//985 472//472
f 472//472 985//985 973//973
f 472//472 973//973 471//471
f 471//471 973//973 978//978
f 471//471 978//978 470//470
f 470//470 978//978 984//984
f 470//470 984//984 469//469
f 984//984 982//982 468//468
f 984//984 468//468 469//469
f 982//982 975//975 467//467
f 982//982 467//467 468//468
f 466//466 467//467 975//975
f 466//466 975//975 987//987
f 987//987 975//975 974//974
f 987//987 974//974 988//988
f 465//465 466//466 987//987
f 465//465 987//987 989//989
f 989//989 987//987 988//988
f 989//989 988//988 990//990
f 465//465 989//989 991//991
f 465//465 991//991 464//464
f 991//991 989//989 990//990
f 991//991 990//990 992//992
f 993//993 994//994 966//966
f 993//993 966//966 965//965
f 966//966 994//994 995//995
f 966//966 995//995 969//969
f 977//977 995//995 994//994
f 977//977 994//994 974//974
f 994//994 993//993 988//988
f 994//994 988//988 974//974
f 969//969 995//995 996//996
f 969//969 996//996 997//997
f 997//997 996//996 290//290
f 997//997 290//290 263//263
f 291//291 290//290 996//996
f 291//291 996//996 980//980
f 980//980 996//996 995//995
f 980//980 995//995 977//977
f 971//971 998//998 943//943
f 971//971 943//943 942//942
f 264//264 943//943 998//998
f 264//264 998//998 262//262
f 262//262 998//998 997//997
f 262//262 997//997 263//263
f 998//998 971//971 969//969
f 998//998 969//969 997//997
f 999//999 1000//1000 1001//1001
f 999//999 1001//1001 1002//1002
f 1001//1001 1000//1000 1003//1003
f 1001//1001 1003//1003 1004//1004
f 1003//1003 1000//1000 1005//1005
f 1003//1003 1005//1005 1006//1006
f 1000//1000 999//999 1007//1007
f 1000//1000 1007//1007 1005//1005
f 1008//1008 1009//1009 1010//1010
f 1008//1008 1010//1010 1011//1011
f 1010//1010 1009//1009 1001//1001
f 1010//1010 1001//1001 1004//1004
f 1002//1002 1001//1001 1009//1009
f 1002//1002 1009//1009 1012//1012
f 1012//1012 1009//1009 1008//1008
f 1012//1012 1008//1008 1013//1013
f 1007//1007 999//999 1014//1014
f 1007//1007 1014//1014 1015//1015
f 1016//1016 1015//1015 1014//1014
f 1016//1016 1014//1014 1017//1017
f 1013//1013 1017//1017 1014//1014
f 1013//1013 1014//1014 1012//1012
f 1014//1014 999//999 1002//1002
f 1014//1014 1002//1002 1012//1012
f 1018//1018 1019//1019 1020//1020
f 1018//1018 1020//1020 1021//1021
f 1020//1020 1019//1019 1008//1008
f 1020//1020 1008//1008 1011//1011
f 1013//1013 1008//1008 1019//1019
f 1013//1013 1019//1019 1017//1017
f 1017//1017 1019//1019 1018//1018
f 1017//1017 1018//1018 1016//1016
f 1022//1022 1023//1023 1018//1018
f 1022//1022 1018//1018 1021//1021
f 1018//1018 1023//1023 1015//1015
f 1018//1018 1015//1015 1016//1016
f 1015//1015 1023//1023 1005//1005
f 1015//1015 1005//1005 1007//1007
f 1005//1005 1023//1023 1022//1022
f 1005//1005 1022//1022 1006//1006
f 1006//1006 1024//1024 1025//1025
f 1006//1006 1025//1025 1003//1003
f 1003//1003 1025//1025 1026//1026
f 1003//1003 1026//1026 1004//1004
f 1026//1026 1025//1025 964//964
f 1026//1026 964//964 955//955
f 964//964 1025//1025 1024//1024
f 964//964 1024//1024 965//965
f 1027//1027 1028//1028 1029//1029
f 1027//1027 1029//1029 1030//1030
f 1031//1031 1029//1029 1028//1028
f 1031//1031 1028//1028 1032//1032
f 1032//1032 1028//1028 1026//1026
f 1032//1032 1026//1026 955//955
f 1026//1026 1028//1028 1027//1027
f 1026//1026 1027//1027 1004//1004
f 1033//1033 1034//1034 1024//1024
f 1033//1033 1024//1024 1006//1006
f 965//965 1024//1024 1034//1034
f 965//965 1034//1034 993//993
f 993//993 1034//1034 990//990
f 993//993 990//990 988//988
f 990//990 1034//1034 1033//1033
f 990//990 1033//1033 992//992
f 1035//1035 1036//1036 1037//1037
f 1035//1035 1037//1037 1038//1038
f 1039//1039 809//809 805//805
f 1039//1039 805//805 1040//1040
f 801//801 794//794 1038//1038
f 801//801 1038//1038 1037//1037
f 1036//1036 1039//1039 1040//1040
f 1036//1036 1040//1040 1037//1037
f 1037//1037 1040//1040 805//805
f 1037//1037 805//805 801//801
f 445//445 1035//1035 1038//1038
f 445//445 1038//1038 443//443
f 443//443 1038//1038 407//407
f 443//443 407//407 389//389
f 407//407 1038//1038 794//794
f 407//407 794//794 406//406
f 809//809 1039//1039 1041//1041
f 809//809 1041//1041 813//813
f 1039//1039 1036//1036 1042//1042
f 1039//1039 1042//1042 1041//1041
f 1036//1036 1035//1035 1043//1043
f 1036//1036 1043//1043 1042//1042
f 1035//1035 445//445 455//455
f 1035//1035 455//455 1043//1043
f 813//813 1041//1041 1044//1044
f 813//813 1044//1044 634//634
f 1041//1041 1042//1042 1045//1045
f 1041//1041 1045//1045 1044//1044
f 1042//1042 1043//1043 1046//1046
f 1042//1042 1046//1046 1045//1045
f 1043//1043 455//455 464//464
f 1043//1043 464//464 1046//1046
f 634//634 1044//1044 1047//1047
f 634//634 1047//1047 632//632
f 1044//1044 1045//1045 1048//1048
f 1044//1044 1048//1048 1047//1047
f 1045//1045 1046//1046 1049//1049
f 1045//1045 1049//1049 1048//1048
f 1046//1046 464//464 991//991
f 1046//1046 991//991 1049//1049
f 632//632 1047//1047 1050//1050
f 632//632 1050//1050 629//629
f 1047//1047 1048//1048 1051//1051
f 1047//1047 1051//1051 1050//1050
f 1048//1048 1049//1049 1052//1052
f 1048//1048 1052//1052 1051//1051
f 1049//1049 991//991 992//992
f 1049//1049 992//992 1052//1052
f 992//992 1033//1033 1053//1053
f 992//992 1053//1053 1052//1052
f 1052//1052 1053//1053 1054//1054
f 1052//1052 1054//1054 1051//1051
f 1021//1021 1054//1054 1053//1053
f 1021//1021 1053//1053 1022//1022
f 1022//1022 1053//1053 1033//1033
f 1022//1022 1033//1033 1006//1006
f 1055//1055 1056//1056 1057//1057
f 1055//1055 1057//1057 1058//1058
f 1021//1021 1057//1057 1056//1056
f 1021//1021 1056//1056 1054//1054
f 1054//1054 1056//1056 1050//1050
f 1054//1054 1050//1050 1051//1051
f 1056//1056 1055//1055 629//629
f 1056//1056 629//629 1050//1050
f 1058//1058 1057//1057 1059//1059
f 1058//1058 1059//1059 1060//1060
f 1060//1060 1059//1059 1061//1061
f 1060//1060 1061//1061 1062//1062
f 1011//1011 1061//1061 1059//1059
f 1011//1011 1059//1059 1020//1020
f 1020//1020 1059//1059 1057//1057
f 1020//1020 1057//1057 1021//1021
f 1063//1063 1064//1064 1065//1065
f 1063//1063 1065//1065 1066//1066
f 1066//1066 1065//1065 1067//1067
f 1066//1066 1067//1067 1068//1068
f 1067//1067 1065//1065 1069//1069
f 1067//1067 1069//1069 1070//1070
f 1069//1069 1065//1065 1064//1064
f 1069//1069 1064//1064 1071//1071
f 1066//1066 1072//1072 1073//1073
f 1066//1066 1073//1073 1063//1063
f 1074//1074 1073//1073 1072//1072
f 1074//1074 1072//1072 1075//1075
f 1074//1074 1075//1075 1076//1076
f 1074//1074 1076//1076 1077//1077
f 1077//1077 1076//1076 1078//1078
f 1077//1077 1078//1078 1079//1079
f 1080//1080 1078//1078 1076//1076
f 1080//1080 1076//1076 1081//1081
f 1081//1081 1076//1076 1075//1075
f 1081//1081 1075//1075 1082//1082
f 1075//1075 1072//1072 1083//1083
f 1075//1075 1083//1083 1082//1082
f 1072//1072 1066//1066 1068//1068
f 1072//1072 1068//1068 1083//1083
f 1084//1084 1085//1085 1086//1086
f 1084//1084 1086//1086 1087//1087
f 1087//1087 1086//1086 1088//1088
f 1087//1087 1088//1088 1089//1089
f 1090//1090 1089//1089 1088//1088
f 1090//1090 1088//1088 1091//1091
f 1070//1070 1090//1090 1091//1091
f 1070//1070 1091//1091 1067//1067
f 1068//1068 1067//1067 1091//1091
f 1068//1068 1091//1091 1083//1083
f 1083//1083 1091//1091 1088//1088
f 1083//1083 1088//1088 1082//1082
f 1088//1088 1086//1086 1081//1081
f 1088//1088 1081//1081 1082//1082
f 1086//1086 1085//1085 1080//1080
f 1086//1086 1080//1080 1081//1081
f 1092//1092 1093//1093 1094//1094
f 1092//1092 1094//1094 1095//1095
f 1094//1094 1093//1093 1085//1085
f 1094//1094 1085//1085 1084//1084
f 1080//1080 1085//1085 1093//1093
f 1080//1080 1093//1093 1078//1078
f 1078//1078 1093//1093 1092//1092
f 1078//1078 1092//1092 1079//1079
f 1094//1094 1096//1096 1097//1097
f 1094//1094 1097//1097 1095//1095
f 1098//1098 1097//1097 1096//1096
f 1098//1098 1096//1096 1099//1099
f 1098//1098 1099//1099 1100//1100
f 1098//1098 1100//1100 1101//1101
f 1101//1101 1100//1100 1069//1069
f 1101//1101 1069//1069 1071//1071
f 1070//1070 1069//1069 1100//1100
f 1070//1070 1100//1100 1090//1090
f 1090//1090 1100//1100 1099//1099
f 1090//1090 1099//1099 1089//1089
f 1099//1099 1096//1096 1087//1087
f 1099//1099 1087//1087 1089//1089
f 1096//1096 1094//1094 1084//1084
f 1096//1096 1084//1084 1087//1087
f 1102//1102 1103//1103 1064//1064
f 1102//1102 1064//1064 1063//1063
f 1064//1064 1103//1103 1104//1104
f 1064//1064 1104//1104 1071//1071
f 1104//1104 1103//1103 954//954
f 1104//1104 954//954 942//942
f 954//954 1103//1103 1102//1102
f 954//954 1102//1102 955//955
f 1105//1105 1106//1106 1107//1107
f 1105//1105 1107//1107 1108//1108
f 1063//1063 1107//1107 1106//1106
f 1063//1063 1106//1106 1102//1102
f 1102//1102 1106//1106 1032//1032
f 1102//1102 1032//1032 955//955
f 1106//1106 1105//1105 1031//1031
f 1106//1106 1031//1031 1032//1032
f 1109//1109 1110//1110 1077//1077
f 1109//1109 1077//1077 1079//1079
f 1077//1077 1110//1110 1111//1111
f 1077//1077 1111//1111 1074//1074
f 1074//1074 1111//1111 1112//1112
f 1074//1074 1112//1112 1073//1073
f 1073//1073 1112//1112 1107//1107
f 1073//1073 1107//1107 1063//1063
f 1108//1108 1107//1107 1112//1112
f 1108//1108 1112//1112 1113//1113
f 1113//1113 1112//1112 1111//1111
f 1113//1113 1111//1111 1114//1114
f 1114//1114 1111//1111 1110//1110
f 1114//1114 1110//1110 1115//1115
f 1115//1115 1110//1110 1109//1109
f 1115//1115 1109//1109 1116//1116
f 1071//1071 1104//1104 1117//1117
f 1071//1071 1117//1117 1118//1118
f 1118//1118 1117//1117 1119//1119
f 1118//1118 1119//1119 1120//1120
f 947//947 1119//1119 1117//1117
f 947//947 1117//1117 945//945
f 945//945 1117//1117 1104//1104
f 945//945 1104//1104 942//942
f 1118//1118 1121//1121 1101//1101
f 1118//1118 1101//1101 1071//1071
f 1098//1098 1101//1101 1121//1121
f 1098//1098 1121//1121 1122//1122
f 1098//1098 1122//1122 1123//1123
f 1098//1098 1123//1123 1097//1097
f 1097//1097 1123//1123 1124//1124
f 1097//1097 1124//1124 1095//1095
f 1124//1124 1123//1123 1125//1125
f 1124//1124 1125//1125 1126//1126
f 1123//1123 1122//1122 1127//1127
f 1123//1123 1127//1127 1125//1125
f 1122//1122 1121//1121 1128//1128
f 1122//1122 1128//1128 1127//1127
f 1121//1121 1118//1118 1120//1120
f 1121//1121 1120//1120 1128//1128
f 1108//1108 1113//1113 1129//1129
f 1108//1108 1129//1129 1130//1130
f 1130//1130 1129//1129 1131//1131
f 1130//1130 1131//1131 1132//1132
f 1132//1132 1131//1131 1133//1133
f 1132//1132 1133//1133 1134//1134
f 1120//1120 1134//1134 1133//1133
f 1120//1120 1133//1133 1128//1128
f 1127//1127 1128//1128 1133//1133
f 1127//1127 1133//1133 1135//1135
f 1133//1133 1131//1131 1136//1136
f 1133//1133 1136//1136 1135//1135
f 1136//1136 1131//1131 1129//1129
f 1136//1136 1129//1129 1137//1137
f 1137//1137 1129//1129 1113//1113
f 1137//1137 1113//1113 1114//1114
f 1125//1125 1127//1127 1135//1135
f 1125//1125 1135//1135 1138//1138
f 1138//1138 1135//1135 1136//1136
f 1138//1138 1136//1136 1139//1139
f 1136//1136 1137//1137 1140//1140
f 1136//1136 1140//1140 1139//1139
f 1137//1137 1114//1114 1115//1115
f 1137//1137 1115//1115 1140//1140
f 1126//1126 1125//1125 1138//1138
f 1126//1126 1138//1138 1141//1141
f 1141//1141 1138//1138 1139//1139
f 1141//1141 1139//1139 1142//1142
f 1139//1139 1140//1140 1143//1143
f 1139//1139 1143//1143 1142//1142
f 1140//1140 1115//1115 1116//1116
f 1140//1140 1116//1116 1143//1143
f 1144//1144 1145//1145 1146//1146
f 1144//1144 1146//1146 1147//1147
f 1148//1148 1147//1147 1146//1146
f 1148//1148 1146//1146 1149//1149
f 1150//1150 1149//1149 1146//1146
f 1150//1150 1146//1146 1151//1151
f 1146//1146 1145//1145 1152//1152
f 1146//1146 1152//1152 1151//1151
f 1149//1149 1153//1153 1154//1154
f 1149//1149 1154//1154 1148//1148
f 1155//1155 1154//1154 1153//1153
f 1155//1155 1153//1153 1156//1156
f 1156//1156 1153//1153 1149//1149
f 1156//1156 1149//1149 1150//1150
f 1145//1145 1157//1157 1158//1158
f 1145//1145 1158//1158 1152//1152
f 1159//1159 1158//1158 1157//1157
f 1159//1159 1157//1157 1160//1160
f 1160//1160 1157//1157 1145//1145
f 1160//1160 1145//1145 1144//1144
f 1161//1161 1162//1162 1163//1163
f 1161//1161 1163//1163 1164//1164
f 1163//1163 1162//1162 1165//1165
f 1163//1163 1165//1165 1166//1166
f 1148//1148 1165//1165 1162//1162
f 1148//1148 1162//1162 1147//1147
f 1162//1162 1161//1161 1144//1144
f 1162//1162 1144//1144 1147//1147
f 1165//1165 1167//1167 1168//1168
f 1165//1165 1168//1168 1166//1166
f 1169//1169 1168//1168 1167//1167
f 1169//1169 1167//1167 1170//1170
f 1170//1170 1167//1167 1154//1154
f 1170//1170 1154//1154 1155//1155
f 1167//1167 1165//1165 1148//1148
f 1167//1167 1148//1148 1154//1154
f 1171//1171 1172//1172 1173//1173
f 1171//1171 1173//1173 1174//1174
f 1175//1175 1173//1173 1172//1172
f 1175//1175 1172//1172 1176//1176
f 1176//1176 1172//1172 1151//1151
f 1176//1176 1151//1151 1152//1152
f 1151//1151 1172//1172 1171//1171
f 1151//1151 1171//1171 1150//1150
f 1171//1171 1177//1177 1156//1156
f 1171//1171 1156//1156 1150//1150
f 1155//1155 1156//1156 1177//1177
f 1155//1155 1177//1177 1170//1170
f 1170//1170 1177//1177 1178//1178
f 1170//1170 1178//1178 1169//1169
f 1177//1177 1171//1171 1174//1174
f 1177//1177 1174//1174 1178//1178
f 1179//1179 1180//1180 1163//1163
f 1179//1179 1163//1163 1166//1166
f 1163//1163 1180//1180 1181//1181
f 1163//1163 1181//1181 1164//1164
f 1181//1181 1180//1180 1092//1092
f 1181//1181 1092//1092 1095//1095
f 1092//1092 1180//1180 1179//1179
f 1092//1092 1179//1179 1079//1079
f 1182//1182 1183//1183 1184//1184
f 1182//1182 1184//1184 1185//1185
f 1166//1166 1184//1184 1183//1183
f 1166//1166 1183//1183 1179//1179
f 1179//1179 1183//1183 1109//1109
f 1179//1179 1109//1109 1079//1079
f 1183//1183 1182//1182 1116//1116
f 1183//1183 1116//1116 1109//1109
f 1186//1186 1187//1187 1188//1188
f 1186//1186 1188//1188 1189//1189
f 1190//1190 1187//1187 1186//1186
f 1190//1190 1186//1186 1191//1191
f 1192//1192 1190//1190 1191//1191
f 1192//1192 1191//1191 1193//1193
f 1189//1189 1188//1188 1194//1194
f 1189//1189 1194//1194 1195//1195
f 1188//1188 1187//1187 1196//1196
f 1188//1188 1196//1196 1194//1194
f 1187//1187 1190//1190 1197//1197
f 1187//1187 1197//1197 1196//1196
f 1190//1190 1192//1192 1185//1185
f 1190//1190 1185//1185 1197//1197
f 1175//1175 1198//1198 1199//1199
f 1175//1175 1199//1199 1173//1173
f 1174//1174 1173//1173 1199//1199
f 1174//1174 1199//1199 1200//1200
f 1200//1200 1199//1199 1201//1201
f 1200//1200 1201//1201 1195//1195
f 1201//1201 1199//1199 1198//1198
f 1201//1201 1198//1198 1202//1202
f 1195//1195 1194//1194 1203//1203
f 1195//1195 1203//1203 1200//1200
f 1200//1200 1203//1203 1178//1178
f 1200//1200 1178//1178 1174//1174
f 1169//1169 1178//1178 1203//1203
f 1169//1169 1203//1203 1204//1204
f 1204//1204 1203//1203 1194//1194
f 1204//1204 1194//1194 1196//1196
f 1168//1168 1169//1169 1204//1204
f 1168//1168 1204//1204 1205//1205
f 1205//1205 1204//1204 1196//1196
f 1205//1205 1196//1196 1197//1197
f 1168//1168 1205//1205 1184//1184
f 1168//1168 1184//1184 1166//1166
f 1205//1205 1197//1197 1185//1185
f 1205//1205 1185//1185 1184//1184
f 1195//1195 1201//1201 1206//1206
f 1195//1195 1206//1206 1189//1189
f 1189//1189 1206//1206 1207//1207
f 1189//1189 1207//1207 1186//1186
f 1186//1186 1207//1207 1208//1208
f 1186//1186 1208//1208 1191//1191
f 1193//1193 1191//1191 1208//1208
f 1193//1193 1208//1208 1209//1209
f 1210//1210 1209//1209 1208//1208
f 1210//1210 1208//1208 1211//1211
f 1211//1211 1208//1208 1207//1207
f 1211//1211 1207//1207 1212//1212
f 1207//1207 1206//1206 1213//1213
f 1207//1207 1213//1213 1212//1212
f 1206//1206 1201//1201 1202//1202
f 1206//1206 1202//1202 1213//1213
f 1212//1212 1213//1213 1214//1214
f 1212//1212 1214//1214 1215//1215
f 1212//1212 1215//1215 1216//1216
f 1212//1212 1216//1216 1211//1211
f 1211//1211 1216//1216 1217//1217
f 1211//1211 1217//1217 1210//1210
f 1218//1218 1217//1217 1216//1216
f 1218//1218 1216//1216 1219//1219
f 1219//1219 1216//1216 1215//1215
f 1219//1219 1215//1215 1220//1220
f 1220//1220 1215//1215 1214//1214
f 1220//1220 1214//1214 1221//1221
f 1214//1214 1213//1213 1202//1202
f 1214//1214 1202//1202 1221//1221
f 1176//1176 1222//1222 1223//1223
f 1176//1176 1223//1223 1175//1175
f 1224//1224 1223//1223 1222//1222
f 1224//1224 1222//1222 1225//1225
f 1159//1159 1225//1225 1222//1222
f 1159//1159 1222//1222 1158//1158
f 1158//1158 1222//1222 1176//1176
f 1158//1158 1176//1176 1152//1152
f 1225//1225 1226//1226 1227//1227
f 1225//1225 1227//1227 1224//1224
f 1227//1227 1226//1226 1161//1161
f 1227//1227 1161//1161 1164//1164
f 1161//1161 1226//1226 1160//1160
f 1161//1161 1160//1160 1144//1144
f 1226//1226 1225//1225 1159//1159
f 1226//1226 1159//1159 1160//1160
f 1228//1228 1229//1229 1230//1230
f 1228//1228 1230//1230 1218//1218
f 1126//1126 1230//1230 1229//1229
f 1126//1126 1229//1229 1124//1124
f 1124//1124 1229//1229 1181//1181
f 1124//1124 1181//1181 1095//1095
f 1229//1229 1228//1228 1164//1164
f 1229//1229 1164//1164 1181//1181
f 1218//1218 1219//1219 1231//1231
f 1218//1218 1231//1231 1228//1228
f 1228//1228 1231//1231 1227//1227
f 1228//1228 1227//1227 1164//1164
f 1224//1224 1227//1227 1231//1231
f 1224//1224 1231//1231 1232//1232
f 1232//1232 1231//1231 1219//1219
f 1232//1232 1219//1219 1220//1220
f 1224//1224 1232//1232 1233//1233
f 1224//1224 1233//1233 1223//1223
f 1233//1233 1232//1232 1220//1220
f 1233//1233 1220//1220 1221//1221
f 1223//1223 1233//1233 1198//1198
f 1223//1223 1198//1198 1175//1175
f 1233//1233 1221//1221 1202//1202
f 1233//1233 1202//1202 1198//1198
f 1192//1192 1193//1193 1234//1234
f 1192//1192 1234//1234 1235//1235
f 1217//1217 1236//1236 1237//1237
f 1217//1217 1237//1237 1210//1210
f 1238//1238 1239//1239 1235//1235
f 1238//1238 1235//1235 1234//1234
f 1234//1234 1193//1193 1209//1209
f 1234//1234 1209//1209 1238//1238
f 1209//1209 1210//1210 1237//1237
f 1209//1209 1237//1237 1238//1238
f 1239//1239 1238//1238 1237//1237
f 1239//1239 1237//1237 1236//1236
f 1192//1192 1235//1235 1182//1182
f 1192//1192 1182//1182 1185//1185
f 1182//1182 1235//1235 1143//1143
f 1182//1182 1143//1143 1116//1116
f 1143//1143 1235//1235 1239//1239
f 1143//1143 1239//1239 1142//1142
f 1239//1239 1236//1236 1141//1141
f 1239//1239 1141//1141 1142//1142
f 1141//1141 1236//1236 1230//1230
f 1141//1141 1230//1230 1126//1126
f 1230//1230 1236//1236 1217//1217
f 1230//1230 1217//1217 1218//1218
f 1240//1240 1241//1241 1242//1242
f 1240//1240 1242//1242 1243//1243
f 1242//1242 1241//1241 1244//1244
f 1242//1242 1244//1244 1245//1245
f 1244//1244 1241//1241 1246//1246
f 1244//1244 1246//1246 1247//1247
f 1241//1241 1240//1240 1248//1248
f 1241//1241 1248//1248 1246//1246
f 1243//1243 1249//1249 1250//1250
f 1243//1243 1250//1250 1240//1240
f 1248//1248 1240//1240 1250//1250
f 1248//1248 1250//1250 1251//1251
f 1251//1251 1250//1250 1252//1252
f 1251//1251 1252//1252 1253//1253
f 1252//1252 1250//1250 1249//1249
f 1252//1252 1249//1249 1254//1254
f 1255//1255 1253//1253 1252//1252
f 1255//1255 1252//1252 1256//1256
f 1252//1252 1254//1254 1257//1257
f 1252//1252 1257//1257 1256//1256
f 1258//1258 1259//1259 1242//1242
f 1258//1258 1242//1242 1245//1245
f 1243//1243 1242//1242 1259//1259
f 1243//1243 1259//1259 1249//1249
f 1254//1254 1249//1249 1259//1259
f 1254//1254 1259//1259 1260//1260
f 1260//1260 1259//1259 1258//1258
f 1260//1260 1258//1258 1261//1261
f 1257//1257 1254//1254 1260//1260
f 1257//1257 1260//1260 1262//1262
f 1262//1262 1260//1260 1261//1261
f 1262//1262 1261//1261 82//82
f 93//93 1263//1263 1262//1262
f 93//93 1262//1262 82//82
f 1257//1257 1262//1262 1263//1263
f 1257//1257 1263//1263 1256//1256
f 1256//1256 1263//1263 1264//1264
f 1256//1256 1264//1264 1255//1255
f 1264//1264 1263//1263 93//93
f 1264//1264 93//93 94//94
f 1246//1246 1265//1265 1266//1266
f 1246//1246 1266//1266 1247//1247
f 1266//1266 1265//1265 1267//1267
f 1266//1266 1267//1267 1268//1268
f 1268//1268 1267//1267 1264//1264
f 1268//1268 1264//1264 94//94
f 1255//1255 1264//1264 1267//1267
f 1255//1255 1267//1267 1253//1253
f 1253//1253 1267//1267 1265//1265
f 1253//1253 1265//1265 1251//1251
f 1265//1265 1246//1246 1248//1248
f 1265//1265 1248//1248 1251//1251
f 359//359 1269//1269 1268//1268
f 359//359 1268//1268 94//94
f 1266//1266 1268//1268 1269//1269
f 1266//1266 1269//1269 1270//1270
f 1266//1266 1270//1270 1271//1271
f 1266//1266 1271//1271 1247//1247
f 1271//1271 1270//1270 1272//1272
f 1271//1271 1272//1272 1273//1273
f 1270//1270 1269//1269 1274//1274
f 1270//1270 1274//1274 1272//1272
f 1269//1269 359//359 361//361
f 1269//1269 361//361 1274//1274
f 1273//1273 1272//1272 1275//1275
f 1273//1273 1275//1275 1276//1276
f 1272//1272 1274//1274 1277//1277
f 1272//1272 1277//1277 1275//1275
f 1274//1274 361//361 364//364
f 1274//1274 364//364 1277//1277
f 1276//1276 1275//1275 1278//1278
f 1276//1276 1278//1278 1279//1279
f 1275//1275 1277//1277 1280//1280
f 1275//1275 1280//1280 1278//1278
f 1280//1280 1277//1277 364//364
f 1280//1280 364//364 90//90
f 1279//1279 1278//1278 1281//1281
f 1279//1279 1281//1281 1282//1282
f 1278//1278 1280//1280 1283//1283
f 1278//1278 1283//1283 1281//1281
f 1283//1283 1280//1280 90//90
f 1283//1283 90//90 83//83
f 1282//1282 1281//1281 1258//1258
f 1282//1282 1258//1258 1245//1245
f 1258//1258 1281//1281 1283//1283
f 1258//1258 1283//1283 1261//1261
f 1261//1261 1283//1283 83//83
f 1261//1261 83//83 82//82
f 1284//1284 1285//1285 1286//1286
f 1284//1284 1286//1286 1287//1287
f 1288//1288 1287//1287 1286//1286
f 1288//1288 1286//1286 1289//1289
f 1290//1290 1289//1289 1286//1286
f 1290//1290 1286//1286 1291//1291
f 1286//1286 1285//1285 1292//1292
f 1286//1286 1292//1292 1291//1291
f 1287//1287 1293//1293 1294//1294
f 1287//1287 1294//1294 1284//1284
f 1295//1295 1294//1294 1293//1293
f 1295//1295 1293//1293 1296//1296
f 1293//1293 1287//1287 1288//1288
f 1293//1293 1288//1288 1296//1296
f 1291//1291 1297//1297 1298//1298
f 1291//1291 1298//1298 1290//1290
f 1299//1299 1298//1298 1297//1297
f 1299//1299 1297//1297 1300//1300
f 1300//1300 1297//1297 1291//1291
f 1300//1300 1291//1291 1292//1292
f 1301//1301 1302//1302 1303//1303
f 1301//1301 1303//1303 1304//1304
f 1303//1303 1302//1302 1305//1305
f 1303//1303 1305//1305 1306//1306
f 1295//1295 1305//1305 1302//1302
f 1295//1295 1302//1302 1294//1294
f 1302//1302 1301//1301 1284//1284
f 1302//1302 1284//1284 1294//1294
f 1292//1292 1285//1285 1307//1307
f 1292//1292 1307//1307 1308//1308
f 1308//1308 1307//1307 1309//1309
f 1308//1308 1309//1309 1310//1310
f 1309//1309 1307//1307 1301//1301
f 1309//1309 1301//1301 1304//1304
f 1307//1307 1285//1285 1284//1284
f 1307//1307 1284//1284 1301//1301
f 1311//1311 1312//1312 1308//1308
f 1311//1311 1308//1308 1310//1310
f 1292//1292 1308//1308 1312//1312
f 1292//1292 1312//1312 1300//1300
f 1300//1300 1312//1312 1313//1313
f 1300//1300 1313//1313 1299//1299
f 1312//1312 1311//1311 1314//1314
f 1312//1312 1314//1314 1313//1313
f 1315//1315 1316//1316 1317//1317
f 1315//1315 1317//1317 1318//1318
f 1318//1318 1317//1317 1296//1296
f 1318//1318 1296//1296 1288//1288
f 1295//1295 1296//1296 1317//1317
f 1295//1295 1317//1317 1305//1305
f 1305//1305 1317//1317 1316//1316
f 1305//1305 1316//1316 1306//1306
f 1290//1290 1319//1319 1320//1320
f 1290//1290 1320//1320 1289//1289
f 1288//1288 1289//1289 1320//1320
f 1288//1288 1320//1320 1318//1318
f 1318//1318 1320//1320 1321//1321
f 1318//1318 1321//1321 1315//1315
f 1321//1321 1320//1320 1319//1319
f 1321//1321 1319//1319 1322//1322
f 1323//1323 1324//1324 1313//1313
f 1323//1323 1313//1313 1314//1314
f 1299//1299 1313//1313 1324//1324
f 1299//1299 1324//1324 1298//1298
f 1298//1298 1324//1324 1319//1319
f 1298//1298 1319//1319 1290//1290
f 1324//1324 1323//1323 1322//1322
f 1324//1324 1322//1322 1319//1319
f 1306//1306 1316//1316 1325//1325
f 1306//1306 1325//1325 1326//1326
f 1327//1327 1326//1326 1325//1325
f 1327//1327 1325//1325 1328//1328
f 1325//1325 1316//1316 1315//1315
f 1325//1325 1315//1315 1328//1328
f 1329//1329 1330//1330 1311//1311
f 1329//1329 1311//1311 1310//1310
f 1314//1314 1311//1311 1330//1330
f 1314//1314 1330//1330 1331//1331
f 1331//1331 1330//1330 1332//1332
f 1331//1331 1332//1332 1333//1333
f 1330//1330 1329//1329 1334//1334
f 1330//1330 1334//1334 1332//1332
f 1333//1333 1332//1332 1335//1335
f 1333//1333 1335//1335 1336//1336
f 1332//1332 1334//1334 1337//1337
f 1332//1332 1337//1337 1335//1335
f 1327//1327 1336//1336 1335//1335
f 1327//1327 1335//1335 1338//1338
f 1338//1338 1335//1335 1337//1337
f 1338//1338 1337//1337 1339//1339
f 1326//1326 1327//1327 1338//1338
f 1326//1326 1338//1338 1340//1340
f 1340//1340 1338//1338 1339//1339
f 1340//1340 1339//1339 1341//1341
f 1306//1306 1326//1326 1340//1340
f 1306//1306 1340//1340 1303//1303
f 1303//1303 1340//1340 1341//1341
f 1303//1303 1341//1341 1304//1304
f 1327//1327 1328//1328 1342//1342
f 1327//1327 1342//1342 1336//1336
f 1336//1336 1342//1342 1343//1343
f 1336//1336 1343//1343 1333//1333
f 1322//1322 1343//1343 1342//1342
f 1322//1322 1342//1342 1321//1321
f 1321//1321 1342//1342 1328//1328
f 1321//1321 1328//1328 1315//1315
f 1322//1322 1323//1323 1344//1344
f 1322//1322 1344//1344 1343//1343
f 1333//1333 1343//1343 1344//1344
f 1333//1333 1344//1344 1331//1331
f 1344//1344 1323//1323 1314//1314
f 1344//1344 1314//1314 1331//1331
f 1309//1309 1345//1345 1346//1346
f 1309//1309 1346//1346 1310//1310
f 1346//1346 1345//1345 1244//1244
f 1346//1346 1244//1244 1247//1247
f 1244//1244 1345//1345 1347//1347
f 1244//1244 1347//1347 1245//1245
f 1347//1347 1345//1345 1309//1309
f 1347//1347 1309//1309 1304//1304
f 1304//1304 1341//1341 1348//1348
f 1304//1304 1348//1348 1347//1347
f 1347//1347 1348//1348 1282//1282
f 1347//1347 1282//1282 1245//1245
f 1279//1279 1282//1282 1348//1348
f 1279//1279 1348//1348 1349//1349
f 1349//1349 1348//1348 1341//1341
f 1349//1349 1341//1341 1339//1339
f 1276//1276 1279//1279 1349//1349
f 1276//1276 1349//1349 1350//1350
f 1350//1350 1349//1349 1339//1339
f 1350//1350 1339//1339 1337//1337
f 1276//1276 1350//1350 1351//1351
f 1276//1276 1351//1351 1273//1273
f 1351//1351 1350//1350 1337//1337
f 1351//1351 1337//1337 1334//1334
f 1271//1271 1273//1273 1351//1351
f 1271//1271 1351//1351 1352//1352
f 1352//1352 1351//1351 1334//1334
f 1352//1352 1334//1334 1329//1329
f 1247//1247 1271//1271 1352//1352
f 1247//1247 1352//1352 1346//1346
f 1346//1346 1352//1352 1329//1329
f 1346//1346 1329//1329 1310//1310
f 1353//1353 1354//1354 1355//1355
f 1353//1353 1355//1355 1356//1356
f 1357//1357 1356//1356 1355//1355
f 1357//1357 1355//1355 1358//1358
f 1359//1359 1358//1358 1355//1355
f 1359//1359 1355//1355 1360//1360
f 1355//1355 1354//1354 1361//1361
f 1355//1355 1361//1361 1360//1360
f 1358//1358 1362//1362 1363//1363
f 1358//1358 1363//1363 1357//1357
f 1364//1364 1363//1363 1362//1362
f 1364//1364 1362//1362 1365//1365
f 1365//1365 1362//1362 1358//1358
f 1365//1365 1358//1358 1359//1359
f 1361//1361 1354//1354 1366//1366
f 1361//1361 1366//1366 1367//1367
f 1368//1368 1367//1367 1366//1366
f 1368//1368 1366//1366 1369//1369
f 1369//1369 1366//1366 1354//1354
f 1369//1369 1354//1354 1353//1353
f 1370//1370 1371//1371 1372//1372
f 1370//1370 1372//1372 1373//1373
f 1357//1357 1372//1372 1371//1371
f 1357//1357 1371//1371 1356//1356
f 1356//1356 1371//1371 1374//1374
f 1356//1356 1374//1374 1353//1353
f 1374//1374 1371//1371 1370//1370
f 1374//1374 1370//1370 1375//1375
f 1376//1376 1377//1377 1378//1378
f 1376//1376 1378//1378 1379//1379
f 1379//1379 1378//1378 1374//1374
f 1379//1379 1374//1374 1375//1375
f 1353//1353 1374//1374 1378//1378
f 1353//1353 1378//1378 1369//1369
f 1369//1369 1378//1378 1377//1377
f 1369//1369 1377//1377 1368//1368
f 1372//1372 1380//1380 1381//1381
f 1372//1372 1381//1381 1373//1373
f 1381//1381 1380//1380 1382//1382
f 1381//1381 1382//1382 1383//1383
f 1364//1364 1382//1382 1380//1380
f 1364//1364 1380//1380 1363//1363
f 1380//1380 1372//1372 1357//1357
f 1380//1380 1357//1357 1363//1363
f 1383//1383 1382//1382 1384//1384
f 1383//1383 1384//1384 1385//1385
f 1385//1385 1384//1384 1386//1386
f 1385//1385 1386//1386 1387//1387
f 1386//1386 1384//1384 1365//1365
f 1386//1386 1365//1365 1359//1359
f 1384//1384 1382//1382 1364//1364
f 1384//1384 1364//1364 1365//1365
f 1386//1386 1388//1388 1389//1389
f 1386//1386 1389//1389 1387//1387
f 1390//1390 1389//1389 1388//1388
f 1390//1390 1388//1388 1391//1391
f 1391//1391 1388//1388 1360//1360
f 1391//1391 1360//1360 1361//1361
f 1388//1388 1386//1386 1359//1359
f 1388//1388 1359//1359 1360//1360
f 1391//1391 1392//1392 1393//1393
f 1391//1391 1393//1393 1390//1390
f 1393//1393 1392//1392 1377//1377
f 1393//1393 1377//1377 1376//1376
f 1377//1377 1392//1392 1367//1367
f 1377//1377 1367//1367 1368//1368
f 1392//1392 1391//1391 1361//1361
f 1392//1392 1361//1361 1367//1367
f 1394//1394 1395//1395 1396//1396
f 1394//1394 1396//1396 1397//1397
f 1397//1397 1396//1396 1398//1398
f 1397//1397 1398//1398 1399//1399
f 1400//1400 1399//1399 1398//1398
f 1400//1400 1398//1398 1401//1401
f 1402//1402 1400//1400 1401//1401
f 1402//1402 1401//1401 1403//1403
f 1403//1403 1401//1401 1385//1385
f 1403//1403 1385//1385 1387//1387
f 1385//1385 1401//1401 1398//1398
f 1385//1385 1398//1398 1383//1383
f 1383//1383 1398//1398 1396//1396
f 1383//1383 1396//1396 1381//1381
f 1381//1381 1396//1396 1395//1395
f 1381//1381 1395//1395 1373//1373
f 1399//1399 1400//1400 1404//1404
f 1399//1399 1404//1404 1405//1405
f 1397//1397 1399//1399 1405//1405
f 1397//1397 1405//1405 1406//1406
f 1394//1394 1397//1397 1406//1406
f 1394//1394 1406//1406 1407//1407
f 1408//1408 1407//1407 1406//1406
f 1408//1408 1406//1406 1409//1409
f 1409//1409 1406//1406 1405//1405
f 1409//1409 1405//1405 1410//1410
f 1410//1410 1405//1405 1404//1404
f 1410//1410 1404//1404 1411//1411
f 1404//1404 1400//1400 1402//1402
f 1404//1404 1402//1402 1411//1411
f 1412//1412 1413//1413 1414//1414
f 1412//1412 1414//1414 1415//1415
f 1415//1415 1414//1414 1416//1416
f 1415//1415 1416//1416 1417//1417
f 1417//1417 1416//1416 1418//1418
f 1417//1417 1418//1418 1419//1419
f 1420//1420 1419//1419 1418//1418
f 1420//1420 1418//1418 1421//1421
f 1421//1421 1418//1418 1379//1379
f 1421//1421 1379//1379 1375//1375
f 1379//1379 1418//1418 1416//1416
f 1379//1379 1416//1416 1376//1376
f 1376//1376 1416//1416 1414//1414
f 1376//1376 1414//1414 1393//1393
f 1393//1393 1414//1414 1413//1413
f 1393//1393 1413//1413 1390//1390
f 1403//1403 1422//1422 1423//1423
f 1403//1403 1423//1423 1402//1402
f 1423//1423 1422//1422 1413//1413
f 1423//1423 1413//1413 1412//1412
f 1390//1390 1413//1413 1422//1422
f 1390//1390 1422//1422 1389//1389
f 1422//1422 1403//1403 1387//1387
f 1422//1422 1387//1387 1389//1389
f 1424//1424 1425//1425 1426//1426
f 1424//1424 1426//1426 1427//1427
f 1427//1427 1426//1426 1428//1428
f 1427//1427 1428//1428 1429//1429
f 1430//1430 1429//1429 1428//1428
f 1430//1430 1428//1428 1431//1431
f 1412//1412 1430//1430 1431//1431
f 1412//1412 1431//1431 1423//1423
f 1402//1402 1423//1423 1431//1431
f 1402//1402 1431//1431 1411//1411
f 1411//1411 1431//1431 1428//1428
f 1411//1411 1428//1428 1410//1410
f 1410//1410 1428//1428 1426//1426
f 1410//1410 1426//1426 1409//1409
f 1409//1409 1426//1426 1425//1425
f 1409//1409 1425//1425 1408//1408
f 1417//1417 1432//1432 1433//1433
f 1417//1417 1433//1433 1415//1415
f 1434//1434 1432//1432 1417//1417
f 1434//1434 1417//1417 1419//1419
f 1435//1435 1434//1434 1419//1419
f 1435//1435 1419//1419 1420//1420
f 1412//1412 1415//1415 1433//1433
f 1412//1412 1433//1433 1430//1430
f 1433//1433 1432//1432 1429//1429
f 1433//1433 1429//1429 1430//1430
f 1429//1429 1432//1432 1434//1434
f 1429//1429 1434//1434 1427//1427
f 1427//1427 1434//1434 1435//1435
f 1427//1427 1435//1435 1424//1424
f 1436//1436 1437//1437 1438//1438
f 1436//1436 1438//1438 1439//1439
f 1439//1439 1438//1438 1440//1440
f 1439//1439 1440//1440 1441//1441
f 1442//1442 1441//1441 1440//1440
f 1442//1442 1440//1440 1443//1443
f 1443//1443 1440//1440 1444//1444
f 1443//1443 1444//1444 1445//1445
f 1444//1444 1440//1440 1438//1438
f 1444//1444 1438//1438 1446//1446
f 1446//1446 1438//1438 1437//1437
f 1446//1446 1437//1437 1447//1447
f 1448//1448 1449//1449 1450//1450
f 1448//1448 1450//1450 1451//1451
f 1450//1450 1449//1449 1452//1452
f 1450//1450 1452//1452 1453//1453
f 1452//1452 1449//1449 1443//1443
f 1452//1452 1443//1443 1445//1445
f 1443//1443 1449//1449 1448//1448
f 1443//1443 1448//1448 1442//1442
f 1454//1454 1455//1455 1456//1456
f 1454//1454 1456//1456 1457//1457
f 1458//1458 1457//1457 1456//1456
f 1458//1458 1456//1456 1459//1459
f 1451//1451 1458//1458 1459//1459
f 1451//1451 1459//1459 1448//1448
f 1442//1442 1448//1448 1459//1459
f 1442//1442 1459//1459 1441//1441
f 1441//1441 1459//1459 1456//1456
f 1441//1441 1456//1456 1439//1439
f 1456//1456 1455//1455 1436//1436
f 1456//1456 1436//1436 1439//1439
f 1460//1460 1461//1461 1462//1462
f 1460//1460 1462//1462 1463//1463
f 1464//1464 1462//1462 1461//1461
f 1464//1464 1461//1461 1465//1465
f 1464//1464 1465//1465 1450//1450
f 1464//1464 1450//1450 1453//1453
f 1450//1450 1465//1465 1458//1458
f 1450//1450 1458//1458 1451//1451
f 1465//1465 1461//1461 1457//1457
f 1465//1465 1457//1457 1458//1458
f 1461//1461 1460//1460 1454//1454
f 1461//1461 1454//1454 1457//1457
f 1455//1455 1466//1466 1437//1437
f 1455//1455 1437//1437 1436//1436
f 1437//1437 1466//1466 1467//1467
f 1437//1437 1467//1467 1447//1447
f 1467//1467 1466//1466 1460//1460
f 1467//1467 1460//1460 1463//1463
f 1460//1460 1466//1466 1455//1455
f 1460//1460 1455//1455 1454//1454
f 1468//1468 1469//1469 1467//1467
f 1468//1468 1467//1467 1463//1463
f 1467//1467 1469//1469 1470//1470
f 1467//1467 1470//1470 1447//1447
f 1470//1470 1469//1469 1010//1010
f 1470//1470 1010//1010 1004//1004
f 1469//1469 1468//1468 1011//1011
f 1469//1469 1011//1011 1010//1010
f 1471//1471 1472//1472 1468//1468
f 1471//1471 1468//1468 1463//1463
f 1468//1468 1472//1472 1061//1061
f 1468//1468 1061//1061 1011//1011
f 1062//1062 1061//1061 1472//1472
f 1062//1062 1472//1472 1473//1473
f 1472//1472 1471//1471 1474//1474
f 1472//1472 1474//1474 1473//1473
f 1475//1475 1476//1476 1464//1464
f 1475//1475 1464//1464 1453//1453
f 1464//1464 1476//1476 1477//1477
f 1464//1464 1477//1477 1462//1462
f 1462//1462 1477//1477 1471//1471
f 1462//1462 1471//1471 1463//1463
f 1474//1474 1471//1471 1477//1477
f 1474//1474 1477//1477 1478//1478
f 1478//1478 1477//1477 1476//1476
f 1478//1478 1476//1476 1479//1479
f 1479//1479 1476//1476 1475//1475
f 1479//1479 1475//1475 1480//1480
f 1447//1447 1470//1470 1481//1481
f 1447//1447 1481//1481 1482//1482
f 1482//1482 1481//1481 1483//1483
f 1482//1482 1483//1483 1484//1484
f 1030//1030 1483//1483 1481//1481
f 1030//1030 1481//1481 1027//1027
f 1027//1027 1481//1481 1470//1470
f 1027//1027 1470//1470 1004//1004
f 1484//1484 1485//1485 1486//1486
f 1484//1484 1486//1486 1482//1482
f 1482//1482 1486//1486 1446//1446
f 1482//1482 1446//1446 1447//1447
f 1444//1444 1446//1446 1486//1486
f 1444//1444 1486//1486 1487//1487
f 1487//1487 1486//1486 1485//1485
f 1487//1487 1485//1485 1488//1488
f 1445//1445 1444//1444 1487//1487
f 1445//1445 1487//1487 1489//1489
f 1489//1489 1487//1487 1488//1488
f 1489//1489 1488//1488 1490//1490
f 1490//1490 1491//1491 1492//1492
f 1490//1490 1492//1492 1489//1489
f 1489//1489 1492//1492 1493//1493
f 1489//1489 1493//1493 1445//1445
f 1375//1375 1493//1493 1492//1492
f 1375//1375 1492//1492 1421//1421
f 1421//1421 1492//1492 1491//1491
f 1421//1421 1491//1491 1420//1420
f 1493//1493 1494//1494 1452//1452
f 1493//1493 1452//1452 1445//1445
f 1452//1452 1494//1494 1495//1495
f 1452//1452 1495//1495 1453//1453
f 1495//1495 1494//1494 1370//1370
f 1495//1495 1370//1370 1373//1373
f 1370//1370 1494//1494 1493//1493
f 1370//1370 1493//1493 1375//1375
f 1495//1495 1496//1496 1475//1475
f 1495//1495 1475//1475 1453//1453
f 1480//1480 1475//1475 1496//1496
f 1480//1480 1496//1496 1497//1497
f 1497//1497 1496//1496 1395//1395
f 1497//1497 1395//1395 1394//1394
f 1496//1496 1495//1495 1373//1373
f 1496//1496 1373//1373 1395//1395
f 1407//1407 1408//1408 1498//1498
f 1407//1407 1498//1498 1499//1499
f 1435//1435 1500//1500 1501//1501
f 1435//1435 1501//1501 1424//1424
f 1502//1502 1499//1499 1498//1498
f 1502//1502 1498//1498 1503//1503
f 1498//1498 1408//1408 1425//1425
f 1498//1498 1425//1425 1503//1503
f 1425//1425 1424//1424 1501//1501
f 1425//1425 1501//1501 1503//1503
f 1502//1502 1503//1503 1501//1501
f 1502//1502 1501//1501 1500//1500
f 1394//1394 1407//1407 1499//1499
f 1394//1394 1499//1499 1497//1497
f 1480//1480 1497//1497 1499//1499
f 1480//1480 1499//1499 1504//1504
f 1504//1504 1499//1499 1502//1502
f 1504//1504 1502//1502 1505//1505
f 1502//1502 1500//1500 1506//1506
f 1502//1502 1506//1506 1505//1505
f 1506//1506 1500//1500 1491//1491
f 1506//1506 1491//1491 1490//1490
f 1491//1491 1500//1500 1435//1435
f 1491//1491 1435//1435 1420//1420
f 1474//1474 1478//1478 1507//1507
f 1474//1474 1507//1507 1508//1508
f 1508//1508 1507//1507 1509//1509
f 1508//1508 1509//1509 1510//1510
f 1510//1510 1509//1509 1511//1511
f 1510//1510 1511//1511 1512//1512
f 1484//1484 1512//1512 1511//1511
f 1484//1484 1511//1511 1485//1485
f 1488//1488 1485//1485 1511//1511
f 1488//1488 1511//1511 1513//1513
f 1513//1513 1511//1511 1509//1509
f 1513//1513 1509//1509 1514//1514
f 1514//1514 1509//1509 1507//1507
f 1514//1514 1507//1507 1515//1515
f 1515//1515 1507//1507 1478//1478
f 1515//1515 1478//1478 1479//1479
f 1490//1490 1488//1488 1513//1513
f 1490//1490 1513//1513 1506//1506
f 1506//1506 1513//1513 1514//1514
f 1506//1506 1514//1514 1505//1505
f 1505//1505 1514//1514 1515//1515
f 1505//1505 1515//1515 1504//1504
f 1504//1504 1515//1515 1479//1479
f 1504//1504 1479//1479 1480//1480
f 1484//1484 1483//1483 1516//1516
f 1484//1484 1516//1516 1512//1512
f 1512//1512 1516//1516 1517//1517
f 1512//1512 1517//1517 1510//1510
f 1510//1510 1517//1517 1518//1518
f 1510//1510 1518//1518 1508//1508
f 1508//1508 1518//1518 1473//1473
f 1508//1508 1473//1473 1474//1474
f 1473//1473 1518//1518 1519//1519
f 1473//1473 1519//1519 1062//1062
f 1519//1519 1518//1518 1517//1517
f 1519//1519 1517//1517 1520//1520
f 1520//1520 1517//1517 1516//1516
f 1520//1520 1516//1516 1521//1521
f 1521//1521 1516//1516 1483//1483
f 1521//1521 1483//1483 1030//1030
f 1119//1119 1522//1522 1134//1134
f 1119//1119 1134//1134 1120//1120
f 1132//1132 1134//1134 1522//1522
f 1132//1132 1522//1522 1523//1523
f 1132//1132 1523//1523 1524//1524
f 1132//1132 1524//1524 1130//1130
f 1130//1130 1524//1524 1105//1105
f 1130//1130 1105//1105 1108//1108
f 1031//1031 1105//1105 1524//1524
f 1031//1031 1524//1524 1525//1525
f 1525//1525 1524//1524 1523//1523
f 1525//1525 1523//1523 1526//1526
f 1523//1523 1522//1522 1527//1527
f 1523//1523 1527//1527 1526//1526
f 1522//1522 1119//1119 947//947
f 1522//1522 947//947 1527//1527
f 336//336 1528//1528 1529//1529
f 336//336 1529//1529 334//334
f 1530//1530 1531//1531 1532//1532
f 1530//1530 1532//1532 1533//1533
f 1532//1532 1531//1531 334//334
f 1532//1532 334//334 1529//1529
f 1529//1529 1528//1528 1533//1533
f 1529//1529 1533//1533 1532//1532
f 334//334 1531//1531 382//382
f 334//334 382//382 230//230
f 383//383 382//382 1531//1531
f 383//383 1531//1531 786//786
f 786//786 1531//1531 1530//1530
f 786//786 1530//1530 785//785
f 371//371 778//778 1534//1534
f 371//371 1534//1534 767//767
f 767//767 1534//1534 338//338
f 767//767 338//338 248//248
f 338//338 1534//1534 1535//1535
f 338//338 1535//1535 336//336
f 1535//1535 1534//1534 778//778
f 1535//1535 778//778 779//779
f 336//336 1535//1535 1536//1536
f 336//336 1536//1536 1528//1528
f 1536//1536 1535//1535 779//779
f 1536//1536 779//779 780//780
f 1528//1528 1536//1536 1537//1537
f 1528//1528 1537//1537 1533//1533
f 1537//1537 1536//1536 780//780
f 1537//1537 780//780 781//781
f 1058//1058 1538//1538 1539//1539
f 1058//1058 1539//1539 1055//1055
f 1055//1055 1539//1539 630//630
f 1055//1055 630//630 629//629
f 637//637 630//630 1539//1539
f 637//637 1539//1539 1540//1540
f 1540//1540 1539//1539 1538//1538
f 1540//1540 1538//1538 1541//1541
f 640//640 637//637 1540//1540
f 640//640 1540//1540 1542//1542
f 1542//1542 1540//1540 1541//1541
f 1542//1542 1541//1541 1543//1543
f 642//642 640//640 1542//1542
f 642//642 1542//1542 1544//1544
f 1544//1544 1542//1542 1543//1543
f 1544//1544 1543//1543 1526//1526
f 1029//1029 1031//1031 1525//1525
f 1029//1029 1525//1525 1545//1545
f 1525//1525 1526//1526 1543//1543
f 1525//1525 1543//1543 1545//1545
f 1538//1538 1058//1058 1060//1060
f 1538//1538 1060//1060 1546//1546
f 1062//1062 1519//1519 1546//1546
f 1062//1062 1546//1546 1060//1060
f 1030//1030 1029//1029 1545//1545
f 1030//1030 1545//1545 1521//1521
f 1546//1546 1519//1519 1520//1520
f 1546//1546 1520//1520 1547//1547
f 1538//1538 1546//1546 1547//1547
f 1538//1538 1547//1547 1541//1541
f 1547//1547 1520//1520 1521//1521
f 1547//1547 1521//1521 1545//1545
f 1541//1541 1547//1547 1545//1545
f 1541//1541 1545//1545 1543//1543
f 642//642 1548//1548 1549//1549
f 642//642 1549//1549 641//641
f 1550//1550 1551//1551 1552//1552
f 1550//1550 1552//1552 1553//1553
f 1551//1551 641//641 1549//1549
f 1551//1551 1549//1549 1552//1552
f 1548//1548 1553//1553 1552//1552
f 1548//1548 1552//1552 1549//1549
f 641//641 1551//1551 524//524
f 641//641 524//524 526//526
f 521//521 524//524 1551//1551
f 521//521 1551//1551 777//777
f 777//777 1551//1551 1550//1550
f 777//777 1550//1550 781//781
f 1554//1554 1555//1555 783//783
f 1554//1554 783//783 785//785
f 520//520 783//783 1555//1555
f 520//520 1555//1555 946//946
f 947//947 946//946 1555//1555
f 947//947 1555//1555 1527//1527
f 1527//1527 1555//1555 1554//1554
f 1527//1527 1554//1554 1526//1526
f 781//781 1550//1550 1556//1556
f 781//781 1556//1556 1537//1537
f 1533//1533 1537//1537 1556//1556
f 1533//1533 1556//1556 1530//1530
f 1530//1530 1556//1556 1557//1557
f 1530//1530 1557//1557 785//785
f 1557//1557 1556//1556 1550//1550
f 1557//1557 1550//1550 1553//1553
f 1554//1554 785//785 1557//1557
f 1554//1554 1557//1557 1558//1558
f 1558//1558 1557//1557 1553//1553
f 1558//1558 1553//1553 1548//1548
f 1526//1526 1554//1554 1558//1558
f 1526//1526 1558//1558 1544//1544
f 1544//1544 1558//1558 1548//1548
f 1544//1544 1548//1548 642//642
# 3096 faces, 0 coords texture

# End of File
