# Sphere Mesh
# Vertices: 1026
# Faces: 2048
# Subdivisions: 4

v 0.000000 0.000000 1.000000
v 1.000000 0.000000 0.000000
v 0.000000 1.000000 0.000000
v -1.000000 0.000000 0.000000
v 0.000000 -1.000000 0.000000
v 0.000000 0.000000 -1.000000
v 0.707107 0.000000 0.707107
v 0.707107 0.707107 0.000000
v 0.000000 0.707107 0.707107
v -0.707107 0.707107 0.000000
v -0.707107 0.000000 0.707107
v -0.707107 -0.707107 0.000000
v 0.000000 -0.707107 0.707107
v 0.707107 -0.707107 0.000000
v 0.000000 0.707107 -0.707107
v 0.707107 0.000000 -0.707107
v -0.707107 0.000000 -0.707107
v 0.000000 -0.707107 -0.707107
v 0.382683 0.000000 0.923880
v 0.408248 0.408248 0.816497
v 0.000000 0.382683 0.923880
v 0.923880 0.382683 0.000000
v 0.816497 0.408248 0.408248
v 0.923880 0.000000 0.382683
v 0.000000 0.923880 0.382683
v 0.408248 0.816497 0.408248
v 0.382683 0.923880 0.000000
v -0.408248 0.408248 0.816497
v -0.382683 0.000000 0.923880
v -0.382683 0.923880 0.000000
v -0.408248 0.816497 0.408248
v -0.923880 0.000000 0.382683
v -0.816497 0.408248 0.408248
v -0.923880 0.382683 0.000000
v -0.408248 -0.408248 0.816497
v 0.000000 -0.382683 0.923880
v -0.923880 -0.382683 0.000000
v -0.816497 -0.408248 0.408248
v 0.000000 -0.923880 0.382683
v -0.408248 -0.816497 0.408248
v -0.382683 -0.923880 0.000000
v 0.408248 -0.408248 0.816497
v 0.382683 -0.923880 0.000000
v 0.408248 -0.816497 0.408248
v 0.816497 -0.408248 0.408248
v 0.923880 -0.382683 0.000000
v 0.000000 0.382683 -0.923880
v 0.408248 0.408248 -0.816497
v 0.382683 0.000000 -0.923880
v 0.408248 0.816497 -0.408248
v 0.000000 0.923880 -0.382683
v 0.923880 0.000000 -0.382683
v 0.816497 0.408248 -0.408248
v -0.382683 0.000000 -0.923880
v -0.408248 0.408248 -0.816497
v -0.816497 0.408248 -0.408248
v -0.923880 0.000000 -0.382683
v -0.408248 0.816497 -0.408248
v 0.000000 -0.382683 -0.923880
v -0.408248 -0.408248 -0.816497
v -0.408248 -0.816497 -0.408248
v 0.000000 -0.923880 -0.382683
v -0.816497 -0.408248 -0.408248
v 0.408248 -0.408248 -0.816497
v 0.816497 -0.408248 -0.408248
v 0.408248 -0.816497 -0.408248
v 0.195090 0.000000 0.980785
v 0.198757 0.198757 0.959683
v 0.000000 0.195090 0.980785
v 0.577350 0.211325 0.788675
v 0.404615 0.208847 0.890320
v 0.555570 0.000000 0.831470
v 0.000000 0.555570 0.831470
v 0.208847 0.404615 0.890320
v 0.211325 0.577350 0.788675
v 0.980785 0.195090 0.000000
v 0.959683 0.198757 0.198757
v 0.980785 0.000000 0.195090
v 0.788675 0.577350 0.211325
v 0.890320 0.404615 0.208847
v 0.831470 0.555570 0.000000
v 0.831470 0.000000 0.555570
v 0.890320 0.208847 0.404615
v 0.788675 0.211325 0.577350
v 0.000000 0.980785 0.195090
v 0.198757 0.959683 0.198757
v 0.195090 0.980785 0.000000
v 0.211325 0.788675 0.577350
v 0.208847 0.890320 0.404615
v 0.000000 0.831470 0.555570
v 0.555570 0.831470 0.000000
v 0.404615 0.890320 0.208847
v 0.577350 0.788675 0.211325
v 0.639602 0.426401 0.639602
v 0.639602 0.639602 0.426401
v 0.426401 0.639602 0.639602
v -0.198757 0.198757 0.959683
v -0.195090 0.000000 0.980785
v -0.211325 0.577350 0.788675
v -0.208847 0.404615 0.890320
v -0.555570 0.000000 0.831470
v -0.404615 0.208847 0.890320
v -0.577350 0.211325 0.788675
v -0.195090 0.980785 0.000000
v -0.198757 0.959683 0.198757
v -0.577350 0.788675 0.211325
v -0.404615 0.890320 0.208847
v -0.555570 0.831470 0.000000
v -0.208847 0.890320 0.404615
v -0.211325 0.788675 0.577350
v -0.980785 0.000000 0.195090
v -0.959683 0.198757 0.198757
v -0.980785 0.195090 0.000000
v -0.788675 0.211325 0.577350
v -0.890320 0.208847 0.404615
v -0.831470 0.000000 0.555570
v -0.831470 0.555570 0.000000
v -0.890320 0.404615 0.208847
v -0.788675 0.577350 0.211325
v -0.426401 0.639602 0.639602
v -0.639602 0.639602 0.426401
v -0.639602 0.426401 0.639602
v -0.198757 -0.198757 0.959683
v 0.000000 -0.195090 0.980785
v -0.577350 -0.211325 0.788675
v -0.404615 -0.208847 0.890320
v 0.000000 -0.555570 0.831470
v -0.208847 -0.404615 0.890320
v -0.211325 -0.577350 0.788675
v -0.980785 -0.195090 0.000000
v -0.959683 -0.198757 0.198757
v -0.788675 -0.577350 0.211325
v -0.890320 -0.404615 0.208847
v -0.831470 -0.555570 0.000000
v -0.890320 -0.208847 0.404615
v -0.788675 -0.211325 0.577350
v 0.000000 -0.980785 0.195090
v -0.198757 -0.959683 0.198757
v -0.195090 -0.980785 0.000000
v -0.211325 -0.788675 0.577350
v -0.208847 -0.890320 0.404615
v 0.000000 -0.831470 0.555570
v -0.555570 -0.831470 0.000000
v -0.404615 -0.890320 0.208847
v -0.577350 -0.788675 0.211325
v -0.639602 -0.426401 0.639602
v -0.639602 -0.639602 0.426401
v -0.426401 -0.639602 0.639602
v 0.198757 -0.198757 0.959683
v 0.211325 -0.577350 0.788675
v 0.208847 -0.404615 0.890320
v 0.404615 -0.208847 0.890320
v 0.577350 -0.211325 0.788675
v 0.195090 -0.980785 0.000000
v 0.198757 -0.959683 0.198757
v 0.577350 -0.788675 0.211325
v 0.404615 -0.890320 0.208847
v 0.555570 -0.831470 0.000000
v 0.208847 -0.890320 0.404615
v 0.211325 -0.788675 0.577350
v 0.959683 -0.198757 0.198757
v 0.980785 -0.195090 0.000000
v 0.788675 -0.211325 0.577350
v 0.890320 -0.208847 0.404615
v 0.831470 -0.555570 0.000000
v 0.890320 -0.404615 0.208847
v 0.788675 -0.577350 0.211325
v 0.426401 -0.639602 0.639602
v 0.639602 -0.639602 0.426401
v 0.639602 -0.426401 0.639602
v 0.000000 0.195090 -0.980785
v 0.198757 0.198757 -0.959683
v 0.195090 0.000000 -0.980785
v 0.211325 0.577350 -0.788675
v 0.208847 0.404615 -0.890320
v 0.000000 0.555570 -0.831470
v 0.555570 0.000000 -0.831470
v 0.404615 0.208847 -0.890320
v 0.577350 0.211325 -0.788675
v 0.198757 0.959683 -0.198757
v 0.000000 0.980785 -0.195090
v 0.577350 0.788675 -0.211325
v 0.404615 0.890320 -0.208847
v 0.000000 0.831470 -0.555570
v 0.208847 0.890320 -0.404615
v 0.211325 0.788675 -0.577350
v 0.980785 0.000000 -0.195090
v 0.959683 0.198757 -0.198757
v 0.788675 0.211325 -0.577350
v 0.890320 0.208847 -0.404615
v 0.831470 0.000000 -0.555570
v 0.890320 0.404615 -0.208847
v 0.788675 0.577350 -0.211325
v 0.426401 0.639602 -0.639602
v 0.639602 0.639602 -0.426401
v 0.639602 0.426401 -0.639602
v -0.195090 0.000000 -0.980785
v -0.198757 0.198757 -0.959683
v -0.577350 0.211325 -0.788675
v -0.404615 0.208847 -0.890320
v -0.555570 0.000000 -0.831470
v -0.208847 0.404615 -0.890320
v -0.211325 0.577350 -0.788675
v -0.959683 0.198757 -0.198757
v -0.980785 0.000000 -0.195090
v -0.788675 0.577350 -0.211325
v -0.890320 0.404615 -0.208847
v -0.831470 0.000000 -0.555570
v -0.890320 0.208847 -0.404615
v -0.788675 0.211325 -0.577350
v -0.198757 0.959683 -0.198757
v -0.211325 0.788675 -0.577350
v -0.208847 0.890320 -0.404615
v -0.404615 0.890320 -0.208847
v -0.577350 0.788675 -0.211325
v -0.639602 0.426401 -0.639602
v -0.639602 0.639602 -0.426401
v -0.426401 0.639602 -0.639602
v 0.000000 -0.195090 -0.980785
v -0.198757 -0.198757 -0.959683
v -0.211325 -0.577350 -0.788675
v -0.208847 -0.404615 -0.890320
v 0.000000 -0.555570 -0.831470
v -0.404615 -0.208847 -0.890320
v -0.577350 -0.211325 -0.788675
v -0.198757 -0.959683 -0.198757
v 0.000000 -0.980785 -0.195090
v -0.577350 -0.788675 -0.211325
v -0.404615 -0.890320 -0.208847
v 0.000000 -0.831470 -0.555570
v -0.208847 -0.890320 -0.404615
v -0.211325 -0.788675 -0.577350
v -0.959683 -0.198757 -0.198757
v -0.788675 -0.211325 -0.577350
v -0.890320 -0.208847 -0.404615
v -0.890320 -0.404615 -0.208847
v -0.788675 -0.577350 -0.211325
v -0.426401 -0.639602 -0.639602
v -0.639602 -0.639602 -0.426401
v -0.639602 -0.426401 -0.639602
v 0.198757 -0.198757 -0.959683
v 0.577350 -0.211325 -0.788675
v 0.404615 -0.208847 -0.890320
v 0.208847 -0.404615 -0.890320
v 0.211325 -0.577350 -0.788675
v 0.959683 -0.198757 -0.198757
v 0.788675 -0.577350 -0.211325
v 0.890320 -0.404615 -0.208847
v 0.890320 -0.208847 -0.404615
v 0.788675 -0.211325 -0.577350
v 0.198757 -0.959683 -0.198757
v 0.211325 -0.788675 -0.577350
v 0.208847 -0.890320 -0.404615
v 0.404615 -0.890320 -0.208847
v 0.577350 -0.788675 -0.211325
v 0.639602 -0.426401 -0.639602
v 0.639602 -0.639602 -0.426401
v 0.426401 -0.639602 -0.639602
v 0.098017 0.000000 0.995185
v 0.098487 0.098487 0.990253
v 0.000000 0.098017 0.995185
v 0.293470 0.100318 0.950690
v 0.197915 0.099879 0.975117
v 0.290285 0.000000 0.956940
v 0.000000 0.290285 0.956940
v 0.099879 0.197915 0.975117
v 0.100318 0.293470 0.950690
v 0.647770 0.106574 0.754344
v 0.569815 0.106288 0.814870
v 0.634393 0.000000 0.773010
v 0.408749 0.310307 0.858274
v 0.493467 0.211149 0.843745
v 0.497052 0.312460 0.809511
v 0.471397 0.000000 0.881921
v 0.484341 0.105347 0.868513
v 0.395894 0.105019 0.912272
v 0.000000 0.634393 0.773010
v 0.106288 0.569815 0.814870
v 0.106574 0.647770 0.754344
v 0.105019 0.395894 0.912272
v 0.105347 0.484341 0.868513
v 0.000000 0.471397 0.881921
v 0.312460 0.497052 0.809511
v 0.211149 0.493467 0.843745
v 0.310307 0.408749 0.858274
v 0.303485 0.205017 0.930518
v 0.309713 0.309713 0.898975
v 0.205017 0.303485 0.930518
v 0.995185 0.098017 0.000000
v 0.990253 0.098487 0.098487
v 0.995185 0.000000 0.098017
v 0.950690 0.293470 0.100318
v 0.975117 0.197915 0.099879
v 0.956940 0.290285 0.000000
v 0.956940 0.000000 0.290285
v 0.975117 0.099879 0.197915
v 0.950690 0.100318 0.293470
v 0.754344 0.647770 0.106574
v 0.814870 0.569815 0.106288
v 0.773010 0.634393 0.000000
v 0.858274 0.408749 0.310307
v 0.843745 0.493467 0.211149
v 0.809511 0.497052 0.312460
v 0.881921 0.471397 0.000000
v 0.868513 0.484341 0.105347
v 0.912272 0.395894 0.105019
v 0.773010 0.000000 0.634393
v 0.814870 0.106288 0.569815
v 0.754344 0.106574 0.647770
v 0.912272 0.105019 0.395894
v 0.868513 0.105347 0.484341
v 0.881921 0.000000 0.471397
v 0.809511 0.312460 0.497052
v 0.843745 0.211149 0.493467
v 0.858274 0.310307 0.408749
v 0.930518 0.303485 0.205017
v 0.898975 0.309713 0.309713
v 0.930518 0.205017 0.303485
v 0.000000 0.995185 0.098017
v 0.098487 0.990253 0.098487
v 0.098017 0.995185 0.000000
v 0.100318 0.950690 0.293470
v 0.099879 0.975117 0.197915
v 0.000000 0.956940 0.290285
v 0.290285 0.956940 0.000000
v 0.197915 0.975117 0.099879
v 0.293470 0.950690 0.100318
v 0.106574 0.754344 0.647770
v 0.106288 0.814870 0.569815
v 0.000000 0.773010 0.634393
v 0.310307 0.858274 0.408749
v 0.211149 0.843745 0.493467
v 0.312460 0.809511 0.497052
v 0.000000 0.881921 0.471397
v 0.105347 0.868513 0.484341
v 0.105019 0.912272 0.395894
v 0.634393 0.773010 0.000000
v 0.569815 0.814870 0.106288
v 0.647770 0.754344 0.106574
v 0.395894 0.912272 0.105019
v 0.484341 0.868513 0.105347
v 0.471397 0.881921 0.000000
v 0.497052 0.809511 0.312460
v 0.493467 0.843745 0.211149
v 0.408749 0.858274 0.310307
v 0.205017 0.930518 0.303485
v 0.309713 0.898975 0.309713
v 0.303485 0.930518 0.205017
v 0.690768 0.213724 0.690768
v 0.735924 0.421839 0.529592
v 0.720687 0.321787 0.614055
v 0.614055 0.321787 0.720687
v 0.529592 0.421839 0.735924
v 0.690768 0.690768 0.213724
v 0.529592 0.735924 0.421839
v 0.614055 0.720687 0.321787
v 0.720687 0.614055 0.321787
v 0.735924 0.529592 0.421839
v 0.213724 0.690768 0.690768
v 0.421839 0.529592 0.735924
v 0.321787 0.614055 0.720687
v 0.321787 0.720687 0.614055
v 0.421839 0.735924 0.529592
v 0.646997 0.539164 0.539164
v 0.539164 0.646997 0.539164
v 0.539164 0.539164 0.646997
v -0.098487 0.098487 0.990253
v -0.098017 0.000000 0.995185
v -0.100318 0.293470 0.950690
v -0.099879 0.197915 0.975117
v -0.290285 0.000000 0.956940
v -0.197915 0.099879 0.975117
v -0.293470 0.100318 0.950690
v -0.106574 0.647770 0.754344
v -0.106288 0.569815 0.814870
v -0.310307 0.408749 0.858274
v -0.211149 0.493467 0.843745
v -0.312460 0.497052 0.809511
v -0.105347 0.484341 0.868513
v -0.105019 0.395894 0.912272
v -0.634393 0.000000 0.773010
v -0.569815 0.106288 0.814870
v -0.647770 0.106574 0.754344
v -0.395894 0.105019 0.912272
v -0.484341 0.105347 0.868513
v -0.471397 0.000000 0.881921
v -0.497052 0.312460 0.809511
v -0.493467 0.211149 0.843745
v -0.408749 0.310307 0.858274
v -0.205017 0.303485 0.930518
v -0.309713 0.309713 0.898975
v -0.303485 0.205017 0.930518
v -0.098017 0.995185 0.000000
v -0.098487 0.990253 0.098487
v -0.293470 0.950690 0.100318
v -0.197915 0.975117 0.099879
v -0.290285 0.956940 0.000000
v -0.099879 0.975117 0.197915
v -0.100318 0.950690 0.293470
v -0.647770 0.754344 0.106574
v -0.569815 0.814870 0.106288
v -0.634393 0.773010 0.000000
v -0.408749 0.858274 0.310307
v -0.493467 0.843745 0.211149
v -0.497052 0.809511 0.312460
v -0.471397 0.881921 0.000000
v -0.484341 0.868513 0.105347
v -0.395894 0.912272 0.105019
v -0.106288 0.814870 0.569815
v -0.106574 0.754344 0.647770
v -0.105019 0.912272 0.395894
v -0.105347 0.868513 0.484341
v -0.312460 0.809511 0.497052
v -0.211149 0.843745 0.493467
v -0.310307 0.858274 0.408749
v -0.303485 0.930518 0.205017
v -0.309713 0.898975 0.309713
v -0.205017 0.930518 0.303485
v -0.995185 0.000000 0.098017
v -0.990253 0.098487 0.098487
v -0.995185 0.098017 0.000000
v -0.950690 0.100318 0.293470
v -0.975117 0.099879 0.197915
v -0.956940 0.000000 0.290285
v -0.956940 0.290285 0.000000
v -0.975117 0.197915 0.099879
v -0.950690 0.293470 0.100318
v -0.754344 0.106574 0.647770
v -0.814870 0.106288 0.569815
v -0.773010 0.000000 0.634393
v -0.858274 0.310307 0.408749
v -0.843745 0.211149 0.493467
v -0.809511 0.312460 0.497052
v -0.881921 0.000000 0.471397
v -0.868513 0.105347 0.484341
v -0.912272 0.105019 0.395894
v -0.773010 0.634393 0.000000
v -0.814870 0.569815 0.106288
v -0.754344 0.647770 0.106574
v -0.912272 0.395894 0.105019
v -0.868513 0.484341 0.105347
v -0.881921 0.471397 0.000000
v -0.809511 0.497052 0.312460
v -0.843745 0.493467 0.211149
v -0.858274 0.408749 0.310307
v -0.930518 0.205017 0.303485
v -0.898975 0.309713 0.309713
v -0.930518 0.303485 0.205017
v -0.213724 0.690768 0.690768
v -0.421839 0.735924 0.529592
v -0.321787 0.720687 0.614055
v -0.321787 0.614055 0.720687
v -0.421839 0.529592 0.735924
v -0.690768 0.690768 0.213724
v -0.735924 0.529592 0.421839
v -0.720687 0.614055 0.321787
v -0.614055 0.720687 0.321787
v -0.529592 0.735924 0.421839
v -0.690768 0.213724 0.690768
v -0.529592 0.421839 0.735924
v -0.614055 0.321787 0.720687
v -0.720687 0.321787 0.614055
v -0.735924 0.421839 0.529592
v -0.539164 0.646997 0.539164
v -0.646997 0.539164 0.539164
v -0.539164 0.539164 0.646997
v -0.098487 -0.098487 0.990253
v 0.000000 -0.098017 0.995185
v -0.293470 -0.100318 0.950690
v -0.197915 -0.099879 0.975117
v 0.000000 -0.290285 0.956940
v -0.099879 -0.197915 0.975117
v -0.100318 -0.293470 0.950690
v -0.647770 -0.106574 0.754344
v -0.569815 -0.106288 0.814870
v -0.408749 -0.310307 0.858274
v -0.493467 -0.211149 0.843745
v -0.497052 -0.312460 0.809511
v -0.484341 -0.105347 0.868513
v -0.395894 -0.105019 0.912272
v 0.000000 -0.634393 0.773010
v -0.106288 -0.569815 0.814870
v -0.106574 -0.647770 0.754344
v -0.105019 -0.395894 0.912272
v -0.105347 -0.484341 0.868513
v 0.000000 -0.471397 0.881921
v -0.312460 -0.497052 0.809511
v -0.211149 -0.493467 0.843745
v -0.310307 -0.408749 0.858274
v -0.303485 -0.205017 0.930518
v -0.309713 -0.309713 0.898975
v -0.205017 -0.303485 0.930518
v -0.995185 -0.098017 0.000000
v -0.990253 -0.098487 0.098487
v -0.950690 -0.293470 0.100318
v -0.975117 -0.197915 0.099879
v -0.956940 -0.290285 0.000000
v -0.975117 -0.099879 0.197915
v -0.950690 -0.100318 0.293470
v -0.754344 -0.647770 0.106574
v -0.814870 -0.569815 0.106288
v -0.773010 -0.634393 0.000000
v -0.858274 -0.408749 0.310307
v -0.843745 -0.493467 0.211149
v -0.809511 -0.497052 0.312460
v -0.881921 -0.471397 0.000000
v -0.868513 -0.484341 0.105347
v -0.912272 -0.395894 0.105019
v -0.814870 -0.106288 0.569815
v -0.754344 -0.106574 0.647770
v -0.912272 -0.105019 0.395894
v -0.868513 -0.105347 0.484341
v -0.809511 -0.312460 0.497052
v -0.843745 -0.211149 0.493467
v -0.858274 -0.310307 0.408749
v -0.930518 -0.303485 0.205017
v -0.898975 -0.309713 0.309713
v -0.930518 -0.205017 0.303485
v 0.000000 -0.995185 0.098017
v -0.098487 -0.990253 0.098487
v -0.098017 -0.995185 0.000000
v -0.100318 -0.950690 0.293470
v -0.099879 -0.975117 0.197915
v 0.000000 -0.956940 0.290285
v -0.290285 -0.956940 0.000000
v -0.197915 -0.975117 0.099879
v -0.293470 -0.950690 0.100318
v -0.106574 -0.754344 0.647770
v -0.106288 -0.814870 0.569815
v 0.000000 -0.773010 0.634393
v -0.310307 -0.858274 0.408749
v -0.211149 -0.843745 0.493467
v -0.312460 -0.809511 0.497052
v 0.000000 -0.881921 0.471397
v -0.105347 -0.868513 0.484341
v -0.105019 -0.912272 0.395894
v -0.634393 -0.773010 0.000000
v -0.569815 -0.814870 0.106288
v -0.647770 -0.754344 0.106574
v -0.395894 -0.912272 0.105019
v -0.484341 -0.868513 0.105347
v -0.471397 -0.881921 0.000000
v -0.497052 -0.809511 0.312460
v -0.493467 -0.843745 0.211149
v -0.408749 -0.858274 0.310307
v -0.205017 -0.930518 0.303485
v -0.309713 -0.898975 0.309713
v -0.303485 -0.930518 0.205017
v -0.690768 -0.213724 0.690768
v -0.735924 -0.421839 0.529592
v -0.720687 -0.321787 0.614055
v -0.614055 -0.321787 0.720687
v -0.529592 -0.421839 0.735924
v -0.690768 -0.690768 0.213724
v -0.529592 -0.735924 0.421839
v -0.614055 -0.720687 0.321787
v -0.720687 -0.614055 0.321787
v -0.735924 -0.529592 0.421839
v -0.213724 -0.690768 0.690768
v -0.421839 -0.529592 0.735924
v -0.321787 -0.614055 0.720687
v -0.321787 -0.720687 0.614055
v -0.421839 -0.735924 0.529592
v -0.646997 -0.539164 0.539164
v -0.539164 -0.646997 0.539164
v -0.539164 -0.539164 0.646997
v 0.098487 -0.098487 0.990253
v 0.100318 -0.293470 0.950690
v 0.099879 -0.197915 0.975117
v 0.197915 -0.099879 0.975117
v 0.293470 -0.100318 0.950690
v 0.106574 -0.647770 0.754344
v 0.106288 -0.569815 0.814870
v 0.310307 -0.408749 0.858274
v 0.211149 -0.493467 0.843745
v 0.312460 -0.497052 0.809511
v 0.105347 -0.484341 0.868513
v 0.105019 -0.395894 0.912272
v 0.569815 -0.106288 0.814870
v 0.647770 -0.106574 0.754344
v 0.395894 -0.105019 0.912272
v 0.484341 -0.105347 0.868513
v 0.497052 -0.312460 0.809511
v 0.493467 -0.211149 0.843745
v 0.408749 -0.310307 0.858274
v 0.205017 -0.303485 0.930518
v 0.309713 -0.309713 0.898975
v 0.303485 -0.205017 0.930518
v 0.098017 -0.995185 0.000000
v 0.098487 -0.990253 0.098487
v 0.293470 -0.950690 0.100318
v 0.197915 -0.975117 0.099879
v 0.290285 -0.956940 0.000000
v 0.099879 -0.975117 0.197915
v 0.100318 -0.950690 0.293470
v 0.647770 -0.754344 0.106574
v 0.569815 -0.814870 0.106288
v 0.634393 -0.773010 0.000000
v 0.408749 -0.858274 0.310307
v 0.493467 -0.843745 0.211149
v 0.497052 -0.809511 0.312460
v 0.471397 -0.881921 0.000000
v 0.484341 -0.868513 0.105347
v 0.395894 -0.912272 0.105019
v 0.106288 -0.814870 0.569815
v 0.106574 -0.754344 0.647770
v 0.105019 -0.912272 0.395894
v 0.105347 -0.868513 0.484341
v 0.312460 -0.809511 0.497052
v 0.211149 -0.843745 0.493467
v 0.310307 -0.858274 0.408749
v 0.303485 -0.930518 0.205017
v 0.309713 -0.898975 0.309713
v 0.205017 -0.930518 0.303485
v 0.990253 -0.098487 0.098487
v 0.995185 -0.098017 0.000000
v 0.950690 -0.100318 0.293470
v 0.975117 -0.099879 0.197915
v 0.956940 -0.290285 0.000000
v 0.975117 -0.197915 0.099879
v 0.950690 -0.293470 0.100318
v 0.754344 -0.106574 0.647770
v 0.814870 -0.106288 0.569815
v 0.858274 -0.310307 0.408749
v 0.843745 -0.211149 0.493467
v 0.809511 -0.312460 0.497052
v 0.868513 -0.105347 0.484341
v 0.912272 -0.105019 0.395894
v 0.773010 -0.634393 0.000000
v 0.814870 -0.569815 0.106288
v 0.754344 -0.647770 0.106574
v 0.912272 -0.395894 0.105019
v 0.868513 -0.484341 0.105347
v 0.881921 -0.471397 0.000000
v 0.809511 -0.497052 0.312460
v 0.843745 -0.493467 0.211149
v 0.858274 -0.408749 0.310307
v 0.930518 -0.205017 0.303485
v 0.898975 -0.309713 0.309713
v 0.930518 -0.303485 0.205017
v 0.213724 -0.690768 0.690768
v 0.421839 -0.735924 0.529592
v 0.321787 -0.720687 0.614055
v 0.321787 -0.614055 0.720687
v 0.421839 -0.529592 0.735924
v 0.690768 -0.690768 0.213724
v 0.735924 -0.529592 0.421839
v 0.720687 -0.614055 0.321787
v 0.614055 -0.720687 0.321787
v 0.529592 -0.735924 0.421839
v 0.690768 -0.213724 0.690768
v 0.529592 -0.421839 0.735924
v 0.614055 -0.321787 0.720687
v 0.720687 -0.321787 0.614055
v 0.735924 -0.421839 0.529592
v 0.539164 -0.646997 0.539164
v 0.646997 -0.539164 0.539164
v 0.539164 -0.539164 0.646997
v 0.000000 0.098017 -0.995185
v 0.098487 0.098487 -0.990253
v 0.098017 0.000000 -0.995185
v 0.100318 0.293470 -0.950690
v 0.099879 0.197915 -0.975117
v 0.000000 0.290285 -0.956940
v 0.290285 0.000000 -0.956940
v 0.197915 0.099879 -0.975117
v 0.293470 0.100318 -0.950690
v 0.106574 0.647770 -0.754344
v 0.106288 0.569815 -0.814870
v 0.000000 0.634393 -0.773010
v 0.310307 0.408749 -0.858274
v 0.211149 0.493467 -0.843745
v 0.312460 0.497052 -0.809511
v 0.000000 0.471397 -0.881921
v 0.105347 0.484341 -0.868513
v 0.105019 0.395894 -0.912272
v 0.634393 0.000000 -0.773010
v 0.569815 0.106288 -0.814870
v 0.647770 0.106574 -0.754344
v 0.395894 0.105019 -0.912272
v 0.484341 0.105347 -0.868513
v 0.471397 0.000000 -0.881921
v 0.497052 0.312460 -0.809511
v 0.493467 0.211149 -0.843745
v 0.408749 0.310307 -0.858274
v 0.205017 0.303485 -0.930518
v 0.309713 0.309713 -0.898975
v 0.303485 0.205017 -0.930518
v 0.098487 0.990253 -0.098487
v 0.000000 0.995185 -0.098017
v 0.293470 0.950690 -0.100318
v 0.197915 0.975117 -0.099879
v 0.000000 0.956940 -0.290285
v 0.099879 0.975117 -0.197915
v 0.100318 0.950690 -0.293470
v 0.647770 0.754344 -0.106574
v 0.569815 0.814870 -0.106288
v 0.408749 0.858274 -0.310307
v 0.493467 0.843745 -0.211149
v 0.497052 0.809511 -0.312460
v 0.484341 0.868513 -0.105347
v 0.395894 0.912272 -0.105019
v 0.000000 0.773010 -0.634393
v 0.106288 0.814870 -0.569815
v 0.106574 0.754344 -0.647770
v 0.105019 0.912272 -0.395894
v 0.105347 0.868513 -0.484341
v 0.000000 0.881921 -0.471397
v 0.312460 0.809511 -0.497052
v 0.211149 0.843745 -0.493467
v 0.310307 0.858274 -0.408749
v 0.303485 0.930518 -0.205017
v 0.309713 0.898975 -0.309713
v 0.205017 0.930518 -0.303485
v 0.995185 0.000000 -0.098017
v 0.990253 0.098487 -0.098487
v 0.950690 0.100318 -0.293470
v 0.975117 0.099879 -0.197915
v 0.956940 0.000000 -0.290285
v 0.975117 0.197915 -0.099879
v 0.950690 0.293470 -0.100318
v 0.754344 0.106574 -0.647770
v 0.814870 0.106288 -0.569815
v 0.773010 0.000000 -0.634393
v 0.858274 0.310307 -0.408749
v 0.843745 0.211149 -0.493467
v 0.809511 0.312460 -0.497052
v 0.881921 0.000000 -0.471397
v 0.868513 0.105347 -0.484341
v 0.912272 0.105019 -0.395894
v 0.814870 0.569815 -0.106288
v 0.754344 0.647770 -0.106574
v 0.912272 0.395894 -0.105019
v 0.868513 0.484341 -0.105347
v 0.809511 0.497052 -0.312460
v 0.843745 0.493467 -0.211149
v 0.858274 0.408749 -0.310307
v 0.930518 0.205017 -0.303485
v 0.898975 0.309713 -0.309713
v 0.930518 0.303485 -0.205017
v 0.213724 0.690768 -0.690768
v 0.421839 0.735924 -0.529592
v 0.321787 0.720687 -0.614055
v 0.321787 0.614055 -0.720687
v 0.421839 0.529592 -0.735924
v 0.690768 0.690768 -0.213724
v 0.735924 0.529592 -0.421839
v 0.720687 0.614055 -0.321787
v 0.614055 0.720687 -0.321787
v 0.529592 0.735924 -0.421839
v 0.690768 0.213724 -0.690768
v 0.529592 0.421839 -0.735924
v 0.614055 0.321787 -0.720687
v 0.720687 0.321787 -0.614055
v 0.735924 0.421839 -0.529592
v 0.539164 0.646997 -0.539164
v 0.646997 0.539164 -0.539164
v 0.539164 0.539164 -0.646997
v -0.098017 0.000000 -0.995185
v -0.098487 0.098487 -0.990253
v -0.293470 0.100318 -0.950690
v -0.197915 0.099879 -0.975117
v -0.290285 0.000000 -0.956940
v -0.099879 0.197915 -0.975117
v -0.100318 0.293470 -0.950690
v -0.647770 0.106574 -0.754344
v -0.569815 0.106288 -0.814870
v -0.634393 0.000000 -0.773010
v -0.408749 0.310307 -0.858274
v -0.493467 0.211149 -0.843745
v -0.497052 0.312460 -0.809511
v -0.471397 0.000000 -0.881921
v -0.484341 0.105347 -0.868513
v -0.395894 0.105019 -0.912272
v -0.106288 0.569815 -0.814870
v -0.106574 0.647770 -0.754344
v -0.105019 0.395894 -0.912272
v -0.105347 0.484341 -0.868513
v -0.312460 0.497052 -0.809511
v -0.211149 0.493467 -0.843745
v -0.310307 0.408749 -0.858274
v -0.303485 0.205017 -0.930518
v -0.309713 0.309713 -0.898975
v -0.205017 0.303485 -0.930518
v -0.990253 0.098487 -0.098487
v -0.995185 0.000000 -0.098017
v -0.950690 0.293470 -0.100318
v -0.975117 0.197915 -0.099879
v -0.956940 0.000000 -0.290285
v -0.975117 0.099879 -0.197915
v -0.950690 0.100318 -0.293470
v -0.754344 0.647770 -0.106574
v -0.814870 0.569815 -0.106288
v -0.858274 0.408749 -0.310307
v -0.843745 0.493467 -0.211149
v -0.809511 0.497052 -0.312460
v -0.868513 0.484341 -0.105347
v -0.912272 0.395894 -0.105019
v -0.773010 0.000000 -0.634393
v -0.814870 0.106288 -0.569815
v -0.754344 0.106574 -0.647770
v -0.912272 0.105019 -0.395894
v -0.868513 0.105347 -0.484341
v -0.881921 0.000000 -0.471397
v -0.809511 0.312460 -0.497052
v -0.843745 0.211149 -0.493467
v -0.858274 0.310307 -0.408749
v -0.930518 0.303485 -0.205017
v -0.898975 0.309713 -0.309713
v -0.930518 0.205017 -0.303485
v -0.098487 0.990253 -0.098487
v -0.100318 0.950690 -0.293470
v -0.099879 0.975117 -0.197915
v -0.197915 0.975117 -0.099879
v -0.293470 0.950690 -0.100318
v -0.106574 0.754344 -0.647770
v -0.106288 0.814870 -0.569815
v -0.310307 0.858274 -0.408749
v -0.211149 0.843745 -0.493467
v -0.312460 0.809511 -0.497052
v -0.105347 0.868513 -0.484341
v -0.105019 0.912272 -0.395894
v -0.569815 0.814870 -0.106288
v -0.647770 0.754344 -0.106574
v -0.395894 0.912272 -0.105019
v -0.484341 0.868513 -0.105347
v -0.497052 0.809511 -0.312460
v -0.493467 0.843745 -0.211149
v -0.408749 0.858274 -0.310307
v -0.205017 0.930518 -0.303485
v -0.309713 0.898975 -0.309713
v -0.303485 0.930518 -0.205017
v -0.690768 0.213724 -0.690768
v -0.735924 0.421839 -0.529592
v -0.720687 0.321787 -0.614055
v -0.614055 0.321787 -0.720687
v -0.529592 0.421839 -0.735924
v -0.690768 0.690768 -0.213724
v -0.529592 0.735924 -0.421839
v -0.614055 0.720687 -0.321787
v -0.720687 0.614055 -0.321787
v -0.735924 0.529592 -0.421839
v -0.213724 0.690768 -0.690768
v -0.421839 0.529592 -0.735924
v -0.321787 0.614055 -0.720687
v -0.321787 0.720687 -0.614055
v -0.421839 0.735924 -0.529592
v -0.646997 0.539164 -0.539164
v -0.539164 0.646997 -0.539164
v -0.539164 0.539164 -0.646997
v 0.000000 -0.098017 -0.995185
v -0.098487 -0.098487 -0.990253
v -0.100318 -0.293470 -0.950690
v -0.099879 -0.197915 -0.975117
v 0.000000 -0.290285 -0.956940
v -0.197915 -0.099879 -0.975117
v -0.293470 -0.100318 -0.950690
v -0.106574 -0.647770 -0.754344
v -0.106288 -0.569815 -0.814870
v 0.000000 -0.634393 -0.773010
v -0.310307 -0.408749 -0.858274
v -0.211149 -0.493467 -0.843745
v -0.312460 -0.497052 -0.809511
v 0.000000 -0.471397 -0.881921
v -0.105347 -0.484341 -0.868513
v -0.105019 -0.395894 -0.912272
v -0.569815 -0.106288 -0.814870
v -0.647770 -0.106574 -0.754344
v -0.395894 -0.105019 -0.912272
v -0.484341 -0.105347 -0.868513
v -0.497052 -0.312460 -0.809511
v -0.493467 -0.211149 -0.843745
v -0.408749 -0.310307 -0.858274
v -0.205017 -0.303485 -0.930518
v -0.309713 -0.309713 -0.898975
v -0.303485 -0.205017 -0.930518
v -0.098487 -0.990253 -0.098487
v 0.000000 -0.995185 -0.098017
v -0.293470 -0.950690 -0.100318
v -0.197915 -0.975117 -0.099879
v 0.000000 -0.956940 -0.290285
v -0.099879 -0.975117 -0.197915
v -0.100318 -0.950690 -0.293470
v -0.647770 -0.754344 -0.106574
v -0.569815 -0.814870 -0.106288
v -0.408749 -0.858274 -0.310307
v -0.493467 -0.843745 -0.211149
v -0.497052 -0.809511 -0.312460
v -0.484341 -0.868513 -0.105347
v -0.395894 -0.912272 -0.105019
v 0.000000 -0.773010 -0.634393
v -0.106288 -0.814870 -0.569815
v -0.106574 -0.754344 -0.647770
v -0.105019 -0.912272 -0.395894
v -0.105347 -0.868513 -0.484341
v 0.000000 -0.881921 -0.471397
v -0.312460 -0.809511 -0.497052
v -0.211149 -0.843745 -0.493467
v -0.310307 -0.858274 -0.408749
v -0.303485 -0.930518 -0.205017
v -0.309713 -0.898975 -0.309713
v -0.205017 -0.930518 -0.303485
v -0.990253 -0.098487 -0.098487
v -0.950690 -0.100318 -0.293470
v -0.975117 -0.099879 -0.197915
v -0.975117 -0.197915 -0.099879
v -0.950690 -0.293470 -0.100318
v -0.754344 -0.106574 -0.647770
v -0.814870 -0.106288 -0.569815
v -0.858274 -0.310307 -0.408749
v -0.843745 -0.211149 -0.493467
v -0.809511 -0.312460 -0.497052
v -0.868513 -0.105347 -0.484341
v -0.912272 -0.105019 -0.395894
v -0.814870 -0.569815 -0.106288
v -0.754344 -0.647770 -0.106574
v -0.912272 -0.395894 -0.105019
v -0.868513 -0.484341 -0.105347
v -0.809511 -0.497052 -0.312460
v -0.843745 -0.493467 -0.211149
v -0.858274 -0.408749 -0.310307
v -0.930518 -0.205017 -0.303485
v -0.898975 -0.309713 -0.309713
v -0.930518 -0.303485 -0.205017
v -0.213724 -0.690768 -0.690768
v -0.421839 -0.735924 -0.529592
v -0.321787 -0.720687 -0.614055
v -0.321787 -0.614055 -0.720687
v -0.421839 -0.529592 -0.735924
v -0.690768 -0.690768 -0.213724
v -0.735924 -0.529592 -0.421839
v -0.720687 -0.614055 -0.321787
v -0.614055 -0.720687 -0.321787
v -0.529592 -0.735924 -0.421839
v -0.690768 -0.213724 -0.690768
v -0.529592 -0.421839 -0.735924
v -0.614055 -0.321787 -0.720687
v -0.720687 -0.321787 -0.614055
v -0.735924 -0.421839 -0.529592
v -0.539164 -0.646997 -0.539164
v -0.646997 -0.539164 -0.539164
v -0.539164 -0.539164 -0.646997
v 0.098487 -0.098487 -0.990253
v 0.293470 -0.100318 -0.950690
v 0.197915 -0.099879 -0.975117
v 0.099879 -0.197915 -0.975117
v 0.100318 -0.293470 -0.950690
v 0.647770 -0.106574 -0.754344
v 0.569815 -0.106288 -0.814870
v 0.408749 -0.310307 -0.858274
v 0.493467 -0.211149 -0.843745
v 0.497052 -0.312460 -0.809511
v 0.484341 -0.105347 -0.868513
v 0.395894 -0.105019 -0.912272
v 0.106288 -0.569815 -0.814870
v 0.106574 -0.647770 -0.754344
v 0.105019 -0.395894 -0.912272
v 0.105347 -0.484341 -0.868513
v 0.312460 -0.497052 -0.809511
v 0.211149 -0.493467 -0.843745
v 0.310307 -0.408749 -0.858274
v 0.303485 -0.205017 -0.930518
v 0.309713 -0.309713 -0.898975
v 0.205017 -0.303485 -0.930518
v 0.990253 -0.098487 -0.098487
v 0.950690 -0.293470 -0.100318
v 0.975117 -0.197915 -0.099879
v 0.975117 -0.099879 -0.197915
v 0.950690 -0.100318 -0.293470
v 0.754344 -0.647770 -0.106574
v 0.814870 -0.569815 -0.106288
v 0.858274 -0.408749 -0.310307
v 0.843745 -0.493467 -0.211149
v 0.809511 -0.497052 -0.312460
v 0.868513 -0.484341 -0.105347
v 0.912272 -0.395894 -0.105019
v 0.814870 -0.106288 -0.569815
v 0.754344 -0.106574 -0.647770
v 0.912272 -0.105019 -0.395894
v 0.868513 -0.105347 -0.484341
v 0.809511 -0.312460 -0.497052
v 0.843745 -0.211149 -0.493467
v 0.858274 -0.310307 -0.408749
v 0.930518 -0.303485 -0.205017
v 0.898975 -0.309713 -0.309713
v 0.930518 -0.205017 -0.303485
v 0.098487 -0.990253 -0.098487
v 0.100318 -0.950690 -0.293470
v 0.099879 -0.975117 -0.197915
v 0.197915 -0.975117 -0.099879
v 0.293470 -0.950690 -0.100318
v 0.106574 -0.754344 -0.647770
v 0.106288 -0.814870 -0.569815
v 0.310307 -0.858274 -0.408749
v 0.211149 -0.843745 -0.493467
v 0.312460 -0.809511 -0.497052
v 0.105347 -0.868513 -0.484341
v 0.105019 -0.912272 -0.395894
v 0.569815 -0.814870 -0.106288
v 0.647770 -0.754344 -0.106574
v 0.395894 -0.912272 -0.105019
v 0.484341 -0.868513 -0.105347
v 0.497052 -0.809511 -0.312460
v 0.493467 -0.843745 -0.211149
v 0.408749 -0.858274 -0.310307
v 0.205017 -0.930518 -0.303485
v 0.309713 -0.898975 -0.309713
v 0.303485 -0.930518 -0.205017
v 0.690768 -0.213724 -0.690768
v 0.735924 -0.421839 -0.529592
v 0.720687 -0.321787 -0.614055
v 0.614055 -0.321787 -0.720687
v 0.529592 -0.421839 -0.735924
v 0.690768 -0.690768 -0.213724
v 0.529592 -0.735924 -0.421839
v 0.614055 -0.720687 -0.321787
v 0.720687 -0.614055 -0.321787
v 0.735924 -0.529592 -0.421839
v 0.213724 -0.690768 -0.690768
v 0.421839 -0.529592 -0.735924
v 0.321787 -0.614055 -0.720687
v 0.321787 -0.720687 -0.614055
v 0.421839 -0.735924 -0.529592
v 0.646997 -0.539164 -0.539164
v 0.539164 -0.646997 -0.539164
v 0.539164 -0.539164 -0.646997

# Vertex Normals
vn 0.000000 0.000000 1.000000
vn 1.000000 0.000000 0.000000
vn 0.000000 1.000000 0.000000
vn -1.000000 0.000000 0.000000
vn 0.000000 -1.000000 0.000000
vn 0.000000 0.000000 -1.000000
vn 0.707107 0.000000 0.707107
vn 0.707107 0.707107 0.000000
vn 0.000000 0.707107 0.707107
vn -0.707107 0.707107 0.000000
vn -0.707107 0.000000 0.707107
vn -0.707107 -0.707107 0.000000
vn 0.000000 -0.707107 0.707107
vn 0.707107 -0.707107 0.000000
vn 0.000000 0.707107 -0.707107
vn 0.707107 0.000000 -0.707107
vn -0.707107 0.000000 -0.707107
vn 0.000000 -0.707107 -0.707107
vn 0.382683 0.000000 0.923880
vn 0.408248 0.408248 0.816497
vn 0.000000 0.382683 0.923880
vn 0.923880 0.382683 0.000000
vn 0.816497 0.408248 0.408248
vn 0.923880 0.000000 0.382683
vn 0.000000 0.923880 0.382683
vn 0.408248 0.816497 0.408248
vn 0.382683 0.923880 0.000000
vn -0.408248 0.408248 0.816497
vn -0.382683 0.000000 0.923880
vn -0.382683 0.923880 0.000000
vn -0.408248 0.816497 0.408248
vn -0.923880 0.000000 0.382683
vn -0.816497 0.408248 0.408248
vn -0.923880 0.382683 0.000000
vn -0.408248 -0.408248 0.816497
vn 0.000000 -0.382683 0.923880
vn -0.923880 -0.382683 0.000000
vn -0.816497 -0.408248 0.408248
vn 0.000000 -0.923880 0.382683
vn -0.408248 -0.816497 0.408248
vn -0.382683 -0.923880 0.000000
vn 0.408248 -0.408248 0.816497
vn 0.382683 -0.923880 0.000000
vn 0.408248 -0.816497 0.408248
vn 0.816497 -0.408248 0.408248
vn 0.923880 -0.382683 0.000000
vn 0.000000 0.382683 -0.923880
vn 0.408248 0.408248 -0.816497
vn 0.382683 0.000000 -0.923880
vn 0.408248 0.816497 -0.408248
vn 0.000000 0.923880 -0.382683
vn 0.923880 0.000000 -0.382683
vn 0.816497 0.408248 -0.408248
vn -0.382683 0.000000 -0.923880
vn -0.408248 0.408248 -0.816497
vn -0.816497 0.408248 -0.408248
vn -0.923880 0.000000 -0.382683
vn -0.408248 0.816497 -0.408248
vn 0.000000 -0.382683 -0.923880
vn -0.408248 -0.408248 -0.816497
vn -0.408248 -0.816497 -0.408248
vn 0.000000 -0.923880 -0.382683
vn -0.816497 -0.408248 -0.408248
vn 0.408248 -0.408248 -0.816497
vn 0.816497 -0.408248 -0.408248
vn 0.408248 -0.816497 -0.408248
vn 0.195090 0.000000 0.980785
vn 0.198757 0.198757 0.959683
vn 0.000000 0.195090 0.980785
vn 0.577350 0.211325 0.788675
vn 0.404615 0.208847 0.890320
vn 0.555570 0.000000 0.831470
vn 0.000000 0.555570 0.831470
vn 0.208847 0.404615 0.890320
vn 0.211325 0.577350 0.788675
vn 0.980785 0.195090 0.000000
vn 0.959683 0.198757 0.198757
vn 0.980785 0.000000 0.195090
vn 0.788675 0.577350 0.211325
vn 0.890320 0.404615 0.208847
vn 0.831470 0.555570 0.000000
vn 0.831470 0.000000 0.555570
vn 0.890320 0.208847 0.404615
vn 0.788675 0.211325 0.577350
vn 0.000000 0.980785 0.195090
vn 0.198757 0.959683 0.198757
vn 0.195090 0.980785 0.000000
vn 0.211325 0.788675 0.577350
vn 0.208847 0.890320 0.404615
vn 0.000000 0.831470 0.555570
vn 0.555570 0.831470 0.000000
vn 0.404615 0.890320 0.208847
vn 0.577350 0.788675 0.211325
vn 0.639602 0.426401 0.639602
vn 0.639602 0.639602 0.426401
vn 0.426401 0.639602 0.639602
vn -0.198757 0.198757 0.959683
vn -0.195090 0.000000 0.980785
vn -0.211325 0.577350 0.788675
vn -0.208847 0.404615 0.890320
vn -0.555570 0.000000 0.831470
vn -0.404615 0.208847 0.890320
vn -0.577350 0.211325 0.788675
vn -0.195090 0.980785 0.000000
vn -0.198757 0.959683 0.198757
vn -0.577350 0.788675 0.211325
vn -0.404615 0.890320 0.208847
vn -0.555570 0.831470 0.000000
vn -0.208847 0.890320 0.404615
vn -0.211325 0.788675 0.577350
vn -0.980785 0.000000 0.195090
vn -0.959683 0.198757 0.198757
vn -0.980785 0.195090 0.000000
vn -0.788675 0.211325 0.577350
vn -0.890320 0.208847 0.404615
vn -0.831470 0.000000 0.555570
vn -0.831470 0.555570 0.000000
vn -0.890320 0.404615 0.208847
vn -0.788675 0.577350 0.211325
vn -0.426401 0.639602 0.639602
vn -0.639602 0.639602 0.426401
vn -0.639602 0.426401 0.639602
vn -0.198757 -0.198757 0.959683
vn 0.000000 -0.195090 0.980785
vn -0.577350 -0.211325 0.788675
vn -0.404615 -0.208847 0.890320
vn 0.000000 -0.555570 0.831470
vn -0.208847 -0.404615 0.890320
vn -0.211325 -0.577350 0.788675
vn -0.980785 -0.195090 0.000000
vn -0.959683 -0.198757 0.198757
vn -0.788675 -0.577350 0.211325
vn -0.890320 -0.404615 0.208847
vn -0.831470 -0.555570 0.000000
vn -0.890320 -0.208847 0.404615
vn -0.788675 -0.211325 0.577350
vn 0.000000 -0.980785 0.195090
vn -0.198757 -0.959683 0.198757
vn -0.195090 -0.980785 0.000000
vn -0.211325 -0.788675 0.577350
vn -0.208847 -0.890320 0.404615
vn 0.000000 -0.831470 0.555570
vn -0.555570 -0.831470 0.000000
vn -0.404615 -0.890320 0.208847
vn -0.577350 -0.788675 0.211325
vn -0.639602 -0.426401 0.639602
vn -0.639602 -0.639602 0.426401
vn -0.426401 -0.639602 0.639602
vn 0.198757 -0.198757 0.959683
vn 0.211325 -0.577350 0.788675
vn 0.208847 -0.404615 0.890320
vn 0.404615 -0.208847 0.890320
vn 0.577350 -0.211325 0.788675
vn 0.195090 -0.980785 0.000000
vn 0.198757 -0.959683 0.198757
vn 0.577350 -0.788675 0.211325
vn 0.404615 -0.890320 0.208847
vn 0.555570 -0.831470 0.000000
vn 0.208847 -0.890320 0.404615
vn 0.211325 -0.788675 0.577350
vn 0.959683 -0.198757 0.198757
vn 0.980785 -0.195090 0.000000
vn 0.788675 -0.211325 0.577350
vn 0.890320 -0.208847 0.404615
vn 0.831470 -0.555570 0.000000
vn 0.890320 -0.404615 0.208847
vn 0.788675 -0.577350 0.211325
vn 0.426401 -0.639602 0.639602
vn 0.639602 -0.639602 0.426401
vn 0.639602 -0.426401 0.639602
vn 0.000000 0.195090 -0.980785
vn 0.198757 0.198757 -0.959683
vn 0.195090 0.000000 -0.980785
vn 0.211325 0.577350 -0.788675
vn 0.208847 0.404615 -0.890320
vn 0.000000 0.555570 -0.831470
vn 0.555570 0.000000 -0.831470
vn 0.404615 0.208847 -0.890320
vn 0.577350 0.211325 -0.788675
vn 0.198757 0.959683 -0.198757
vn 0.000000 0.980785 -0.195090
vn 0.577350 0.788675 -0.211325
vn 0.404615 0.890320 -0.208847
vn 0.000000 0.831470 -0.555570
vn 0.208847 0.890320 -0.404615
vn 0.211325 0.788675 -0.577350
vn 0.980785 0.000000 -0.195090
vn 0.959683 0.198757 -0.198757
vn 0.788675 0.211325 -0.577350
vn 0.890320 0.208847 -0.404615
vn 0.831470 0.000000 -0.555570
vn 0.890320 0.404615 -0.208847
vn 0.788675 0.577350 -0.211325
vn 0.426401 0.639602 -0.639602
vn 0.639602 0.639602 -0.426401
vn 0.639602 0.426401 -0.639602
vn -0.195090 0.000000 -0.980785
vn -0.198757 0.198757 -0.959683
vn -0.577350 0.211325 -0.788675
vn -0.404615 0.208847 -0.890320
vn -0.555570 0.000000 -0.831470
vn -0.208847 0.404615 -0.890320
vn -0.211325 0.577350 -0.788675
vn -0.959683 0.198757 -0.198757
vn -0.980785 0.000000 -0.195090
vn -0.788675 0.577350 -0.211325
vn -0.890320 0.404615 -0.208847
vn -0.831470 0.000000 -0.555570
vn -0.890320 0.208847 -0.404615
vn -0.788675 0.211325 -0.577350
vn -0.198757 0.959683 -0.198757
vn -0.211325 0.788675 -0.577350
vn -0.208847 0.890320 -0.404615
vn -0.404615 0.890320 -0.208847
vn -0.577350 0.788675 -0.211325
vn -0.639602 0.426401 -0.639602
vn -0.639602 0.639602 -0.426401
vn -0.426401 0.639602 -0.639602
vn 0.000000 -0.195090 -0.980785
vn -0.198757 -0.198757 -0.959683
vn -0.211325 -0.577350 -0.788675
vn -0.208847 -0.404615 -0.890320
vn 0.000000 -0.555570 -0.831470
vn -0.404615 -0.208847 -0.890320
vn -0.577350 -0.211325 -0.788675
vn -0.198757 -0.959683 -0.198757
vn 0.000000 -0.980785 -0.195090
vn -0.577350 -0.788675 -0.211325
vn -0.404615 -0.890320 -0.208847
vn 0.000000 -0.831470 -0.555570
vn -0.208847 -0.890320 -0.404615
vn -0.211325 -0.788675 -0.577350
vn -0.959683 -0.198757 -0.198757
vn -0.788675 -0.211325 -0.577350
vn -0.890320 -0.208847 -0.404615
vn -0.890320 -0.404615 -0.208847
vn -0.788675 -0.577350 -0.211325
vn -0.426401 -0.639602 -0.639602
vn -0.639602 -0.639602 -0.426401
vn -0.639602 -0.426401 -0.639602
vn 0.198757 -0.198757 -0.959683
vn 0.577350 -0.211325 -0.788675
vn 0.404615 -0.208847 -0.890320
vn 0.208847 -0.404615 -0.890320
vn 0.211325 -0.577350 -0.788675
vn 0.959683 -0.198757 -0.198757
vn 0.788675 -0.577350 -0.211325
vn 0.890320 -0.404615 -0.208847
vn 0.890320 -0.208847 -0.404615
vn 0.788675 -0.211325 -0.577350
vn 0.198757 -0.959683 -0.198757
vn 0.211325 -0.788675 -0.577350
vn 0.208847 -0.890320 -0.404615
vn 0.404615 -0.890320 -0.208847
vn 0.577350 -0.788675 -0.211325
vn 0.639602 -0.426401 -0.639602
vn 0.639602 -0.639602 -0.426401
vn 0.426401 -0.639602 -0.639602
vn 0.098017 0.000000 0.995185
vn 0.098487 0.098487 0.990253
vn 0.000000 0.098017 0.995185
vn 0.293470 0.100318 0.950690
vn 0.197915 0.099879 0.975117
vn 0.290285 0.000000 0.956940
vn 0.000000 0.290285 0.956940
vn 0.099879 0.197915 0.975117
vn 0.100318 0.293470 0.950690
vn 0.647770 0.106574 0.754344
vn 0.569815 0.106288 0.814870
vn 0.634393 0.000000 0.773010
vn 0.408749 0.310307 0.858274
vn 0.493467 0.211149 0.843745
vn 0.497052 0.312460 0.809511
vn 0.471397 0.000000 0.881921
vn 0.484341 0.105347 0.868513
vn 0.395894 0.105019 0.912272
vn 0.000000 0.634393 0.773010
vn 0.106288 0.569815 0.814870
vn 0.106574 0.647770 0.754344
vn 0.105019 0.395894 0.912272
vn 0.105347 0.484341 0.868513
vn 0.000000 0.471397 0.881921
vn 0.312460 0.497052 0.809511
vn 0.211149 0.493467 0.843745
vn 0.310307 0.408749 0.858274
vn 0.303485 0.205017 0.930518
vn 0.309713 0.309713 0.898975
vn 0.205017 0.303485 0.930518
vn 0.995185 0.098017 0.000000
vn 0.990253 0.098487 0.098487
vn 0.995185 0.000000 0.098017
vn 0.950690 0.293470 0.100318
vn 0.975117 0.197915 0.099879
vn 0.956940 0.290285 0.000000
vn 0.956940 0.000000 0.290285
vn 0.975117 0.099879 0.197915
vn 0.950690 0.100318 0.293470
vn 0.754344 0.647770 0.106574
vn 0.814870 0.569815 0.106288
vn 0.773010 0.634393 0.000000
vn 0.858274 0.408749 0.310307
vn 0.843745 0.493467 0.211149
vn 0.809511 0.497052 0.312460
vn 0.881921 0.471397 0.000000
vn 0.868513 0.484341 0.105347
vn 0.912272 0.395894 0.105019
vn 0.773010 0.000000 0.634393
vn 0.814870 0.106288 0.569815
vn 0.754344 0.106574 0.647770
vn 0.912272 0.105019 0.395894
vn 0.868513 0.105347 0.484341
vn 0.881921 0.000000 0.471397
vn 0.809511 0.312460 0.497052
vn 0.843745 0.211149 0.493467
vn 0.858274 0.310307 0.408749
vn 0.930518 0.303485 0.205017
vn 0.898975 0.309713 0.309713
vn 0.930518 0.205017 0.303485
vn 0.000000 0.995185 0.098017
vn 0.098487 0.990253 0.098487
vn 0.098017 0.995185 0.000000
vn 0.100318 0.950690 0.293470
vn 0.099879 0.975117 0.197915
vn 0.000000 0.956940 0.290285
vn 0.290285 0.956940 0.000000
vn 0.197915 0.975117 0.099879
vn 0.293470 0.950690 0.100318
vn 0.106574 0.754344 0.647770
vn 0.106288 0.814870 0.569815
vn 0.000000 0.773010 0.634393
vn 0.310307 0.858274 0.408749
vn 0.211149 0.843745 0.493467
vn 0.312460 0.809511 0.497052
vn 0.000000 0.881921 0.471397
vn 0.105347 0.868513 0.484341
vn 0.105019 0.912272 0.395894
vn 0.634393 0.773010 0.000000
vn 0.569815 0.814870 0.106288
vn 0.647770 0.754344 0.106574
vn 0.395894 0.912272 0.105019
vn 0.484341 0.868513 0.105347
vn 0.471397 0.881921 0.000000
vn 0.497052 0.809511 0.312460
vn 0.493467 0.843745 0.211149
vn 0.408749 0.858274 0.310307
vn 0.205017 0.930518 0.303485
vn 0.309713 0.898975 0.309713
vn 0.303485 0.930518 0.205017
vn 0.690768 0.213724 0.690768
vn 0.735924 0.421839 0.529592
vn 0.720687 0.321787 0.614055
vn 0.614055 0.321787 0.720687
vn 0.529592 0.421839 0.735924
vn 0.690768 0.690768 0.213724
vn 0.529592 0.735924 0.421839
vn 0.614055 0.720687 0.321787
vn 0.720687 0.614055 0.321787
vn 0.735924 0.529592 0.421839
vn 0.213724 0.690768 0.690768
vn 0.421839 0.529592 0.735924
vn 0.321787 0.614055 0.720687
vn 0.321787 0.720687 0.614055
vn 0.421839 0.735924 0.529592
vn 0.646997 0.539164 0.539164
vn 0.539164 0.646997 0.539164
vn 0.539164 0.539164 0.646997
vn -0.098487 0.098487 0.990253
vn -0.098017 0.000000 0.995185
vn -0.100318 0.293470 0.950690
vn -0.099879 0.197915 0.975117
vn -0.290285 0.000000 0.956940
vn -0.197915 0.099879 0.975117
vn -0.293470 0.100318 0.950690
vn -0.106574 0.647770 0.754344
vn -0.106288 0.569815 0.814870
vn -0.310307 0.408749 0.858274
vn -0.211149 0.493467 0.843745
vn -0.312460 0.497052 0.809511
vn -0.105347 0.484341 0.868513
vn -0.105019 0.395894 0.912272
vn -0.634393 0.000000 0.773010
vn -0.569815 0.106288 0.814870
vn -0.647770 0.106574 0.754344
vn -0.395894 0.105019 0.912272
vn -0.484341 0.105347 0.868513
vn -0.471397 0.000000 0.881921
vn -0.497052 0.312460 0.809511
vn -0.493467 0.211149 0.843745
vn -0.408749 0.310307 0.858274
vn -0.205017 0.303485 0.930518
vn -0.309713 0.309713 0.898975
vn -0.303485 0.205017 0.930518
vn -0.098017 0.995185 0.000000
vn -0.098487 0.990253 0.098487
vn -0.293470 0.950690 0.100318
vn -0.197915 0.975117 0.099879
vn -0.290285 0.956940 0.000000
vn -0.099879 0.975117 0.197915
vn -0.100318 0.950690 0.293470
vn -0.647770 0.754344 0.106574
vn -0.569815 0.814870 0.106288
vn -0.634393 0.773010 0.000000
vn -0.408749 0.858274 0.310307
vn -0.493467 0.843745 0.211149
vn -0.497052 0.809511 0.312460
vn -0.471397 0.881921 0.000000
vn -0.484341 0.868513 0.105347
vn -0.395894 0.912272 0.105019
vn -0.106288 0.814870 0.569815
vn -0.106574 0.754344 0.647770
vn -0.105019 0.912272 0.395894
vn -0.105347 0.868513 0.484341
vn -0.312460 0.809511 0.497052
vn -0.211149 0.843745 0.493467
vn -0.310307 0.858274 0.408749
vn -0.303485 0.930518 0.205017
vn -0.309713 0.898975 0.309713
vn -0.205017 0.930518 0.303485
vn -0.995185 0.000000 0.098017
vn -0.990253 0.098487 0.098487
vn -0.995185 0.098017 0.000000
vn -0.950690 0.100318 0.293470
vn -0.975117 0.099879 0.197915
vn -0.956940 0.000000 0.290285
vn -0.956940 0.290285 0.000000
vn -0.975117 0.197915 0.099879
vn -0.950690 0.293470 0.100318
vn -0.754344 0.106574 0.647770
vn -0.814870 0.106288 0.569815
vn -0.773010 0.000000 0.634393
vn -0.858274 0.310307 0.408749
vn -0.843745 0.211149 0.493467
vn -0.809511 0.312460 0.497052
vn -0.881921 0.000000 0.471397
vn -0.868513 0.105347 0.484341
vn -0.912272 0.105019 0.395894
vn -0.773010 0.634393 0.000000
vn -0.814870 0.569815 0.106288
vn -0.754344 0.647770 0.106574
vn -0.912272 0.395894 0.105019
vn -0.868513 0.484341 0.105347
vn -0.881921 0.471397 0.000000
vn -0.809511 0.497052 0.312460
vn -0.843745 0.493467 0.211149
vn -0.858274 0.408749 0.310307
vn -0.930518 0.205017 0.303485
vn -0.898975 0.309713 0.309713
vn -0.930518 0.303485 0.205017
vn -0.213724 0.690768 0.690768
vn -0.421839 0.735924 0.529592
vn -0.321787 0.720687 0.614055
vn -0.321787 0.614055 0.720687
vn -0.421839 0.529592 0.735924
vn -0.690768 0.690768 0.213724
vn -0.735924 0.529592 0.421839
vn -0.720687 0.614055 0.321787
vn -0.614055 0.720687 0.321787
vn -0.529592 0.735924 0.421839
vn -0.690768 0.213724 0.690768
vn -0.529592 0.421839 0.735924
vn -0.614055 0.321787 0.720687
vn -0.720687 0.321787 0.614055
vn -0.735924 0.421839 0.529592
vn -0.539164 0.646997 0.539164
vn -0.646997 0.539164 0.539164
vn -0.539164 0.539164 0.646997
vn -0.098487 -0.098487 0.990253
vn 0.000000 -0.098017 0.995185
vn -0.293470 -0.100318 0.950690
vn -0.197915 -0.099879 0.975117
vn 0.000000 -0.290285 0.956940
vn -0.099879 -0.197915 0.975117
vn -0.100318 -0.293470 0.950690
vn -0.647770 -0.106574 0.754344
vn -0.569815 -0.106288 0.814870
vn -0.408749 -0.310307 0.858274
vn -0.493467 -0.211149 0.843745
vn -0.497052 -0.312460 0.809511
vn -0.484341 -0.105347 0.868513
vn -0.395894 -0.105019 0.912272
vn 0.000000 -0.634393 0.773010
vn -0.106288 -0.569815 0.814870
vn -0.106574 -0.647770 0.754344
vn -0.105019 -0.395894 0.912272
vn -0.105347 -0.484341 0.868513
vn 0.000000 -0.471397 0.881921
vn -0.312460 -0.497052 0.809511
vn -0.211149 -0.493467 0.843745
vn -0.310307 -0.408749 0.858274
vn -0.303485 -0.205017 0.930518
vn -0.309713 -0.309713 0.898975
vn -0.205017 -0.303485 0.930518
vn -0.995185 -0.098017 0.000000
vn -0.990253 -0.098487 0.098487
vn -0.950690 -0.293470 0.100318
vn -0.975117 -0.197915 0.099879
vn -0.956940 -0.290285 0.000000
vn -0.975117 -0.099879 0.197915
vn -0.950690 -0.100318 0.293470
vn -0.754344 -0.647770 0.106574
vn -0.814870 -0.569815 0.106288
vn -0.773010 -0.634393 0.000000
vn -0.858274 -0.408749 0.310307
vn -0.843745 -0.493467 0.211149
vn -0.809511 -0.497052 0.312460
vn -0.881921 -0.471397 0.000000
vn -0.868513 -0.484341 0.105347
vn -0.912272 -0.395894 0.105019
vn -0.814870 -0.106288 0.569815
vn -0.754344 -0.106574 0.647770
vn -0.912272 -0.105019 0.395894
vn -0.868513 -0.105347 0.484341
vn -0.809511 -0.312460 0.497052
vn -0.843745 -0.211149 0.493467
vn -0.858274 -0.310307 0.408749
vn -0.930518 -0.303485 0.205017
vn -0.898975 -0.309713 0.309713
vn -0.930518 -0.205017 0.303485
vn 0.000000 -0.995185 0.098017
vn -0.098487 -0.990253 0.098487
vn -0.098017 -0.995185 0.000000
vn -0.100318 -0.950690 0.293470
vn -0.099879 -0.975117 0.197915
vn 0.000000 -0.956940 0.290285
vn -0.290285 -0.956940 0.000000
vn -0.197915 -0.975117 0.099879
vn -0.293470 -0.950690 0.100318
vn -0.106574 -0.754344 0.647770
vn -0.106288 -0.814870 0.569815
vn 0.000000 -0.773010 0.634393
vn -0.310307 -0.858274 0.408749
vn -0.211149 -0.843745 0.493467
vn -0.312460 -0.809511 0.497052
vn 0.000000 -0.881921 0.471397
vn -0.105347 -0.868513 0.484341
vn -0.105019 -0.912272 0.395894
vn -0.634393 -0.773010 0.000000
vn -0.569815 -0.814870 0.106288
vn -0.647770 -0.754344 0.106574
vn -0.395894 -0.912272 0.105019
vn -0.484341 -0.868513 0.105347
vn -0.471397 -0.881921 0.000000
vn -0.497052 -0.809511 0.312460
vn -0.493467 -0.843745 0.211149
vn -0.408749 -0.858274 0.310307
vn -0.205017 -0.930518 0.303485
vn -0.309713 -0.898975 0.309713
vn -0.303485 -0.930518 0.205017
vn -0.690768 -0.213724 0.690768
vn -0.735924 -0.421839 0.529592
vn -0.720687 -0.321787 0.614055
vn -0.614055 -0.321787 0.720687
vn -0.529592 -0.421839 0.735924
vn -0.690768 -0.690768 0.213724
vn -0.529592 -0.735924 0.421839
vn -0.614055 -0.720687 0.321787
vn -0.720687 -0.614055 0.321787
vn -0.735924 -0.529592 0.421839
vn -0.213724 -0.690768 0.690768
vn -0.421839 -0.529592 0.735924
vn -0.321787 -0.614055 0.720687
vn -0.321787 -0.720687 0.614055
vn -0.421839 -0.735924 0.529592
vn -0.646997 -0.539164 0.539164
vn -0.539164 -0.646997 0.539164
vn -0.539164 -0.539164 0.646997
vn 0.098487 -0.098487 0.990253
vn 0.100318 -0.293470 0.950690
vn 0.099879 -0.197915 0.975117
vn 0.197915 -0.099879 0.975117
vn 0.293470 -0.100318 0.950690
vn 0.106574 -0.647770 0.754344
vn 0.106288 -0.569815 0.814870
vn 0.310307 -0.408749 0.858274
vn 0.211149 -0.493467 0.843745
vn 0.312460 -0.497052 0.809511
vn 0.105347 -0.484341 0.868513
vn 0.105019 -0.395894 0.912272
vn 0.569815 -0.106288 0.814870
vn 0.647770 -0.106574 0.754344
vn 0.395894 -0.105019 0.912272
vn 0.484341 -0.105347 0.868513
vn 0.497052 -0.312460 0.809511
vn 0.493467 -0.211149 0.843745
vn 0.408749 -0.310307 0.858274
vn 0.205017 -0.303485 0.930518
vn 0.309713 -0.309713 0.898975
vn 0.303485 -0.205017 0.930518
vn 0.098017 -0.995185 0.000000
vn 0.098487 -0.990253 0.098487
vn 0.293470 -0.950690 0.100318
vn 0.197915 -0.975117 0.099879
vn 0.290285 -0.956940 0.000000
vn 0.099879 -0.975117 0.197915
vn 0.100318 -0.950690 0.293470
vn 0.647770 -0.754344 0.106574
vn 0.569815 -0.814870 0.106288
vn 0.634393 -0.773010 0.000000
vn 0.408749 -0.858274 0.310307
vn 0.493467 -0.843745 0.211149
vn 0.497052 -0.809511 0.312460
vn 0.471397 -0.881921 0.000000
vn 0.484341 -0.868513 0.105347
vn 0.395894 -0.912272 0.105019
vn 0.106288 -0.814870 0.569815
vn 0.106574 -0.754344 0.647770
vn 0.105019 -0.912272 0.395894
vn 0.105347 -0.868513 0.484341
vn 0.312460 -0.809511 0.497052
vn 0.211149 -0.843745 0.493467
vn 0.310307 -0.858274 0.408749
vn 0.303485 -0.930518 0.205017
vn 0.309713 -0.898975 0.309713
vn 0.205017 -0.930518 0.303485
vn 0.990253 -0.098487 0.098487
vn 0.995185 -0.098017 0.000000
vn 0.950690 -0.100318 0.293470
vn 0.975117 -0.099879 0.197915
vn 0.956940 -0.290285 0.000000
vn 0.975117 -0.197915 0.099879
vn 0.950690 -0.293470 0.100318
vn 0.754344 -0.106574 0.647770
vn 0.814870 -0.106288 0.569815
vn 0.858274 -0.310307 0.408749
vn 0.843745 -0.211149 0.493467
vn 0.809511 -0.312460 0.497052
vn 0.868513 -0.105347 0.484341
vn 0.912272 -0.105019 0.395894
vn 0.773010 -0.634393 0.000000
vn 0.814870 -0.569815 0.106288
vn 0.754344 -0.647770 0.106574
vn 0.912272 -0.395894 0.105019
vn 0.868513 -0.484341 0.105347
vn 0.881921 -0.471397 0.000000
vn 0.809511 -0.497052 0.312460
vn 0.843745 -0.493467 0.211149
vn 0.858274 -0.408749 0.310307
vn 0.930518 -0.205017 0.303485
vn 0.898975 -0.309713 0.309713
vn 0.930518 -0.303485 0.205017
vn 0.213724 -0.690768 0.690768
vn 0.421839 -0.735924 0.529592
vn 0.321787 -0.720687 0.614055
vn 0.321787 -0.614055 0.720687
vn 0.421839 -0.529592 0.735924
vn 0.690768 -0.690768 0.213724
vn 0.735924 -0.529592 0.421839
vn 0.720687 -0.614055 0.321787
vn 0.614055 -0.720687 0.321787
vn 0.529592 -0.735924 0.421839
vn 0.690768 -0.213724 0.690768
vn 0.529592 -0.421839 0.735924
vn 0.614055 -0.321787 0.720687
vn 0.720687 -0.321787 0.614055
vn 0.735924 -0.421839 0.529592
vn 0.539164 -0.646997 0.539164
vn 0.646997 -0.539164 0.539164
vn 0.539164 -0.539164 0.646997
vn 0.000000 0.098017 -0.995185
vn 0.098487 0.098487 -0.990253
vn 0.098017 0.000000 -0.995185
vn 0.100318 0.293470 -0.950690
vn 0.099879 0.197915 -0.975117
vn 0.000000 0.290285 -0.956940
vn 0.290285 0.000000 -0.956940
vn 0.197915 0.099879 -0.975117
vn 0.293470 0.100318 -0.950690
vn 0.106574 0.647770 -0.754344
vn 0.106288 0.569815 -0.814870
vn 0.000000 0.634393 -0.773010
vn 0.310307 0.408749 -0.858274
vn 0.211149 0.493467 -0.843745
vn 0.312460 0.497052 -0.809511
vn 0.000000 0.471397 -0.881921
vn 0.105347 0.484341 -0.868513
vn 0.105019 0.395894 -0.912272
vn 0.634393 0.000000 -0.773010
vn 0.569815 0.106288 -0.814870
vn 0.647770 0.106574 -0.754344
vn 0.395894 0.105019 -0.912272
vn 0.484341 0.105347 -0.868513
vn 0.471397 0.000000 -0.881921
vn 0.497052 0.312460 -0.809511
vn 0.493467 0.211149 -0.843745
vn 0.408749 0.310307 -0.858274
vn 0.205017 0.303485 -0.930518
vn 0.309713 0.309713 -0.898975
vn 0.303485 0.205017 -0.930518
vn 0.098487 0.990253 -0.098487
vn 0.000000 0.995185 -0.098017
vn 0.293470 0.950690 -0.100318
vn 0.197915 0.975117 -0.099879
vn 0.000000 0.956940 -0.290285
vn 0.099879 0.975117 -0.197915
vn 0.100318 0.950690 -0.293470
vn 0.647770 0.754344 -0.106574
vn 0.569815 0.814870 -0.106288
vn 0.408749 0.858274 -0.310307
vn 0.493467 0.843745 -0.211149
vn 0.497052 0.809511 -0.312460
vn 0.484341 0.868513 -0.105347
vn 0.395894 0.912272 -0.105019
vn 0.000000 0.773010 -0.634393
vn 0.106288 0.814870 -0.569815
vn 0.106574 0.754344 -0.647770
vn 0.105019 0.912272 -0.395894
vn 0.105347 0.868513 -0.484341
vn 0.000000 0.881921 -0.471397
vn 0.312460 0.809511 -0.497052
vn 0.211149 0.843745 -0.493467
vn 0.310307 0.858274 -0.408749
vn 0.303485 0.930518 -0.205017
vn 0.309713 0.898975 -0.309713
vn 0.205017 0.930518 -0.303485
vn 0.995185 0.000000 -0.098017
vn 0.990253 0.098487 -0.098487
vn 0.950690 0.100318 -0.293470
vn 0.975117 0.099879 -0.197915
vn 0.956940 0.000000 -0.290285
vn 0.975117 0.197915 -0.099879
vn 0.950690 0.293470 -0.100318
vn 0.754344 0.106574 -0.647770
vn 0.814870 0.106288 -0.569815
vn 0.773010 0.000000 -0.634393
vn 0.858274 0.310307 -0.408749
vn 0.843745 0.211149 -0.493467
vn 0.809511 0.312460 -0.497052
vn 0.881921 0.000000 -0.471397
vn 0.868513 0.105347 -0.484341
vn 0.912272 0.105019 -0.395894
vn 0.814870 0.569815 -0.106288
vn 0.754344 0.647770 -0.106574
vn 0.912272 0.395894 -0.105019
vn 0.868513 0.484341 -0.105347
vn 0.809511 0.497052 -0.312460
vn 0.843745 0.493467 -0.211149
vn 0.858274 0.408749 -0.310307
vn 0.930518 0.205017 -0.303485
vn 0.898975 0.309713 -0.309713
vn 0.930518 0.303485 -0.205017
vn 0.213724 0.690768 -0.690768
vn 0.421839 0.735924 -0.529592
vn 0.321787 0.720687 -0.614055
vn 0.321787 0.614055 -0.720687
vn 0.421839 0.529592 -0.735924
vn 0.690768 0.690768 -0.213724
vn 0.735924 0.529592 -0.421839
vn 0.720687 0.614055 -0.321787
vn 0.614055 0.720687 -0.321787
vn 0.529592 0.735924 -0.421839
vn 0.690768 0.213724 -0.690768
vn 0.529592 0.421839 -0.735924
vn 0.614055 0.321787 -0.720687
vn 0.720687 0.321787 -0.614055
vn 0.735924 0.421839 -0.529592
vn 0.539164 0.646997 -0.539164
vn 0.646997 0.539164 -0.539164
vn 0.539164 0.539164 -0.646997
vn -0.098017 0.000000 -0.995185
vn -0.098487 0.098487 -0.990253
vn -0.293470 0.100318 -0.950690
vn -0.197915 0.099879 -0.975117
vn -0.290285 0.000000 -0.956940
vn -0.099879 0.197915 -0.975117
vn -0.100318 0.293470 -0.950690
vn -0.647770 0.106574 -0.754344
vn -0.569815 0.106288 -0.814870
vn -0.634393 0.000000 -0.773010
vn -0.408749 0.310307 -0.858274
vn -0.493467 0.211149 -0.843745
vn -0.497052 0.312460 -0.809511
vn -0.471397 0.000000 -0.881921
vn -0.484341 0.105347 -0.868513
vn -0.395894 0.105019 -0.912272
vn -0.106288 0.569815 -0.814870
vn -0.106574 0.647770 -0.754344
vn -0.105019 0.395894 -0.912272
vn -0.105347 0.484341 -0.868513
vn -0.312460 0.497052 -0.809511
vn -0.211149 0.493467 -0.843745
vn -0.310307 0.408749 -0.858274
vn -0.303485 0.205017 -0.930518
vn -0.309713 0.309713 -0.898975
vn -0.205017 0.303485 -0.930518
vn -0.990253 0.098487 -0.098487
vn -0.995185 0.000000 -0.098017
vn -0.950690 0.293470 -0.100318
vn -0.975117 0.197915 -0.099879
vn -0.956940 0.000000 -0.290285
vn -0.975117 0.099879 -0.197915
vn -0.950690 0.100318 -0.293470
vn -0.754344 0.647770 -0.106574
vn -0.814870 0.569815 -0.106288
vn -0.858274 0.408749 -0.310307
vn -0.843745 0.493467 -0.211149
vn -0.809511 0.497052 -0.312460
vn -0.868513 0.484341 -0.105347
vn -0.912272 0.395894 -0.105019
vn -0.773010 0.000000 -0.634393
vn -0.814870 0.106288 -0.569815
vn -0.754344 0.106574 -0.647770
vn -0.912272 0.105019 -0.395894
vn -0.868513 0.105347 -0.484341
vn -0.881921 0.000000 -0.471397
vn -0.809511 0.312460 -0.497052
vn -0.843745 0.211149 -0.493467
vn -0.858274 0.310307 -0.408749
vn -0.930518 0.303485 -0.205017
vn -0.898975 0.309713 -0.309713
vn -0.930518 0.205017 -0.303485
vn -0.098487 0.990253 -0.098487
vn -0.100318 0.950690 -0.293470
vn -0.099879 0.975117 -0.197915
vn -0.197915 0.975117 -0.099879
vn -0.293470 0.950690 -0.100318
vn -0.106574 0.754344 -0.647770
vn -0.106288 0.814870 -0.569815
vn -0.310307 0.858274 -0.408749
vn -0.211149 0.843745 -0.493467
vn -0.312460 0.809511 -0.497052
vn -0.105347 0.868513 -0.484341
vn -0.105019 0.912272 -0.395894
vn -0.569815 0.814870 -0.106288
vn -0.647770 0.754344 -0.106574
vn -0.395894 0.912272 -0.105019
vn -0.484341 0.868513 -0.105347
vn -0.497052 0.809511 -0.312460
vn -0.493467 0.843745 -0.211149
vn -0.408749 0.858274 -0.310307
vn -0.205017 0.930518 -0.303485
vn -0.309713 0.898975 -0.309713
vn -0.303485 0.930518 -0.205017
vn -0.690768 0.213724 -0.690768
vn -0.735924 0.421839 -0.529592
vn -0.720687 0.321787 -0.614055
vn -0.614055 0.321787 -0.720687
vn -0.529592 0.421839 -0.735924
vn -0.690768 0.690768 -0.213724
vn -0.529592 0.735924 -0.421839
vn -0.614055 0.720687 -0.321787
vn -0.720687 0.614055 -0.321787
vn -0.735924 0.529592 -0.421839
vn -0.213724 0.690768 -0.690768
vn -0.421839 0.529592 -0.735924
vn -0.321787 0.614055 -0.720687
vn -0.321787 0.720687 -0.614055
vn -0.421839 0.735924 -0.529592
vn -0.646997 0.539164 -0.539164
vn -0.539164 0.646997 -0.539164
vn -0.539164 0.539164 -0.646997
vn 0.000000 -0.098017 -0.995185
vn -0.098487 -0.098487 -0.990253
vn -0.100318 -0.293470 -0.950690
vn -0.099879 -0.197915 -0.975117
vn 0.000000 -0.290285 -0.956940
vn -0.197915 -0.099879 -0.975117
vn -0.293470 -0.100318 -0.950690
vn -0.106574 -0.647770 -0.754344
vn -0.106288 -0.569815 -0.814870
vn 0.000000 -0.634393 -0.773010
vn -0.310307 -0.408749 -0.858274
vn -0.211149 -0.493467 -0.843745
vn -0.312460 -0.497052 -0.809511
vn 0.000000 -0.471397 -0.881921
vn -0.105347 -0.484341 -0.868513
vn -0.105019 -0.395894 -0.912272
vn -0.569815 -0.106288 -0.814870
vn -0.647770 -0.106574 -0.754344
vn -0.395894 -0.105019 -0.912272
vn -0.484341 -0.105347 -0.868513
vn -0.497052 -0.312460 -0.809511
vn -0.493467 -0.211149 -0.843745
vn -0.408749 -0.310307 -0.858274
vn -0.205017 -0.303485 -0.930518
vn -0.309713 -0.309713 -0.898975
vn -0.303485 -0.205017 -0.930518
vn -0.098487 -0.990253 -0.098487
vn 0.000000 -0.995185 -0.098017
vn -0.293470 -0.950690 -0.100318
vn -0.197915 -0.975117 -0.099879
vn 0.000000 -0.956940 -0.290285
vn -0.099879 -0.975117 -0.197915
vn -0.100318 -0.950690 -0.293470
vn -0.647770 -0.754344 -0.106574
vn -0.569815 -0.814870 -0.106288
vn -0.408749 -0.858274 -0.310307
vn -0.493467 -0.843745 -0.211149
vn -0.497052 -0.809511 -0.312460
vn -0.484341 -0.868513 -0.105347
vn -0.395894 -0.912272 -0.105019
vn 0.000000 -0.773010 -0.634393
vn -0.106288 -0.814870 -0.569815
vn -0.106574 -0.754344 -0.647770
vn -0.105019 -0.912272 -0.395894
vn -0.105347 -0.868513 -0.484341
vn 0.000000 -0.881921 -0.471397
vn -0.312460 -0.809511 -0.497052
vn -0.211149 -0.843745 -0.493467
vn -0.310307 -0.858274 -0.408749
vn -0.303485 -0.930518 -0.205017
vn -0.309713 -0.898975 -0.309713
vn -0.205017 -0.930518 -0.303485
vn -0.990253 -0.098487 -0.098487
vn -0.950690 -0.100318 -0.293470
vn -0.975117 -0.099879 -0.197915
vn -0.975117 -0.197915 -0.099879
vn -0.950690 -0.293470 -0.100318
vn -0.754344 -0.106574 -0.647770
vn -0.814870 -0.106288 -0.569815
vn -0.858274 -0.310307 -0.408749
vn -0.843745 -0.211149 -0.493467
vn -0.809511 -0.312460 -0.497052
vn -0.868513 -0.105347 -0.484341
vn -0.912272 -0.105019 -0.395894
vn -0.814870 -0.569815 -0.106288
vn -0.754344 -0.647770 -0.106574
vn -0.912272 -0.395894 -0.105019
vn -0.868513 -0.484341 -0.105347
vn -0.809511 -0.497052 -0.312460
vn -0.843745 -0.493467 -0.211149
vn -0.858274 -0.408749 -0.310307
vn -0.930518 -0.205017 -0.303485
vn -0.898975 -0.309713 -0.309713
vn -0.930518 -0.303485 -0.205017
vn -0.213724 -0.690768 -0.690768
vn -0.421839 -0.735924 -0.529592
vn -0.321787 -0.720687 -0.614055
vn -0.321787 -0.614055 -0.720687
vn -0.421839 -0.529592 -0.735924
vn -0.690768 -0.690768 -0.213724
vn -0.735924 -0.529592 -0.421839
vn -0.720687 -0.614055 -0.321787
vn -0.614055 -0.720687 -0.321787
vn -0.529592 -0.735924 -0.421839
vn -0.690768 -0.213724 -0.690768
vn -0.529592 -0.421839 -0.735924
vn -0.614055 -0.321787 -0.720687
vn -0.720687 -0.321787 -0.614055
vn -0.735924 -0.421839 -0.529592
vn -0.539164 -0.646997 -0.539164
vn -0.646997 -0.539164 -0.539164
vn -0.539164 -0.539164 -0.646997
vn 0.098487 -0.098487 -0.990253
vn 0.293470 -0.100318 -0.950690
vn 0.197915 -0.099879 -0.975117
vn 0.099879 -0.197915 -0.975117
vn 0.100318 -0.293470 -0.950690
vn 0.647770 -0.106574 -0.754344
vn 0.569815 -0.106288 -0.814870
vn 0.408749 -0.310307 -0.858274
vn 0.493467 -0.211149 -0.843745
vn 0.497052 -0.312460 -0.809511
vn 0.484341 -0.105347 -0.868513
vn 0.395894 -0.105019 -0.912272
vn 0.106288 -0.569815 -0.814870
vn 0.106574 -0.647770 -0.754344
vn 0.105019 -0.395894 -0.912272
vn 0.105347 -0.484341 -0.868513
vn 0.312460 -0.497052 -0.809511
vn 0.211149 -0.493467 -0.843745
vn 0.310307 -0.408749 -0.858274
vn 0.303485 -0.205017 -0.930518
vn 0.309713 -0.309713 -0.898975
vn 0.205017 -0.303485 -0.930518
vn 0.990253 -0.098487 -0.098487
vn 0.950690 -0.293470 -0.100318
vn 0.975117 -0.197915 -0.099879
vn 0.975117 -0.099879 -0.197915
vn 0.950690 -0.100318 -0.293470
vn 0.754344 -0.647770 -0.106574
vn 0.814870 -0.569815 -0.106288
vn 0.858274 -0.408749 -0.310307
vn 0.843745 -0.493467 -0.211149
vn 0.809511 -0.497052 -0.312460
vn 0.868513 -0.484341 -0.105347
vn 0.912272 -0.395894 -0.105019
vn 0.814870 -0.106288 -0.569815
vn 0.754344 -0.106574 -0.647770
vn 0.912272 -0.105019 -0.395894
vn 0.868513 -0.105347 -0.484341
vn 0.809511 -0.312460 -0.497052
vn 0.843745 -0.211149 -0.493467
vn 0.858274 -0.310307 -0.408749
vn 0.930518 -0.303485 -0.205017
vn 0.898975 -0.309713 -0.309713
vn 0.930518 -0.205017 -0.303485
vn 0.098487 -0.990253 -0.098487
vn 0.100318 -0.950690 -0.293470
vn 0.099879 -0.975117 -0.197915
vn 0.197915 -0.975117 -0.099879
vn 0.293470 -0.950690 -0.100318
vn 0.106574 -0.754344 -0.647770
vn 0.106288 -0.814870 -0.569815
vn 0.310307 -0.858274 -0.408749
vn 0.211149 -0.843745 -0.493467
vn 0.312460 -0.809511 -0.497052
vn 0.105347 -0.868513 -0.484341
vn 0.105019 -0.912272 -0.395894
vn 0.569815 -0.814870 -0.106288
vn 0.647770 -0.754344 -0.106574
vn 0.395894 -0.912272 -0.105019
vn 0.484341 -0.868513 -0.105347
vn 0.497052 -0.809511 -0.312460
vn 0.493467 -0.843745 -0.211149
vn 0.408749 -0.858274 -0.310307
vn 0.205017 -0.930518 -0.303485
vn 0.309713 -0.898975 -0.309713
vn 0.303485 -0.930518 -0.205017
vn 0.690768 -0.213724 -0.690768
vn 0.735924 -0.421839 -0.529592
vn 0.720687 -0.321787 -0.614055
vn 0.614055 -0.321787 -0.720687
vn 0.529592 -0.421839 -0.735924
vn 0.690768 -0.690768 -0.213724
vn 0.529592 -0.735924 -0.421839
vn 0.614055 -0.720687 -0.321787
vn 0.720687 -0.614055 -0.321787
vn 0.735924 -0.529592 -0.421839
vn 0.213724 -0.690768 -0.690768
vn 0.421839 -0.529592 -0.735924
vn 0.321787 -0.614055 -0.720687
vn 0.321787 -0.720687 -0.614055
vn 0.421839 -0.735924 -0.529592
vn 0.646997 -0.539164 -0.539164
vn 0.539164 -0.646997 -0.539164
vn 0.539164 -0.539164 -0.646997

# Faces
f 1//1 259//259 261//261
f 67//67 260//260 259//259
f 69//69 261//261 260//260
f 259//259 260//260 261//261
f 19//19 262//262 264//264
f 68//68 263//263 262//262
f 67//67 264//264 263//263
f 262//262 263//263 264//264
f 21//21 265//265 267//267
f 69//69 266//266 265//265
f 68//68 267//267 266//266
f 265//265 266//266 267//267
f 67//67 263//263 260//260
f 68//68 266//266 263//263
f 69//69 260//260 266//266
f 263//263 266//266 260//260
f 7//7 268//268 270//270
f 70//70 269//269 268//268
f 72//72 270//270 269//269
f 268//268 269//269 270//270
f 20//20 271//271 273//273
f 71//71 272//272 271//271
f 70//70 273//273 272//272
f 271//271 272//272 273//273
f 19//19 274//274 276//276
f 72//72 275//275 274//274
f 71//71 276//276 275//275
f 274//274 275//275 276//276
f 70//70 272//272 269//269
f 71//71 275//275 272//272
f 72//72 269//269 275//275
f 272//272 275//275 269//269
f 9//9 277//277 279//279
f 73//73 278//278 277//277
f 75//75 279//279 278//278
f 277//277 278//278 279//279
f 21//21 280//280 282//282
f 74//74 281//281 280//280
f 73//73 282//282 281//281
f 280//280 281//281 282//282
f 20//20 283//283 285//285
f 75//75 284//284 283//283
f 74//74 285//285 284//284
f 283//283 284//284 285//285
f 73//73 281//281 278//278
f 74//74 284//284 281//281
f 75//75 278//278 284//284
f 281//281 284//284 278//278
f 19//19 276//276 262//262
f 71//71 286//286 276//276
f 68//68 262//262 286//286
f 276//276 286//286 262//262
f 20//20 285//285 271//271
f 74//74 287//287 285//285
f 71//71 271//271 287//287
f 285//285 287//287 271//271
f 21//21 267//267 280//280
f 68//68 288//288 267//267
f 74//74 280//280 288//288
f 267//267 288//288 280//280
f 71//71 287//287 286//286
f 74//74 288//288 287//287
f 68//68 286//286 288//288
f 287//287 288//288 286//286
f 2//2 289//289 291//291
f 76//76 290//290 289//289
f 78//78 291//291 290//290
f 289//289 290//290 291//291
f 22//22 292//292 294//294
f 77//77 293//293 292//292
f 76//76 294//294 293//293
f 292//292 293//293 294//294
f 24//24 295//295 297//297
f 78//78 296//296 295//295
f 77//77 297//297 296//296
f 295//295 296//296 297//297
f 76//76 293//293 290//290
f 77//77 296//296 293//293
f 78//78 290//290 296//296
f 293//293 296//296 290//290
f 8//8 298//298 300//300
f 79//79 299//299 298//298
f 81//81 300//300 299//299
f 298//298 299//299 300//300
f 23//23 301//301 303//303
f 80//80 302//302 301//301
f 79//79 303//303 302//302
f 301//301 302//302 303//303
f 22//22 304//304 306//306
f 81//81 305//305 304//304
f 80//80 306//306 305//305
f 304//304 305//305 306//306
f 79//79 302//302 299//299
f 80//80 305//305 302//302
f 81//81 299//299 305//305
f 302//302 305//305 299//299
f 7//7 307//307 309//309
f 82//82 308//308 307//307
f 84//84 309//309 308//308
f 307//307 308//308 309//309
f 24//24 310//310 312//312
f 83//83 311//311 310//310
f 82//82 312//312 311//311
f 310//310 311//311 312//312
f 23//23 313//313 315//315
f 84//84 314//314 313//313
f 83//83 315//315 314//314
f 313//313 314//314 315//315
f 82//82 311//311 308//308
f 83//83 314//314 311//311
f 84//84 308//308 314//314
f 311//311 314//314 308//308
f 22//22 306//306 292//292
f 80//80 316//316 306//306
f 77//77 292//292 316//316
f 306//306 316//316 292//292
f 23//23 315//315 301//301
f 83//83 317//317 315//315
f 80//80 301//301 317//317
f 315//315 317//317 301//301
f 24//24 297//297 310//310
f 77//77 318//318 297//297
f 83//83 310//310 318//318
f 297//297 318//318 310//310
f 80//80 317//317 316//316
f 83//83 318//318 317//317
f 77//77 316//316 318//318
f 317//317 318//318 316//316
f 3//3 319//319 321//321
f 85//85 320//320 319//319
f 87//87 321//321 320//320
f 319//319 320//320 321//321
f 25//25 322//322 324//324
f 86//86 323//323 322//322
f 85//85 324//324 323//323
f 322//322 323//323 324//324
f 27//27 325//325 327//327
f 87//87 326//326 325//325
f 86//86 327//327 326//326
f 325//325 326//326 327//327
f 85//85 323//323 320//320
f 86//86 326//326 323//323
f 87//87 320//320 326//326
f 323//323 326//326 320//320
f 9//9 328//328 330//330
f 88//88 329//329 328//328
f 90//90 330//330 329//329
f 328//328 329//329 330//330
f 26//26 331//331 333//333
f 89//89 332//332 331//331
f 88//88 333//333 332//332
f 331//331 332//332 333//333
f 25//25 334//334 336//336
f 90//90 335//335 334//334
f 89//89 336//336 335//335
f 334//334 335//335 336//336
f 88//88 332//332 329//329
f 89//89 335//335 332//332
f 90//90 329//329 335//335
f 332//332 335//335 329//329
f 8//8 337//337 339//339
f 91//91 338//338 337//337
f 93//93 339//339 338//338
f 337//337 338//338 339//339
f 27//27 340//340 342//342
f 92//92 341//341 340//340
f 91//91 342//342 341//341
f 340//340 341//341 342//342
f 26//26 343//343 345//345
f 93//93 344//344 343//343
f 92//92 345//345 344//344
f 343//343 344//344 345//345
f 91//91 341//341 338//338
f 92//92 344//344 341//341
f 93//93 338//338 344//344
f 341//341 344//344 338//338
f 25//25 336//336 322//322
f 89//89 346//346 336//336
f 86//86 322//322 346//346
f 336//336 346//346 322//322
f 26//26 345//345 331//331
f 92//92 347//347 345//345
f 89//89 331//331 347//347
f 345//345 347//347 331//331
f 27//27 327//327 340//340
f 86//86 348//348 327//327
f 92//92 340//340 348//348
f 327//327 348//348 340//340
f 89//89 347//347 346//346
f 92//92 348//348 347//347
f 86//86 346//346 348//348
f 347//347 348//348 346//346
f 7//7 309//309 268//268
f 84//84 349//349 309//309
f 70//70 268//268 349//349
f 309//309 349//349 268//268
f 23//23 350//350 313//313
f 94//94 351//351 350//350
f 84//84 313//313 351//351
f 350//350 351//351 313//313
f 20//20 273//273 353//353
f 70//70 352//352 273//273
f 94//94 353//353 352//352
f 273//273 352//352 353//353
f 84//84 351//351 349//349
f 94//94 352//352 351//351
f 70//70 349//349 352//352
f 351//351 352//352 349//349
f 8//8 339//339 298//298
f 93//93 354//354 339//339
f 79//79 298//298 354//354
f 339//339 354//354 298//298
f 26//26 355//355 343//343
f 95//95 356//356 355//355
f 93//93 343//343 356//356
f 355//355 356//356 343//343
f 23//23 303//303 358//358
f 79//79 357//357 303//303
f 95//95 358//358 357//357
f 303//303 357//357 358//358
f 93//93 356//356 354//354
f 95//95 357//357 356//356
f 79//79 354//354 357//357
f 356//356 357//357 354//354
f 9//9 279//279 328//328
f 75//75 359//359 279//279
f 88//88 328//328 359//359
f 279//279 359//359 328//328
f 20//20 360//360 283//283
f 96//96 361//361 360//360
f 75//75 283//283 361//361
f 360//360 361//361 283//283
f 26//26 333//333 363//363
f 88//88 362//362 333//333
f 96//96 363//363 362//362
f 333//333 362//362 363//363
f 75//75 361//361 359//359
f 96//96 362//362 361//361
f 88//88 359//359 362//362
f 361//361 362//362 359//359
f 23//23 358//358 350//350
f 95//95 364//364 358//358
f 94//94 350//350 364//364
f 358//358 364//364 350//350
f 26//26 363//363 355//355
f 96//96 365//365 363//363
f 95//95 355//355 365//365
f 363//363 365//365 355//355
f 20//20 353//353 360//360
f 94//94 366//366 353//353
f 96//96 360//360 366//366
f 353//353 366//366 360//360
f 95//95 365//365 364//364
f 96//96 366//366 365//365
f 94//94 364//364 366//366
f 365//365 366//366 364//364
f 1//1 261//261 368//368
f 69//69 367//367 261//261
f 98//98 368//368 367//367
f 261//261 367//367 368//368
f 21//21 369//369 265//265
f 97//97 370//370 369//369
f 69//69 265//265 370//370
f 369//369 370//370 265//265
f 29//29 371//371 373//373
f 98//98 372//372 371//371
f 97//97 373//373 372//372
f 371//371 372//372 373//373
f 69//69 370//370 367//367
f 97//97 372//372 370//370
f 98//98 367//367 372//372
f 370//370 372//372 367//367
f 9//9 374//374 277//277
f 99//99 375//375 374//374
f 73//73 277//277 375//375
f 374//374 375//375 277//277
f 28//28 376//376 378//378
f 100//100 377//377 376//376
f 99//99 378//378 377//377
f 376//376 377//377 378//378
f 21//21 282//282 380//380
f 73//73 379//379 282//282
f 100//100 380//380 379//379
f 282//282 379//379 380//380
f 99//99 377//377 375//375
f 100//100 379//379 377//377
f 73//73 375//375 379//379
f 377//377 379//379 375//375
f 11//11 381//381 383//383
f 101//101 382//382 381//381
f 103//103 383//383 382//382
f 381//381 382//382 383//383
f 29//29 384//384 386//386
f 102//102 385//385 384//384
f 101//101 386//386 385//385
f 384//384 385//385 386//386
f 28//28 387//387 389//389
f 103//103 388//388 387//387
f 102//102 389//389 388//388
f 387//387 388//388 389//389
f 101//101 385//385 382//382
f 102//102 388//388 385//385
f 103//103 382//382 388//388
f 385//385 388//388 382//382
f 21//21 380//380 369//369
f 100//100 390//390 380//380
f 97//97 369//369 390//390
f 380//380 390//390 369//369
f 28//28 389//389 376//376
f 102//102 391//391 389//389
f 100//100 376//376 391//391
f 389//389 391//391 376//376
f 29//29 373//373 384//384
f 97//97 392//392 373//373
f 102//102 384//384 392//392
f 373//373 392//392 384//384
f 100//100 391//391 390//390
f 102//102 392//392 391//391
f 97//97 390//390 392//392
f 391//391 392//392 390//390
f 3//3 393//393 319//319
f 104//104 394//394 393//393
f 85//85 319//319 394//394
f 393//393 394//394 319//319
f 30//30 395//395 397//397
f 105//105 396//396 395//395
f 104//104 397//397 396//396
f 395//395 396//396 397//397
f 25//25 324//324 399//399
f 85//85 398//398 324//324
f 105//105 399//399 398//398
f 324//324 398//398 399//399
f 104//104 396//396 394//394
f 105//105 398//398 396//396
f 85//85 394//394 398//398
f 396//396 398//398 394//394
f 10//10 400//400 402//402
f 106//106 401//401 400//400
f 108//108 402//402 401//401
f 400//400 401//401 402//402
f 31//31 403//403 405//405
f 107//107 404//404 403//403
f 106//106 405//405 404//404
f 403//403 404//404 405//405
f 30//30 406//406 408//408
f 108//108 407//407 406//406
f 107//107 408//408 407//407
f 406//406 407//407 408//408
f 106//106 404//404 401//401
f 107//107 407//407 404//404
f 108//108 401//401 407//407
f 404//404 407//407 401//401
f 9//9 330//330 410//410
f 90//90 409//409 330//330
f 110//110 410//410 409//409
f 330//330 409//409 410//410
f 25//25 411//411 334//334
f 109//109 412//412 411//411
f 90//90 334//334 412//412
f 411//411 412//412 334//334
f 31//31 413//413 415//415
f 110//110 414//414 413//413
f 109//109 415//415 414//414
f 413//413 414//414 415//415
f 90//90 412//412 409//409
f 109//109 414//414 412//412
f 110//110 409//409 414//414
f 412//412 414//414 409//409
f 30//30 408//408 395//395
f 107//107 416//416 408//408
f 105//105 395//395 416//416
f 408//408 416//416 395//395
f 31//31 415//415 403//403
f 109//109 417//417 415//415
f 107//107 403//403 417//417
f 415//415 417//417 403//403
f 25//25 399//399 411//411
f 105//105 418//418 399//399
f 109//109 411//411 418//418
f 399//399 418//418 411//411
f 107//107 417//417 416//416
f 109//109 418//418 417//417
f 105//105 416//416 418//418
f 417//417 418//418 416//416
f 4//4 419//419 421//421
f 111//111 420//420 419//419
f 113//113 421//421 420//420
f 419//419 420//420 421//421
f 32//32 422//422 424//424
f 112//112 423//423 422//422
f 111//111 424//424 423//423
f 422//422 423//423 424//424
f 34//34 425//425 427//427
f 113//113 426//426 425//425
f 112//112 427//427 426//426
f 425//425 426//426 427//427
f 111//111 423//423 420//420
f 112//112 426//426 423//423
f 113//113 420//420 426//426
f 423//423 426//426 420//420
f 11//11 428//428 430//430
f 114//114 429//429 428//428
f 116//116 430//430 429//429
f 428//428 429//429 430//430
f 33//33 431//431 433//433
f 115//115 432//432 431//431
f 114//114 433//433 432//432
f 431//431 432//432 433//433
f 32//32 434//434 436//436
f 116//116 435//435 434//434
f 115//115 436//436 435//435
f 434//434 435//435 436//436
f 114//114 432//432 429//429
f 115//115 435//435 432//432
f 116//116 429//429 435//435
f 432//432 435//435 429//429
f 10//10 437//437 439//439
f 117//117 438//438 437//437
f 119//119 439//439 438//438
f 437//437 438//438 439//439
f 34//34 440//440 442//442
f 118//118 441//441 440//440
f 117//117 442//442 441//441
f 440//440 441//441 442//442
f 33//33 443//443 445//445
f 119//119 444//444 443//443
f 118//118 445//445 444//444
f 443//443 444//444 445//445
f 117//117 441//441 438//438
f 118//118 444//444 441//441
f 119//119 438//438 444//444
f 441//441 444//444 438//438
f 32//32 436//436 422//422
f 115//115 446//446 436//436
f 112//112 422//422 446//446
f 436//436 446//446 422//422
f 33//33 445//445 431//431
f 118//118 447//447 445//445
f 115//115 431//431 447//447
f 445//445 447//447 431//431
f 34//34 427//427 440//440
f 112//112 448//448 427//427
f 118//118 440//440 448//448
f 427//427 448//448 440//440
f 115//115 447//447 446//446
f 118//118 448//448 447//447
f 112//112 446//446 448//448
f 447//447 448//448 446//446
f 9//9 410//410 374//374
f 110//110 449//449 410//410
f 99//99 374//374 449//449
f 410//410 449//449 374//374
f 31//31 450//450 413//413
f 120//120 451//451 450//450
f 110//110 413//413 451//451
f 450//450 451//451 413//413
f 28//28 378//378 453//453
f 99//99 452//452 378//378
f 120//120 453//453 452//452
f 378//378 452//452 453//453
f 110//110 451//451 449//449
f 120//120 452//452 451//451
f 99//99 449//449 452//452
f 451//451 452//452 449//449
f 10//10 439//439 400//400
f 119//119 454//454 439//439
f 106//106 400//400 454//454
f 439//439 454//454 400//400
f 33//33 455//455 443//443
f 121//121 456//456 455//455
f 119//119 443//443 456//456
f 455//455 456//456 443//443
f 31//31 405//405 458//458
f 106//106 457//457 405//405
f 121//121 458//458 457//457
f 405//405 457//457 458//458
f 119//119 456//456 454//454
f 121//121 457//457 456//456
f 106//106 454//454 457//457
f 456//456 457//457 454//454
f 11//11 383//383 428//428
f 103//103 459//459 383//383
f 114//114 428//428 459//459
f 383//383 459//459 428//428
f 28//28 460//460 387//387
f 122//122 461//461 460//460
f 103//103 387//387 461//461
f 460//460 461//461 387//387
f 33//33 433//433 463//463
f 114//114 462//462 433//433
f 122//122 463//463 462//462
f 433//433 462//462 463//463
f 103//103 461//461 459//459
f 122//122 462//462 461//461
f 114//114 459//459 462//462
f 461//461 462//462 459//459
f 31//31 458//458 450//450
f 121//121 464//464 458//458
f 120//120 450//450 464//464
f 458//458 464//464 450//450
f 33//33 463//463 455//455
f 122//122 465//465 463//463
f 121//121 455//455 465//465
f 463//463 465//465 455//455
f 28//28 453//453 460//460
f 120//120 466//466 453//453
f 122//122 460//460 466//466
f 453//453 466//466 460//460
f 121//121 465//465 464//464
f 122//122 466//466 465//465
f 120//120 464//464 466//466
f 465//465 466//466 464//464
f 1//1 368//368 468//468
f 98//98 467//467 368//368
f 124//124 468//468 467//467
f 368//368 467//467 468//468
f 29//29 469//469 371//371
f 123//123 470//470 469//469
f 98//98 371//371 470//470
f 469//469 470//470 371//371
f 36//36 471//471 473//473
f 124//124 472//472 471//471
f 123//123 473//473 472//472
f 471//471 472//472 473//473
f 98//98 470//470 467//467
f 123//123 472//472 470//470
f 124//124 467//467 472//472
f 470//470 472//472 467//467
f 11//11 474//474 381//381
f 125//125 475//475 474//474
f 101//101 381//381 475//475
f 474//474 475//475 381//381
f 35//35 476//476 478//478
f 126//126 477//477 476//476
f 125//125 478//478 477//477
f 476//476 477//477 478//478
f 29//29 386//386 480//480
f 101//101 479//479 386//386
f 126//126 480//480 479//479
f 386//386 479//479 480//480
f 125//125 477//477 475//475
f 126//126 479//479 477//477
f 101//101 475//475 479//479
f 477//477 479//479 475//475
f 13//13 481//481 483//483
f 127//127 482//482 481//481
f 129//129 483//483 482//482
f 481//481 482//482 483//483
f 36//36 484//484 486//486
f 128//128 485//485 484//484
f 127//127 486//486 485//485
f 484//484 485//485 486//486
f 35//35 487//487 489//489
f 129//129 488//488 487//487
f 128//128 489//489 488//488
f 487//487 488//488 489//489
f 127//127 485//485 482//482
f 128//128 488//488 485//485
f 129//129 482//482 488//488
f 485//485 488//488 482//482
f 29//29 480//480 469//469
f 126//126 490//490 480//480
f 123//123 469//469 490//490
f 480//480 490//490 469//469
f 35//35 489//489 476//476
f 128//128 491//491 489//489
f 126//126 476//476 491//491
f 489//489 491//491 476//476
f 36//36 473//473 484//484
f 123//123 492//492 473//473
f 128//128 484//484 492//492
f 473//473 492//492 484//484
f 126//126 491//491 490//490
f 128//128 492//492 491//491
f 123//123 490//490 492//492
f 491//491 492//492 490//490
f 4//4 493//493 419//419
f 130//130 494//494 493//493
f 111//111 419//419 494//494
f 493//493 494//494 419//419
f 37//37 495//495 497//497
f 131//131 496//496 495//495
f 130//130 497//497 496//496
f 495//495 496//496 497//497
f 32//32 424//424 499//499
f 111//111 498//498 424//424
f 131//131 499//499 498//498
f 424//424 498//498 499//499
f 130//130 496//496 494//494
f 131//131 498//498 496//496
f 111//111 494//494 498//498
f 496//496 498//498 494//494
f 12//12 500//500 502//502
f 132//132 501//501 500//500
f 134//134 502//502 501//501
f 500//500 501//501 502//502
f 38//38 503//503 505//505
f 133//133 504//504 503//503
f 132//132 505//505 504//504
f 503//503 504//504 505//505
f 37//37 506//506 508//508
f 134//134 507//507 506//506
f 133//133 508//508 507//507
f 506//506 507//507 508//508
f 132//132 504//504 501//501
f 133//133 507//507 504//504
f 134//134 501//501 507//507
f 504//504 507//507 501//501
f 11//11 430//430 510//510
f 116//116 509//509 430//430
f 136//136 510//510 509//509
f 430//430 509//509 510//510
f 32//32 511//511 434//434
f 135//135 512//512 511//511
f 116//116 434//434 512//512
f 511//511 512//512 434//434
f 38//38 513//513 515//515
f 136//136 514//514 513//513
f 135//135 515//515 514//514
f 513//513 514//514 515//515
f 116//116 512//512 509//509
f 135//135 514//514 512//512
f 136//136 509//509 514//514
f 512//512 514//514 509//509
f 37//37 508//508 495//495
f 133//133 516//516 508//508
f 131//131 495//495 516//516
f 508//508 516//516 495//495
f 38//38 515//515 503//503
f 135//135 517//517 515//515
f 133//133 503//503 517//517
f 515//515 517//517 503//503
f 32//32 499//499 511//511
f 131//131 518//518 499//499
f 135//135 511//511 518//518
f 499//499 518//518 511//511
f 133//133 517//517 516//516
f 135//135 518//518 517//517
f 131//131 516//516 518//518
f 517//517 518//518 516//516
f 5//5 519//519 521//521
f 137//137 520//520 519//519
f 139//139 521//521 520//520
f 519//519 520//520 521//521
f 39//39 522//522 524//524
f 138//138 523//523 522//522
f 137//137 524//524 523//523
f 522//522 523//523 524//524
f 41//41 525//525 527//527
f 139//139 526//526 525//525
f 138//138 527//527 526//526
f 525//525 526//526 527//527
f 137//137 523//523 520//520
f 138//138 526//526 523//523
f 139//139 520//520 526//526
f 523//523 526//526 520//520
f 13//13 528//528 530//530
f 140//140 529//529 528//528
f 142//142 530//530 529//529
f 528//528 529//529 530//530
f 40//40 531//531 533//533
f 141//141 532//532 531//531
f 140//140 533//533 532//532
f 531//531 532//532 533//533
f 39//39 534//534 536//536
f 142//142 535//535 534//534
f 141//141 536//536 535//535
f 534//534 535//535 536//536
f 140//140 532//532 529//529
f 141//141 535//535 532//532
f 142//142 529//529 535//535
f 532//532 535//535 529//529
f 12//12 537//537 539//539
f 143//143 538//538 537//537
f 145//145 539//539 538//538
f 537//537 538//538 539//539
f 41//41 540//540 542//542
f 144//144 541//541 540//540
f 143//143 542//542 541//541
f 540//540 541//541 542//542
f 40//40 543//543 545//545
f 145//145 544//544 543//543
f 144//144 545//545 544//544
f 543//543 544//544 545//545
f 143//143 541//541 538//538
f 144//144 544//544 541//541
f 145//145 538//538 544//544
f 541//541 544//544 538//538
f 39//39 536//536 522//522
f 141//141 546//546 536//536
f 138//138 522//522 546//546
f 536//536 546//546 522//522
f 40//40 545//545 531//531
f 144//144 547//547 545//545
f 141//141 531//531 547//547
f 545//545 547//547 531//531
f 41//41 527//527 540//540
f 138//138 548//548 527//527
f 144//144 540//540 548//548
f 527//527 548//548 540//540
f 141//141 547//547 546//546
f 144//144 548//548 547//547
f 138//138 546//546 548//548
f 547//547 548//548 546//546
f 11//11 510//510 474//474
f 136//136 549//549 510//510
f 125//125 474//474 549//549
f 510//510 549//549 474//474
f 38//38 550//550 513//513
f 146//146 551//551 550//550
f 136//136 513//513 551//551
f 550//550 551//551 513//513
f 35//35 478//478 553//553
f 125//125 552//552 478//478
f 146//146 553//553 552//552
f 478//478 552//552 553//553
f 136//136 551//551 549//549
f 146//146 552//552 551//551
f 125//125 549//549 552//552
f 551//551 552//552 549//549
f 12//12 539//539 500//500
f 145//145 554//554 539//539
f 132//132 500//500 554//554
f 539//539 554//554 500//500
f 40//40 555//555 543//543
f 147//147 556//556 555//555
f 145//145 543//543 556//556
f 555//555 556//556 543//543
f 38//38 505//505 558//558
f 132//132 557//557 505//505
f 147//147 558//558 557//557
f 505//505 557//557 558//558
f 145//145 556//556 554//554
f 147//147 557//557 556//556
f 132//132 554//554 557//557
f 556//556 557//557 554//554
f 13//13 483//483 528//528
f 129//129 559//559 483//483
f 140//140 528//528 559//559
f 483//483 559//559 528//528
f 35//35 560//560 487//487
f 148//148 561//561 560//560
f 129//129 487//487 561//561
f 560//560 561//561 487//487
f 40//40 533//533 563//563
f 140//140 562//562 533//533
f 148//148 563//563 562//562
f 533//533 562//562 563//563
f 129//129 561//561 559//559
f 148//148 562//562 561//561
f 140//140 559//559 562//562
f 561//561 562//562 559//559
f 38//38 558//558 550//550
f 147//147 564//564 558//558
f 146//146 550//550 564//564
f 558//558 564//564 550//550
f 40//40 563//563 555//555
f 148//148 565//565 563//563
f 147//147 555//555 565//565
f 563//563 565//565 555//555
f 35//35 553//553 560//560
f 146//146 566//566 553//553
f 148//148 560//560 566//566
f 553//553 566//566 560//560
f 147//147 565//565 564//564
f 148//148 566//566 565//565
f 146//146 564//564 566//566
f 565//565 566//566 564//564
f 1//1 468//468 259//259
f 124//124 567//567 468//468
f 67//67 259//259 567//567
f 468//468 567//567 259//259
f 36//36 568//568 471//471
f 149//149 569//569 568//568
f 124//124 471//471 569//569
f 568//568 569//569 471//471
f 19//19 264//264 571//571
f 67//67 570//570 264//264
f 149//149 571//571 570//570
f 264//264 570//570 571//571
f 124//124 569//569 567//567
f 149//149 570//570 569//569
f 67//67 567//567 570//570
f 569//569 570//570 567//567
f 13//13 572//572 481//481
f 150//150 573//573 572//572
f 127//127 481//481 573//573
f 572//572 573//573 481//481
f 42//42 574//574 576//576
f 151//151 575//575 574//574
f 150//150 576//576 575//575
f 574//574 575//575 576//576
f 36//36 486//486 578//578
f 127//127 577//577 486//486
f 151//151 578//578 577//577
f 486//486 577//577 578//578
f 150//150 575//575 573//573
f 151//151 577//577 575//575
f 127//127 573//573 577//577
f 575//575 577//577 573//573
f 7//7 270//270 580//580
f 72//72 579//579 270//270
f 153//153 580//580 579//579
f 270//270 579//579 580//580
f 19//19 581//581 274//274
f 152//152 582//582 581//581
f 72//72 274//274 582//582
f 581//581 582//582 274//274
f 42//42 583//583 585//585
f 153//153 584//584 583//583
f 152//152 585//585 584//584
f 583//583 584//584 585//585
f 72//72 582//582 579//579
f 152//152 584//584 582//582
f 153//153 579//579 584//584
f 582//582 584//584 579//579
f 36//36 578//578 568//568
f 151//151 586//586 578//578
f 149//149 568//568 586//586
f 578//578 586//586 568//568
f 42//42 585//585 574//574
f 152//152 587//587 585//585
f 151//151 574//574 587//587
f 585//585 587//587 574//574
f 19//19 571//571 581//581
f 149//149 588//588 571//571
f 152//152 581//581 588//588
f 571//571 588//588 581//581
f 151//151 587//587 586//586
f 152//152 588//588 587//587
f 149//149 586//586 588//588
f 587//587 588//588 586//586
f 5//5 589//589 519//519
f 154//154 590//590 589//589
f 137//137 519//519 590//590
f 589//589 590//590 519//519
f 43//43 591//591 593//593
f 155//155 592//592 591//591
f 154//154 593//593 592//592
f 591//591 592//592 593//593
f 39//39 524//524 595//595
f 137//137 594//594 524//524
f 155//155 595//595 594//594
f 524//524 594//594 595//595
f 154//154 592//592 590//590
f 155//155 594//594 592//592
f 137//137 590//590 594//594
f 592//592 594//594 590//590
f 14//14 596//596 598//598
f 156//156 597//597 596//596
f 158//158 598//598 597//597
f 596//596 597//597 598//598
f 44//44 599//599 601//601
f 157//157 600//600 599//599
f 156//156 601//601 600//600
f 599//599 600//600 601//601
f 43//43 602//602 604//604
f 158//158 603//603 602//602
f 157//157 604//604 603//603
f 602//602 603//603 604//604
f 156//156 600//600 597//597
f 157//157 603//603 600//600
f 158//158 597//597 603//603
f 600//600 603//603 597//597
f 13//13 530//530 606//606
f 142//142 605//605 530//530
f 160//160 606//606 605//605
f 530//530 605//605 606//606
f 39//39 607//607 534//534
f 159//159 608//608 607//607
f 142//142 534//534 608//608
f 607//607 608//608 534//534
f 44//44 609//609 611//611
f 160//160 610//610 609//609
f 159//159 611//611 610//610
f 609//609 610//610 611//611
f 142//142 608//608 605//605
f 159//159 610//610 608//608
f 160//160 605//605 610//610
f 608//608 610//610 605//605
f 43//43 604//604 591//591
f 157//157 612//612 604//604
f 155//155 591//591 612//612
f 604//604 612//612 591//591
f 44//44 611//611 599//599
f 159//159 613//613 611//611
f 157//157 599//599 613//613
f 611//611 613//613 599//599
f 39//39 595//595 607//607
f 155//155 614//614 595//595
f 159//159 607//607 614//614
f 595//595 614//614 607//607
f 157//157 613//613 612//612
f 159//159 614//614 613//613
f 155//155 612//612 614//614
f 613//613 614//614 612//612
f 2//2 291//291 616//616
f 78//78 615//615 291//291
f 162//162 616//616 615//615
f 291//291 615//615 616//616
f 24//24 617//617 295//295
f 161//161 618//618 617//617
f 78//78 295//295 618//618
f 617//617 618//618 295//295
f 46//46 619//619 621//621
f 162//162 620//620 619//619
f 161//161 621//621 620//620
f 619//619 620//620 621//621
f 78//78 618//618 615//615
f 161//161 620//620 618//618
f 162//162 615//615 620//620
f 618//618 620//620 615//615
f 7//7 622//622 307//307
f 163//163 623//623 622//622
f 82//82 307//307 623//623
f 622//622 623//623 307//307
f 45//45 624//624 626//626
f 164//164 625//625 624//624
f 163//163 626//626 625//625
f 624//624 625//625 626//626
f 24//24 312//312 628//628
f 82//82 627//627 312//312
f 164//164 628//628 627//627
f 312//312 627//627 628//628
f 163//163 625//625 623//623
f 164//164 627//627 625//625
f 82//82 623//623 627//627
f 625//625 627//627 623//623
f 14//14 629//629 631//631
f 165//165 630//630 629//629
f 167//167 631//631 630//630
f 629//629 630//630 631//631
f 46//46 632//632 634//634
f 166//166 633//633 632//632
f 165//165 634//634 633//633
f 632//632 633//633 634//634
f 45//45 635//635 637//637
f 167//167 636//636 635//635
f 166//166 637//637 636//636
f 635//635 636//636 637//637
f 165//165 633//633 630//630
f 166//166 636//636 633//633
f 167//167 630//630 636//636
f 633//633 636//636 630//630
f 24//24 628//628 617//617
f 164//164 638//638 628//628
f 161//161 617//617 638//638
f 628//628 638//638 617//617
f 45//45 637//637 624//624
f 166//166 639//639 637//637
f 164//164 624//624 639//639
f 637//637 639//639 624//624
f 46//46 621//621 632//632
f 161//161 640//640 621//621
f 166//166 632//632 640//640
f 621//621 640//640 632//632
f 164//164 639//639 638//638
f 166//166 640//640 639//639
f 161//161 638//638 640//640
f 639//639 640//640 638//638
f 13//13 606//606 572//572
f 160//160 641//641 606//606
f 150//150 572//572 641//641
f 606//606 641//641 572//572
f 44//44 642//642 609//609
f 168//168 643//643 642//642
f 160//160 609//609 643//643
f 642//642 643//643 609//609
f 42//42 576//576 645//645
f 150//150 644//644 576//576
f 168//168 645//645 644//644
f 576//576 644//644 645//645
f 160//160 643//643 641//641
f 168//168 644//644 643//643
f 150//150 641//641 644//644
f 643//643 644//644 641//641
f 14//14 631//631 596//596
f 167//167 646//646 631//631
f 156//156 596//596 646//646
f 631//631 646//646 596//596
f 45//45 647//647 635//635
f 169//169 648//648 647//647
f 167//167 635//635 648//648
f 647//647 648//648 635//635
f 44//44 601//601 650//650
f 156//156 649//649 601//601
f 169//169 650//650 649//649
f 601//601 649//649 650//650
f 167//167 648//648 646//646
f 169//169 649//649 648//648
f 156//156 646//646 649//649
f 648//648 649//649 646//646
f 7//7 580//580 622//622
f 153//153 651//651 580//580
f 163//163 622//622 651//651
f 580//580 651//651 622//622
f 42//42 652//652 583//583
f 170//170 653//653 652//652
f 153//153 583//583 653//653
f 652//652 653//653 583//583
f 45//45 626//626 655//655
f 163//163 654//654 626//626
f 170//170 655//655 654//654
f 626//626 654//654 655//655
f 153//153 653//653 651//651
f 170//170 654//654 653//653
f 163//163 651//651 654//654
f 653//653 654//654 651//651
f 44//44 650//650 642//642
f 169//169 656//656 650//650
f 168//168 642//642 656//656
f 650//650 656//656 642//642
f 45//45 655//655 647//647
f 170//170 657//657 655//655
f 169//169 647//647 657//657
f 655//655 657//657 647//647
f 42//42 645//645 652//652
f 168//168 658//658 645//645
f 170//170 652//652 658//658
f 645//645 658//658 652//652
f 169//169 657//657 656//656
f 170//170 658//658 657//657
f 168//168 656//656 658//658
f 657//657 658//658 656//656
f 6//6 659//659 661//661
f 171//171 660//660 659//659
f 173//173 661//661 660//660
f 659//659 660//660 661//661
f 47//47 662//662 664//664
f 172//172 663//663 662//662
f 171//171 664//664 663//663
f 662//662 663//663 664//664
f 49//49 665//665 667//667
f 173//173 666//666 665//665
f 172//172 667//667 666//666
f 665//665 666//666 667//667
f 171//171 663//663 660//660
f 172//172 666//666 663//663
f 173//173 660//660 666//666
f 663//663 666//666 660//660
f 15//15 668//668 670//670
f 174//174 669//669 668//668
f 176//176 670//670 669//669
f 668//668 669//669 670//670
f 48//48 671//671 673//673
f 175//175 672//672 671//671
f 174//174 673//673 672//672
f 671//671 672//672 673//673
f 47//47 674//674 676//676
f 176//176 675//675 674//674
f 175//175 676//676 675//675
f 674//674 675//675 676//676
f 174//174 672//672 669//669
f 175//175 675//675 672//672
f 176//176 669//669 675//675
f 672//672 675//675 669//669
f 16//16 677//677 679//679
f 177//177 678//678 677//677
f 179//179 679//679 678//678
f 677//677 678//678 679//679
f 49//49 680//680 682//682
f 178//178 681//681 680//680
f 177//177 682//682 681//681
f 680//680 681//681 682//682
f 48//48 683//683 685//685
f 179//179 684//684 683//683
f 178//178 685//685 684//684
f 683//683 684//684 685//685
f 177//177 681//681 678//678
f 178//178 684//684 681//681
f 179//179 678//678 684//684
f 681//681 684//684 678//678
f 47//47 676//676 662//662
f 175//175 686//686 676//676
f 172//172 662//662 686//686
f 676//676 686//686 662//662
f 48//48 685//685 671//671
f 178//178 687//687 685//685
f 175//175 671//671 687//687
f 685//685 687//687 671//671
f 49//49 667//667 680//680
f 172//172 688//688 667//667
f 178//178 680//680 688//688
f 667//667 688//688 680//680
f 175//175 687//687 686//686
f 178//178 688//688 687//687
f 172//172 686//686 688//688
f 687//687 688//688 686//686
f 3//3 321//321 690//690
f 87//87 689//689 321//321
f 181//181 690//690 689//689
f 321//321 689//689 690//690
f 27//27 691//691 325//325
f 180//180 692//692 691//691
f 87//87 325//325 692//692
f 691//691 692//692 325//325
f 51//51 693//693 695//695
f 181//181 694//694 693//693
f 180//180 695//695 694//694
f 693//693 694//694 695//695
f 87//87 692//692 689//689
f 180//180 694//694 692//692
f 181//181 689//689 694//694
f 692//692 694//694 689//689
f 8//8 696//696 337//337
f 182//182 697//697 696//696
f 91//91 337//337 697//697
f 696//696 697//697 337//337
f 50//50 698//698 700//700
f 183//183 699//699 698//698
f 182//182 700//700 699//699
f 698//698 699//699 700//700
f 27//27 342//342 702//702
f 91//91 701//701 342//342
f 183//183 702//702 701//701
f 342//342 701//701 702//702
f 182//182 699//699 697//697
f 183//183 701//701 699//699
f 91//91 697//697 701//701
f 699//699 701//701 697//697
f 15//15 703//703 705//705
f 184//184 704//704 703//703
f 186//186 705//705 704//704
f 703//703 704//704 705//705
f 51//51 706//706 708//708
f 185//185 707//707 706//706
f 184//184 708//708 707//707
f 706//706 707//707 708//708
f 50//50 709//709 711//711
f 186//186 710//710 709//709
f 185//185 711//711 710//710
f 709//709 710//710 711//711
f 184//184 707//707 704//704
f 185//185 710//710 707//707
f 186//186 704//704 710//710
f 707//707 710//710 704//704
f 27//27 702//702 691//691
f 183//183 712//712 702//702
f 180//180 691//691 712//712
f 702//702 712//712 691//691
f 50//50 711//711 698//698
f 185//185 713//713 711//711
f 183//183 698//698 713//713
f 711//711 713//713 698//698
f 51//51 695//695 706//706
f 180//180 714//714 695//695
f 185//185 706//706 714//714
f 695//695 714//714 706//706
f 183//183 713//713 712//712
f 185//185 714//714 713//713
f 180//180 712//712 714//714
f 713//713 714//714 712//712
f 2//2 715//715 289//289
f 187//187 716//716 715//715
f 76//76 289//289 716//716
f 715//715 716//716 289//289
f 52//52 717//717 719//719
f 188//188 718//718 717//717
f 187//187 719//719 718//718
f 717//717 718//718 719//719
f 22//22 294//294 721//721
f 76//76 720//720 294//294
f 188//188 721//721 720//720
f 294//294 720//720 721//721
f 187//187 718//718 716//716
f 188//188 720//720 718//718
f 76//76 716//716 720//720
f 718//718 720//720 716//716
f 16//16 722//722 724//724
f 189//189 723//723 722//722
f 191//191 724//724 723//723
f 722//722 723//723 724//724
f 53//53 725//725 727//727
f 190//190 726//726 725//725
f 189//189 727//727 726//726
f 725//725 726//726 727//727
f 52//52 728//728 730//730
f 191//191 729//729 728//728
f 190//190 730//730 729//729
f 728//728 729//729 730//730
f 189//189 726//726 723//723
f 190//190 729//729 726//726
f 191//191 723//723 729//729
f 726//726 729//729 723//723
f 8//8 300//300 732//732
f 81//81 731//731 300//300
f 193//193 732//732 731//731
f 300//300 731//731 732//732
f 22//22 733//733 304//304
f 192//192 734//734 733//733
f 81//81 304//304 734//734
f 733//733 734//734 304//304
f 53//53 735//735 737//737
f 193//193 736//736 735//735
f 192//192 737//737 736//736
f 735//735 736//736 737//737
f 81//81 734//734 731//731
f 192//192 736//736 734//734
f 193//193 731//731 736//736
f 734//734 736//736 731//731
f 52//52 730//730 717//717
f 190//190 738//738 730//730
f 188//188 717//717 738//738
f 730//730 738//738 717//717
f 53//53 737//737 725//725
f 192//192 739//739 737//737
f 190//190 725//725 739//739
f 737//737 739//739 725//725
f 22//22 721//721 733//733
f 188//188 740//740 721//721
f 192//192 733//733 740//740
f 721//721 740//740 733//733
f 190//190 739//739 738//738
f 192//192 740//740 739//739
f 188//188 738//738 740//740
f 739//739 740//740 738//738
f 15//15 705//705 668//668
f 186//186 741//741 705//705
f 174//174 668//668 741//741
f 705//705 741//741 668//668
f 50//50 742//742 709//709
f 194//194 743//743 742//742
f 186//186 709//709 743//743
f 742//742 743//743 709//709
f 48//48 673//673 745//745
f 174//174 744//744 673//673
f 194//194 745//745 744//744
f 673//673 744//744 745//745
f 186//186 743//743 741//741
f 194//194 744//744 743//743
f 174//174 741//741 744//744
f 743//743 744//744 741//741
f 8//8 732//732 696//696
f 193//193 746//746 732//732
f 182//182 696//696 746//746
f 732//732 746//746 696//696
f 53//53 747//747 735//735
f 195//195 748//748 747//747
f 193//193 735//735 748//748
f 747//747 748//748 735//735
f 50//50 700//700 750//750
f 182//182 749//749 700//700
f 195//195 750//750 749//749
f 700//700 749//749 750//750
f 193//193 748//748 746//746
f 195//195 749//749 748//748
f 182//182 746//746 749//749
f 748//748 749//749 746//746
f 16//16 679//679 722//722
f 179//179 751//751 679//679
f 189//189 722//722 751//751
f 679//679 751//751 722//722
f 48//48 752//752 683//683
f 196//196 753//753 752//752
f 179//179 683//683 753//753
f 752//752 753//753 683//683
f 53//53 727//727 755//755
f 189//189 754//754 727//727
f 196//196 755//755 754//754
f 727//727 754//754 755//755
f 179//179 753//753 751//751
f 196//196 754//754 753//753
f 189//189 751//751 754//754
f 753//753 754//754 751//751
f 50//50 750//750 742//742
f 195//195 756//756 750//750
f 194//194 742//742 756//756
f 750//750 756//756 742//742
f 53//53 755//755 747//747
f 196//196 757//757 755//755
f 195//195 747//747 757//757
f 755//755 757//757 747//747
f 48//48 745//745 752//752
f 194//194 758//758 745//745
f 196//196 752//752 758//758
f 745//745 758//758 752//752
f 195//195 757//757 756//756
f 196//196 758//758 757//757
f 194//194 756//756 758//758
f 757//757 758//758 756//756
f 6//6 759//759 659//659
f 197//197 760//760 759//759
f 171//171 659//659 760//760
f 759//759 760//760 659//659
f 54//54 761//761 763//763
f 198//198 762//762 761//761
f 197//197 763//763 762//762
f 761//761 762//762 763//763
f 47//47 664//664 765//765
f 171//171 764//764 664//664
f 198//198 765//765 764//764
f 664//664 764//764 765//765
f 197//197 762//762 760//760
f 198//198 764//764 762//762
f 171//171 760//760 764//764
f 762//762 764//764 760//760
f 17//17 766//766 768//768
f 199//199 767//767 766//766
f 201//201 768//768 767//767
f 766//766 767//767 768//768
f 55//55 769//769 771//771
f 200//200 770//770 769//769
f 199//199 771//771 770//770
f 769//769 770//770 771//771
f 54//54 772//772 774//774
f 201//201 773//773 772//772
f 200//200 774//774 773//773
f 772//772 773//773 774//774
f 199//199 770//770 767//767
f 200//200 773//773 770//770
f 201//201 767//767 773//773
f 770//770 773//773 767//767
f 15//15 670//670 776//776
f 176//176 775//775 670//670
f 203//203 776//776 775//775
f 670//670 775//775 776//776
f 47//47 777//777 674//674
f 202//202 778//778 777//777
f 176//176 674//674 778//778
f 777//777 778//778 674//674
f 55//55 779//779 781//781
f 203//203 780//780 779//779
f 202//202 781//781 780//780
f 779//779 780//780 781//781
f 176//176 778//778 775//775
f 202//202 780//780 778//778
f 203//203 775//775 780//780
f 778//778 780//780 775//775
f 54//54 774//774 761//761
f 200//200 782//782 774//774
f 198//198 761//761 782//782
f 774//774 782//782 761//761
f 55//55 781//781 769//769
f 202//202 783//783 781//781
f 200//200 769//769 783//783
f 781//781 783//783 769//769
f 47//47 765//765 777//777
f 198//198 784//784 765//765
f 202//202 777//777 784//784
f 765//765 784//784 777//777
f 200//200 783//783 782//782
f 202//202 784//784 783//783
f 198//198 782//782 784//784
f 783//783 784//784 782//782
f 4//4 421//421 786//786
f 113//113 785//785 421//421
f 205//205 786//786 785//785
f 421//421 785//785 786//786
f 34//34 787//787 425//425
f 204//204 788//788 787//787
f 113//113 425//425 788//788
f 787//787 788//788 425//425
f 57//57 789//789 791//791
f 205//205 790//790 789//789
f 204//204 791//791 790//790
f 789//789 790//790 791//791
f 113//113 788//788 785//785
f 204//204 790//790 788//788
f 205//205 785//785 790//790
f 788//788 790//790 785//785
f 10//10 792//792 437//437
f 206//206 793//793 792//792
f 117//117 437//437 793//793
f 792//792 793//793 437//437
f 56//56 794//794 796//796
f 207//207 795//795 794//794
f 206//206 796//796 795//795
f 794//794 795//795 796//796
f 34//34 442//442 798//798
f 117//117 797//797 442//442
f 207//207 798//798 797//797
f 442//442 797//797 798//798
f 206//206 795//795 793//793
f 207//207 797//797 795//795
f 117//117 793//793 797//797
f 795//795 797//797 793//793
f 17//17 799//799 801//801
f 208//208 800//800 799//799
f 210//210 801//801 800//800
f 799//799 800//800 801//801
f 57//57 802//802 804//804
f 209//209 803//803 802//802
f 208//208 804//804 803//803
f 802//802 803//803 804//804
f 56//56 805//805 807//807
f 210//210 806//806 805//805
f 209//209 807//807 806//806
f 805//805 806//806 807//807
f 208//208 803//803 800//800
f 209//209 806//806 803//803
f 210//210 800//800 806//806
f 803//803 806//806 800//800
f 34//34 798//798 787//787
f 207//207 808//808 798//798
f 204//204 787//787 808//808
f 798//798 808//808 787//787
f 56//56 807//807 794//794
f 209//209 809//809 807//807
f 207//207 794//794 809//809
f 807//807 809//809 794//794
f 57//57 791//791 802//802
f 204//204 810//810 791//791
f 209//209 802//802 810//810
f 791//791 810//810 802//802
f 207//207 809//809 808//808
f 209//209 810//810 809//809
f 204//204 808//808 810//810
f 809//809 810//810 808//808
f 3//3 690//690 393//393
f 181//181 811//811 690//690
f 104//104 393//393 811//811
f 690//690 811//811 393//393
f 51//51 812//812 693//693
f 211//211 813//813 812//812
f 181//181 693//693 813//813
f 812//812 813//813 693//693
f 30//30 397//397 815//815
f 104//104 814//814 397//397
f 211//211 815//815 814//814
f 397//397 814//814 815//815
f 181//181 813//813 811//811
f 211//211 814//814 813//813
f 104//104 811//811 814//814
f 813//813 814//814 811//811
f 15//15 816//816 703//703
f 212//212 817//817 816//816
f 184//184 703//703 817//817
f 816//816 817//817 703//703
f 58//58 818//818 820//820
f 213//213 819//819 818//818
f 212//212 820//820 819//819
f 818//818 819//819 820//820
f 51//51 708//708 822//822
f 184//184 821//821 708//708
f 213//213 822//822 821//821
f 708//708 821//821 822//822
f 212//212 819//819 817//817
f 213//213 821//821 819//819
f 184//184 817//817 821//821
f 819//819 821//821 817//817
f 10//10 402//402 824//824
f 108//108 823//823 402//402
f 215//215 824//824 823//823
f 402//402 823//823 824//824
f 30//30 825//825 406//406
f 214//214 826//826 825//825
f 108//108 406//406 826//826
f 825//825 826//826 406//406
f 58//58 827//827 829//829
f 215//215 828//828 827//827
f 214//214 829//829 828//828
f 827//827 828//828 829//829
f 108//108 826//826 823//823
f 214//214 828//828 826//826
f 215//215 823//823 828//828
f 826//826 828//828 823//823
f 51//51 822//822 812//812
f 213//213 830//830 822//822
f 211//211 812//812 830//830
f 822//822 830//830 812//812
f 58//58 829//829 818//818
f 214//214 831//831 829//829
f 213//213 818//818 831//831
f 829//829 831//831 818//818
f 30//30 815//815 825//825
f 211//211 832//832 815//815
f 214//214 825//825 832//832
f 815//815 832//832 825//825
f 213//213 831//831 830//830
f 214//214 832//832 831//831
f 211//211 830//830 832//832
f 831//831 832//832 830//830
f 17//17 801//801 766//766
f 210//210 833//833 801//801
f 199//199 766//766 833//833
f 801//801 833//833 766//766
f 56//56 834//834 805//805
f 216//216 835//835 834//834
f 210//210 805//805 835//835
f 834//834 835//835 805//805
f 55//55 771//771 837//837
f 199//199 836//836 771//771
f 216//216 837//837 836//836
f 771//771 836//836 837//837
f 210//210 835//835 833//833
f 216//216 836//836 835//835
f 199//199 833//833 836//836
f 835//835 836//836 833//833
f 10//10 824//824 792//792
f 215//215 838//838 824//824
f 206//206 792//792 838//838
f 824//824 838//838 792//792
f 58//58 839//839 827//827
f 217//217 840//840 839//839
f 215//215 827//827 840//840
f 839//839 840//840 827//827
f 56//56 796//796 842//842
f 206//206 841//841 796//796
f 217//217 842//842 841//841
f 796//796 841//841 842//842
f 215//215 840//840 838//838
f 217//217 841//841 840//840
f 206//206 838//838 841//841
f 840//840 841//841 838//838
f 15//15 776//776 816//816
f 203//203 843//843 776//776
f 212//212 816//816 843//843
f 776//776 843//843 816//816
f 55//55 844//844 779//779
f 218//218 845//845 844//844
f 203//203 779//779 845//845
f 844//844 845//845 779//779
f 58//58 820//820 847//847
f 212//212 846//846 820//820
f 218//218 847//847 846//846
f 820//820 846//846 847//847
f 203//203 845//845 843//843
f 218//218 846//846 845//845
f 212//212 843//843 846//846
f 845//845 846//846 843//843
f 56//56 842//842 834//834
f 217//217 848//848 842//842
f 216//216 834//834 848//848
f 842//842 848//848 834//834
f 58//58 847//847 839//839
f 218//218 849//849 847//847
f 217//217 839//839 849//849
f 847//847 849//849 839//839
f 55//55 837//837 844//844
f 216//216 850//850 837//837
f 218//218 844//844 850//850
f 837//837 850//850 844//844
f 217//217 849//849 848//848
f 218//218 850//850 849//849
f 216//216 848//848 850//850
f 849//849 850//850 848//848
f 6//6 851//851 759//759
f 219//219 852//852 851//851
f 197//197 759//759 852//852
f 851//851 852//852 759//759
f 59//59 853//853 855//855
f 220//220 854//854 853//853
f 219//219 855//855 854//854
f 853//853 854//854 855//855
f 54//54 763//763 857//857
f 197//197 856//856 763//763
f 220//220 857//857 856//856
f 763//763 856//856 857//857
f 219//219 854//854 852//852
f 220//220 856//856 854//854
f 197//197 852//852 856//856
f 854//854 856//856 852//852
f 18//18 858//858 860//860
f 221//221 859//859 858//858
f 223//223 860//860 859//859
f 858//858 859//859 860//860
f 60//60 861//861 863//863
f 222//222 862//862 861//861
f 221//221 863//863 862//862
f 861//861 862//862 863//863
f 59//59 864//864 866//866
f 223//223 865//865 864//864
f 222//222 866//866 865//865
f 864//864 865//865 866//866
f 221//221 862//862 859//859
f 222//222 865//865 862//862
f 223//223 859//859 865//865
f 862//862 865//865 859//859
f 17//17 768//768 868//868
f 201//201 867//867 768//768
f 225//225 868//868 867//867
f 768//768 867//867 868//868
f 54//54 869//869 772//772
f 224//224 870//870 869//869
f 201//201 772//772 870//870
f 869//869 870//870 772//772
f 60//60 871//871 873//873
f 225//225 872//872 871//871
f 224//224 873//873 872//872
f 871//871 872//872 873//873
f 201//201 870//870 867//867
f 224//224 872//872 870//870
f 225//225 867//867 872//872
f 870//870 872//872 867//867
f 59//59 866//866 853//853
f 222//222 874//874 866//866
f 220//220 853//853 874//874
f 866//866 874//874 853//853
f 60//60 873//873 861//861
f 224//224 875//875 873//873
f 222//222 861//861 875//875
f 873//873 875//875 861//861
f 54//54 857//857 869//869
f 220//220 876//876 857//857
f 224//224 869//869 876//876
f 857//857 876//876 869//869
f 222//222 875//875 874//874
f 224//224 876//876 875//875
f 220//220 874//874 876//876
f 875//875 876//876 874//874
f 5//5 521//521 878//878
f 139//139 877//877 521//521
f 227//227 878//878 877//877
f 521//521 877//877 878//878
f 41//41 879//879 525//525
f 226//226 880//880 879//879
f 139//139 525//525 880//880
f 879//879 880//880 525//525
f 62//62 881//881 883//883
f 227//227 882//882 881//881
f 226//226 883//883 882//882
f 881//881 882//882 883//883
f 139//139 880//880 877//877
f 226//226 882//882 880//880
f 227//227 877//877 882//882
f 880//880 882//882 877//877
f 12//12 884//884 537//537
f 228//228 885//885 884//884
f 143//143 537//537 885//885
f 884//884 885//885 537//537
f 61//61 886//886 888//888
f 229//229 887//887 886//886
f 228//228 888//888 887//887
f 886//886 887//887 888//888
f 41//41 542//542 890//890
f 143//143 889//889 542//542
f 229//229 890//890 889//889
f 542//542 889//889 890//890
f 228//228 887//887 885//885
f 229//229 889//889 887//887
f 143//143 885//885 889//889
f 887//887 889//889 885//885
f 18//18 891//891 893//893
f 230//230 892//892 891//891
f 232//232 893//893 892//892
f 891//891 892//892 893//893
f 62//62 894//894 896//896
f 231//231 895//895 894//894
f 230//230 896//896 895//895
f 894//894 895//895 896//896
f 61//61 897//897 899//899
f 232//232 898//898 897//897
f 231//231 899//899 898//898
f 897//897 898//898 899//899
f 230//230 895//895 892//892
f 231//231 898//898 895//895
f 232//232 892//892 898//898
f 895//895 898//898 892//892
f 41//41 890//890 879//879
f 229//229 900//900 890//890
f 226//226 879//879 900//900
f 890//890 900//900 879//879
f 61//61 899//899 886//886
f 231//231 901//901 899//899
f 229//229 886//886 901//901
f 899//899 901//901 886//886
f 62//62 883//883 894//894
f 226//226 902//902 883//883
f 231//231 894//894 902//902
f 883//883 902//902 894//894
f 229//229 901//901 900//900
f 231//231 902//902 901//901
f 226//226 900//900 902//902
f 901//901 902//902 900//900
f 4//4 786//786 493//493
f 205//205 903//903 786//786
f 130//130 493//493 903//903
f 786//786 903//903 493//493
f 57//57 904//904 789//789
f 233//233 905//905 904//904
f 205//205 789//789 905//905
f 904//904 905//905 789//789
f 37//37 497//497 907//907
f 130//130 906//906 497//497
f 233//233 907//907 906//906
f 497//497 906//906 907//907
f 205//205 905//905 903//903
f 233//233 906//906 905//905
f 130//130 903//903 906//906
f 905//905 906//906 903//903
f 17//17 908//908 799//799
f 234//234 909//909 908//908
f 208//208 799//799 909//909
f 908//908 909//909 799//799
f 63//63 910//910 912//912
f 235//235 911//911 910//910
f 234//234 912//912 911//911
f 910//910 911//911 912//912
f 57//57 804//804 914//914
f 208//208 913//913 804//804
f 235//235 914//914 913//913
f 804//804 913//913 914//914
f 234//234 911//911 909//909
f 235//235 913//913 911//911
f 208//208 909//909 913//913
f 911//911 913//913 909//909
f 12//12 502//502 916//916
f 134//134 915//915 502//502
f 237//237 916//916 915//915
f 502//502 915//915 916//916
f 37//37 917//917 506//506
f 236//236 918//918 917//917
f 134//134 506//506 918//918
f 917//917 918//918 506//506
f 63//63 919//919 921//921
f 237//237 920//920 919//919
f 236//236 921//921 920//920
f 919//919 920//920 921//921
f 134//134 918//918 915//915
f 236//236 920//920 918//918
f 237//237 915//915 920//920
f 918//918 920//920 915//915
f 57//57 914//914 904//904
f 235//235 922//922 914//914
f 233//233 904//904 922//922
f 914//914 922//922 904//904
f 63//63 921//921 910//910
f 236//236 923//923 921//921
f 235//235 910//910 923//923
f 921//921 923//923 910//910
f 37//37 907//907 917//917
f 233//233 924//924 907//907
f 236//236 917//917 924//924
f 907//907 924//924 917//917
f 235//235 923//923 922//922
f 236//236 924//924 923//923
f 233//233 922//922 924//924
f 923//923 924//924 922//922
f 18//18 893//893 858//858
f 232//232 925//925 893//893
f 221//221 858//858 925//925
f 893//893 925//925 858//858
f 61//61 926//926 897//897
f 238//238 927//927 926//926
f 232//232 897//897 927//927
f 926//926 927//927 897//897
f 60//60 863//863 929//929
f 221//221 928//928 863//863
f 238//238 929//929 928//928
f 863//863 928//928 929//929
f 232//232 927//927 925//925
f 238//238 928//928 927//927
f 221//221 925//925 928//928
f 927//927 928//928 925//925
f 12//12 916//916 884//884
f 237//237 930//930 916//916
f 228//228 884//884 930//930
f 916//916 930//930 884//884
f 63//63 931//931 919//919
f 239//239 932//932 931//931
f 237//237 919//919 932//932
f 931//931 932//932 919//919
f 61//61 888//888 934//934
f 228//228 933//933 888//888
f 239//239 934//934 933//933
f 888//888 933//933 934//934
f 237//237 932//932 930//930
f 239//239 933//933 932//932
f 228//228 930//930 933//933
f 932//932 933//933 930//930
f 17//17 868//868 908//908
f 225//225 935//935 868//868
f 234//234 908//908 935//935
f 868//868 935//935 908//908
f 60//60 936//936 871//871
f 240//240 937//937 936//936
f 225//225 871//871 937//937
f 936//936 937//937 871//871
f 63//63 912//912 939//939
f 234//234 938//938 912//912
f 240//240 939//939 938//938
f 912//912 938//938 939//939
f 225//225 937//937 935//935
f 240//240 938//938 937//937
f 234//234 935//935 938//938
f 937//937 938//938 935//935
f 61//61 934//934 926//926
f 239//239 940//940 934//934
f 238//238 926//926 940//940
f 934//934 940//940 926//926
f 63//63 939//939 931//931
f 240//240 941//941 939//939
f 239//239 931//931 941//941
f 939//939 941//941 931//931
f 60//60 929//929 936//936
f 238//238 942//942 929//929
f 240//240 936//936 942//942
f 929//929 942//942 936//936
f 239//239 941//941 940//940
f 240//240 942//942 941//941
f 238//238 940//940 942//942
f 941//941 942//942 940//940
f 6//6 661//661 851//851
f 173//173 943//943 661//661
f 219//219 851//851 943//943
f 661//661 943//943 851//851
f 49//49 944//944 665//665
f 241//241 945//945 944//944
f 173//173 665//665 945//945
f 944//944 945//945 665//665
f 59//59 855//855 947//947
f 219//219 946//946 855//855
f 241//241 947//947 946//946
f 855//855 946//946 947//947
f 173//173 945//945 943//943
f 241//241 946//946 945//945
f 219//219 943//943 946//946
f 945//945 946//946 943//943
f 16//16 948//948 677//677
f 242//242 949//949 948//948
f 177//177 677//677 949//949
f 948//948 949//949 677//677
f 64//64 950//950 952//952
f 243//243 951//951 950//950
f 242//242 952//952 951//951
f 950//950 951//951 952//952
f 49//49 682//682 954//954
f 177//177 953//953 682//682
f 243//243 954//954 953//953
f 682//682 953//953 954//954
f 242//242 951//951 949//949
f 243//243 953//953 951//951
f 177//177 949//949 953//953
f 951//951 953//953 949//949
f 18//18 860//860 956//956
f 223//223 955//955 860//860
f 245//245 956//956 955//955
f 860//860 955//955 956//956
f 59//59 957//957 864//864
f 244//244 958//958 957//957
f 223//223 864//864 958//958
f 957//957 958//958 864//864
f 64//64 959//959 961//961
f 245//245 960//960 959//959
f 244//244 961//961 960//960
f 959//959 960//960 961//961
f 223//223 958//958 955//955
f 244//244 960//960 958//958
f 245//245 955//955 960//960
f 958//958 960//960 955//955
f 49//49 954//954 944//944
f 243//243 962//962 954//954
f 241//241 944//944 962//962
f 954//954 962//962 944//944
f 64//64 961//961 950//950
f 244//244 963//963 961//961
f 243//243 950//950 963//963
f 961//961 963//963 950//950
f 59//59 947//947 957//957
f 241//241 964//964 947//947
f 244//244 957//957 964//964
f 947//947 964//964 957//957
f 243//243 963//963 962//962
f 244//244 964//964 963//963
f 241//241 962//962 964//964
f 963//963 964//964 962//962
f 2//2 616//616 715//715
f 162//162 965//965 616//616
f 187//187 715//715 965//965
f 616//616 965//965 715//715
f 46//46 966//966 619//619
f 246//246 967//967 966//966
f 162//162 619//619 967//967
f 966//966 967//967 619//619
f 52//52 719//719 969//969
f 187//187 968//968 719//719
f 246//246 969//969 968//968
f 719//719 968//968 969//969
f 162//162 967//967 965//965
f 246//246 968//968 967//967
f 187//187 965//965 968//968
f 967//967 968//968 965//965
f 14//14 970//970 629//629
f 247//247 971//971 970//970
f 165//165 629//629 971//971
f 970//970 971//971 629//629
f 65//65 972//972 974//974
f 248//248 973//973 972//972
f 247//247 974//974 973//973
f 972//972 973//973 974//974
f 46//46 634//634 976//976
f 165//165 975//975 634//634
f 248//248 976//976 975//975
f 634//634 975//975 976//976
f 247//247 973//973 971//971
f 248//248 975//975 973//973
f 165//165 971//971 975//975
f 973//973 975//975 971//971
f 16//16 724//724 978//978
f 191//191 977//977 724//724
f 250//250 978//978 977//977
f 724//724 977//977 978//978
f 52//52 979//979 728//728
f 249//249 980//980 979//979
f 191//191 728//728 980//980
f 979//979 980//980 728//728
f 65//65 981//981 983//983
f 250//250 982//982 981//981
f 249//249 983//983 982//982
f 981//981 982//982 983//983
f 191//191 980//980 977//977
f 249//249 982//982 980//980
f 250//250 977//977 982//982
f 980//980 982//982 977//977
f 46//46 976//976 966//966
f 248//248 984//984 976//976
f 246//246 966//966 984//984
f 976//976 984//984 966//966
f 65//65 983//983 972//972
f 249//249 985//985 983//983
f 248//248 972//972 985//985
f 983//983 985//985 972//972
f 52//52 969//969 979//979
f 246//246 986//986 969//969
f 249//249 979//979 986//986
f 969//969 986//986 979//979
f 248//248 985//985 984//984
f 249//249 986//986 985//985
f 246//246 984//984 986//986
f 985//985 986//986 984//984
f 5//5 878//878 589//589
f 227//227 987//987 878//878
f 154//154 589//589 987//987
f 878//878 987//987 589//589
f 62//62 988//988 881//881
f 251//251 989//989 988//988
f 227//227 881//881 989//989
f 988//988 989//989 881//881
f 43//43 593//593 991//991
f 154//154 990//990 593//593
f 251//251 991//991 990//990
f 593//593 990//990 991//991
f 227//227 989//989 987//987
f 251//251 990//990 989//989
f 154//154 987//987 990//990
f 989//989 990//990 987//987
f 18//18 992//992 891//891
f 252//252 993//993 992//992
f 230//230 891//891 993//993
f 992//992 993//993 891//891
f 66//66 994//994 996//996
f 253//253 995//995 994//994
f 252//252 996//996 995//995
f 994//994 995//995 996//996
f 62//62 896//896 998//998
f 230//230 997//997 896//896
f 253//253 998//998 997//997
f 896//896 997//997 998//998
f 252//252 995//995 993//993
f 253//253 997//997 995//995
f 230//230 993//993 997//997
f 995//995 997//997 993//993
f 14//14 598//598 1000//1000
f 158//158 999//999 598//598
f 255//255 1000//1000 999//999
f 598//598 999//999 1000//1000
f 43//43 1001//1001 602//602
f 254//254 1002//1002 1001//1001
f 158//158 602//602 1002//1002
f 1001//1001 1002//1002 602//602
f 66//66 1003//1003 1005//1005
f 255//255 1004//1004 1003//1003
f 254//254 1005//1005 1004//1004
f 1003//1003 1004//1004 1005//1005
f 158//158 1002//1002 999//999
f 254//254 1004//1004 1002//1002
f 255//255 999//999 1004//1004
f 1002//1002 1004//1004 999//999
f 62//62 998//998 988//988
f 253//253 1006//1006 998//998
f 251//251 988//988 1006//1006
f 998//998 1006//1006 988//988
f 66//66 1005//1005 994//994
f 254//254 1007//1007 1005//1005
f 253//253 994//994 1007//1007
f 1005//1005 1007//1007 994//994
f 43//43 991//991 1001//1001
f 251//251 1008//1008 991//991
f 254//254 1001//1001 1008//1008
f 991//991 1008//1008 1001//1001
f 253//253 1007//1007 1006//1006
f 254//254 1008//1008 1007//1007
f 251//251 1006//1006 1008//1008
f 1007//1007 1008//1008 1006//1006
f 16//16 978//978 948//948
f 250//250 1009//1009 978//978
f 242//242 948//948 1009//1009
f 978//978 1009//1009 948//948
f 65//65 1010//1010 981//981
f 256//256 1011//1011 1010//1010
f 250//250 981//981 1011//1011
f 1010//1010 1011//1011 981//981
f 64//64 952//952 1013//1013
f 242//242 1012//1012 952//952
f 256//256 1013//1013 1012//1012
f 952//952 1012//1012 1013//1013
f 250//250 1011//1011 1009//1009
f 256//256 1012//1012 1011//1011
f 242//242 1009//1009 1012//1012
f 1011//1011 1012//1012 1009//1009
f 14//14 1000//1000 970//970
f 255//255 1014//1014 1000//1000
f 247//247 970//970 1014//1014
f 1000//1000 1014//1014 970//970
f 66//66 1015//1015 1003//1003
f 257//257 1016//1016 1015//1015
f 255//255 1003//1003 1016//1016
f 1015//1015 1016//1016 1003//1003
f 65//65 974//974 1018//1018
f 247//247 1017//1017 974//974
f 257//257 1018//1018 1017//1017
f 974//974 1017//1017 1018//1018
f 255//255 1016//1016 1014//1014
f 257//257 1017//1017 1016//1016
f 247//247 1014//1014 1017//1017
f 1016//1016 1017//1017 1014//1014
f 18//18 956//956 992//992
f 245//245 1019//1019 956//956
f 252//252 992//992 1019//1019
f 956//956 1019//1019 992//992
f 64//64 1020//1020 959//959
f 258//258 1021//1021 1020//1020
f 245//245 959//959 1021//1021
f 1020//1020 1021//1021 959//959
f 66//66 996//996 1023//1023
f 252//252 1022//1022 996//996
f 258//258 1023//1023 1022//1022
f 996//996 1022//1022 1023//1023
f 245//245 1021//1021 1019//1019
f 258//258 1022//1022 1021//1021
f 252//252 1019//1019 1022//1022
f 1021//1021 1022//1022 1019//1019
f 65//65 1018//1018 1010//1010
f 257//257 1024//1024 1018//1018
f 256//256 1010//1010 1024//1024
f 1018//1018 1024//1024 1010//1010
f 66//66 1023//1023 1015//1015
f 258//258 1025//1025 1023//1023
f 257//257 1015//1015 1025//1025
f 1023//1023 1025//1025 1015//1015
f 64//64 1013//1013 1020//1020
f 256//256 1026//1026 1013//1013
f 258//258 1020//1020 1026//1026
f 1013//1013 1026//1026 1020//1020
f 257//257 1025//1025 1024//1024
f 258//258 1026//1026 1025//1025
f 256//256 1024//1024 1026//1026
f 1025//1025 1026//1026 1024//1024
