# Uneven Sphere Mesh
# Total Vertices: 1492
# Right Hemisphere (x>0): ~250 vertices
# Left Hemisphere (x<0): ~125 vertices
# Faces: 2762

v 0.000000 -0.000000 1.000000
v 0.000000 -0.000000 1.000000
v 0.000000 -0.000000 1.000000
v 0.000000 -0.000000 1.000000
v 0.000000 -0.000000 1.000000
v 0.000000 -0.000000 1.000000
v 0.000000 -0.000000 1.000000
v 0.000000 -0.000000 1.000000
v 0.000000 -0.000000 1.000000
v 0.000000 -0.000000 1.000000
v 0.000000 -0.000000 1.000000
v 0.000000 0.000000 1.000000
v 0.000000 0.000000 1.000000
v 0.000000 0.000000 1.000000
v 0.000000 0.000000 1.000000
v 0.000000 0.000000 1.000000
v 0.000000 0.000000 1.000000
v 0.000000 0.000000 1.000000
v 0.000000 0.000000 1.000000
v 0.000000 0.000000 1.000000
v 0.000000 0.000000 1.000000
v 0.000000 0.000000 1.000000
v 0.000000 0.000000 1.000000
v 0.000000 -0.071339 0.997452
v 0.010153 -0.070613 0.997452
v 0.020099 -0.068449 0.997452
v 0.029635 -0.064892 0.997452
v 0.038569 -0.060014 0.997452
v 0.046717 -0.053915 0.997452
v 0.053915 -0.046717 0.997452
v 0.060014 -0.038569 0.997452
v 0.064892 -0.029635 0.997452
v 0.068449 -0.020099 0.997452
v 0.070613 -0.010153 0.997452
v 0.071339 0.000000 0.997452
v 0.070613 0.010153 0.997452
v 0.068449 0.020099 0.997452
v 0.064892 0.029635 0.997452
v 0.060014 0.038569 0.997452
v 0.053915 0.046717 0.997452
v 0.046717 0.053915 0.997452
v 0.038569 0.060014 0.997452
v 0.029635 0.064892 0.997452
v 0.020099 0.068449 0.997452
v 0.010153 0.070613 0.997452
v 0.000000 0.071339 0.997452
v 0.000000 -0.142315 0.989821
v 0.020254 -0.140866 0.989821
v 0.040095 -0.136550 0.989821
v 0.059120 -0.129454 0.989821
v 0.076941 -0.119723 0.989821
v 0.093196 -0.107554 0.989821
v 0.107554 -0.093196 0.989821
v 0.119723 -0.076941 0.989821
v 0.129454 -0.059120 0.989821
v 0.136550 -0.040095 0.989821
v 0.140866 -0.020254 0.989821
v 0.142315 0.000000 0.989821
v 0.140866 0.020254 0.989821
v 0.136550 0.040095 0.989821
v 0.129454 0.059120 0.989821
v 0.119723 0.076941 0.989821
v 0.107554 0.093196 0.989821
v 0.093196 0.107554 0.989821
v 0.076941 0.119723 0.989821
v 0.059120 0.129454 0.989821
v 0.040095 0.136550 0.989821
v 0.020254 0.140866 0.989821
v 0.000000 0.142315 0.989821
v 0.000000 -0.212565 0.977147
v 0.030251 -0.210402 0.977147
v 0.059887 -0.203955 0.977147
v 0.088303 -0.193356 0.977147
v 0.114921 -0.178821 0.977147
v 0.139201 -0.160646 0.977147
v 0.160646 -0.139201 0.977147
v 0.178821 -0.114921 0.977147
v 0.193356 -0.088303 0.977147
v 0.203955 -0.059887 0.977147
v 0.210402 -0.030251 0.977147
v 0.212565 0.000000 0.977147
v 0.210402 0.030251 0.977147
v 0.203955 0.059887 0.977147
v 0.193356 0.088303 0.977147
v 0.178821 0.114921 0.977147
v 0.160646 0.139201 0.977147
v 0.139201 0.160646 0.977147
v 0.114921 0.178821 0.977147
v 0.088303 0.193356 0.977147
v 0.059887 0.203955 0.977147
v 0.030251 0.210402 0.977147
v 0.000000 0.212565 0.977147
v 0.000000 -0.281733 0.959493
v 0.040095 -0.278865 0.959493
v 0.079373 -0.270320 0.959493
v 0.117036 -0.256273 0.959493
v 0.152316 -0.237009 0.959493
v 0.184496 -0.212919 0.959493
v 0.212919 -0.184496 0.959493
v 0.237009 -0.152316 0.959493
v 0.256273 -0.117036 0.959493
v 0.270320 -0.079373 0.959493
v 0.278865 -0.040095 0.959493
v 0.281733 0.000000 0.959493
v 0.278865 0.040095 0.959493
v 0.270320 0.079373 0.959493
v 0.256273 0.117036 0.959493
v 0.237009 0.152316 0.959493
v 0.212919 0.184496 0.959493
v 0.184496 0.212919 0.959493
v 0.152316 0.237009 0.959493
v 0.117036 0.256273 0.959493
v 0.079373 0.270320 0.959493
v 0.040095 0.278865 0.959493
v 0.000000 0.281733 0.959493
v 0.000000 -0.349464 0.936950
v 0.049734 -0.345907 0.936950
v 0.098455 -0.335308 0.936950
v 0.145173 -0.317884 0.936950
v 0.188935 -0.293988 0.936950
v 0.228850 -0.264107 0.936950
v 0.264107 -0.228850 0.936950
v 0.293988 -0.188935 0.936950
v 0.317884 -0.145173 0.936950
v 0.335308 -0.098455 0.936950
v 0.345907 -0.049734 0.936950
v 0.349464 0.000000 0.936950
v 0.345907 0.049734 0.936950
v 0.335308 0.098455 0.936950
v 0.317884 0.145173 0.936950
v 0.293988 0.188935 0.936950
v 0.264107 0.228850 0.936950
v 0.228850 0.264107 0.936950
v 0.188935 0.293988 0.936950
v 0.145173 0.317884 0.936950
v 0.098455 0.335308 0.936950
v 0.049734 0.345907 0.936950
v 0.000000 0.349464 0.936950
v 0.000000 -0.415415 0.909632
v 0.059120 -0.411187 0.909632
v 0.117036 -0.398588 0.909632
v 0.172570 -0.377875 0.909632
v 0.224590 -0.349469 0.909632
v 0.272039 -0.313950 0.909632
v 0.313950 -0.272039 0.909632
v 0.349469 -0.224590 0.909632
v 0.377875 -0.172570 0.909632
v 0.398588 -0.117036 0.909632
v 0.411187 -0.059120 0.909632
v 0.415415 0.000000 0.909632
v 0.411187 0.059120 0.909632
v 0.398588 0.117036 0.909632
v 0.377875 0.172570 0.909632
v 0.349469 0.224590 0.909632
v 0.313950 0.272039 0.909632
v 0.272039 0.313950 0.909632
v 0.224590 0.349469 0.909632
v 0.172570 0.377875 0.909632
v 0.117036 0.398588 0.909632
v 0.059120 0.411187 0.909632
v 0.000000 0.415415 0.909632
v 0.000000 -0.479249 0.877679
v 0.068204 -0.474371 0.877679
v 0.135020 -0.459836 0.877679
v 0.199087 -0.435940 0.877679
v 0.259102 -0.403170 0.877679
v 0.313841 -0.362192 0.877679
v 0.362192 -0.313841 0.877679
v 0.403170 -0.259102 0.877679
v 0.435940 -0.199087 0.877679
v 0.459836 -0.135020 0.877679
v 0.474371 -0.068204 0.877679
v 0.479249 0.000000 0.877679
v 0.474371 0.068204 0.877679
v 0.459836 0.135020 0.877679
v 0.435940 0.199087 0.877679
v 0.403170 0.259102 0.877679
v 0.362192 0.313841 0.877679
v 0.313841 0.362192 0.877679
v 0.259102 0.403170 0.877679
v 0.199087 0.435940 0.877679
v 0.135020 0.459836 0.877679
v 0.068204 0.474371 0.877679
v 0.000000 0.479249 0.877679
v 0.000000 -0.540641 0.841254
v 0.076941 -0.535138 0.841254
v 0.152316 -0.518741 0.841254
v 0.224590 -0.491784 0.841254
v 0.292292 -0.454816 0.841254
v 0.354044 -0.408589 0.841254
v 0.408589 -0.354044 0.841254
v 0.454816 -0.292292 0.841254
v 0.491784 -0.224590 0.841254
v 0.518741 -0.152316 0.841254
v 0.535138 -0.076941 0.841254
v 0.540641 0.000000 0.841254
v 0.535138 0.076941 0.841254
v 0.518741 0.152316 0.841254
v 0.491784 0.224590 0.841254
v 0.454816 0.292292 0.841254
v 0.408589 0.354044 0.841254
v 0.354044 0.408589 0.841254
v 0.292292 0.454816 0.841254
v 0.224590 0.491784 0.841254
v 0.152316 0.518741 0.841254
v 0.076941 0.535138 0.841254
v 0.000000 0.540641 0.841254
v 0.000000 -0.599278 0.800541
v 0.085286 -0.593178 0.800541
v 0.168836 -0.575003 0.800541
v 0.248949 -0.545122 0.800541
v 0.323994 -0.504144 0.800541
v 0.392443 -0.452904 0.800541
v 0.452904 -0.392443 0.800541
v 0.504144 -0.323994 0.800541
v 0.545122 -0.248949 0.800541
v 0.575003 -0.168836 0.800541
v 0.593178 -0.085286 0.800541
v 0.599278 0.000000 0.800541
v 0.593178 0.085286 0.800541
v 0.575003 0.168836 0.800541
v 0.545122 0.248949 0.800541
v 0.504144 0.323994 0.800541
v 0.452904 0.392443 0.800541
v 0.392443 0.452904 0.800541
v 0.323994 0.504144 0.800541
v 0.248949 0.545122 0.800541
v 0.168836 0.575003 0.800541
v 0.085286 0.593178 0.800541
v 0.000000 0.599278 0.800541
v 0.000000 -0.654861 0.755750
v 0.093196 -0.648195 0.755750
v 0.184496 -0.628334 0.755750
v 0.272039 -0.595682 0.755750
v 0.354044 -0.550904 0.755750
v 0.428843 -0.494911 0.755750
v 0.494911 -0.428843 0.755750
v 0.550904 -0.354044 0.755750
v 0.595682 -0.272039 0.755750
v 0.628334 -0.184496 0.755750
v 0.648195 -0.093196 0.755750
v 0.654861 0.000000 0.755750
v 0.648195 0.093196 0.755750
v 0.628334 0.184496 0.755750
v 0.595682 0.272039 0.755750
v 0.550904 0.354044 0.755750
v 0.494911 0.428843 0.755750
v 0.428843 0.494911 0.755750
v 0.354044 0.550904 0.755750
v 0.272039 0.595682 0.755750
v 0.184496 0.628334 0.755750
v 0.093196 0.648195 0.755750
v 0.000000 0.654861 0.755750
v 0.000000 -0.707107 0.707107
v 0.100632 -0.699909 0.707107
v 0.199215 -0.678464 0.707107
v 0.293743 -0.643207 0.707107
v 0.382291 -0.594856 0.707107
v 0.463056 -0.534396 0.707107
v 0.534396 -0.463056 0.707107
v 0.594856 -0.382291 0.707107
v 0.643207 -0.293743 0.707107
v 0.678464 -0.199215 0.707107
v 0.699909 -0.100632 0.707107
v 0.707107 0.000000 0.707107
v 0.699909 0.100632 0.707107
v 0.678464 0.199215 0.707107
v 0.643207 0.293743 0.707107
v 0.594856 0.382291 0.707107
v 0.534396 0.463056 0.707107
v 0.463056 0.534396 0.707107
v 0.382291 0.594856 0.707107
v 0.293743 0.643207 0.707107
v 0.199215 0.678464 0.707107
v 0.100632 0.699909 0.707107
v 0.000000 0.707107 0.707107
v 0.000000 -0.755750 0.654861
v 0.107554 -0.748057 0.654861
v 0.212919 -0.725136 0.654861
v 0.313950 -0.687454 0.654861
v 0.408589 -0.635777 0.654861
v 0.494911 -0.571157 0.654861
v 0.571157 -0.494911 0.654861
v 0.635777 -0.408589 0.654861
v 0.687454 -0.313950 0.654861
v 0.725136 -0.212919 0.654861
v 0.748057 -0.107554 0.654861
v 0.755750 0.000000 0.654861
v 0.748057 0.107554 0.654861
v 0.725136 0.212919 0.654861
v 0.687454 0.313950 0.654861
v 0.635777 0.408589 0.654861
v 0.571157 0.494911 0.654861
v 0.494911 0.571157 0.654861
v 0.408589 0.635777 0.654861
v 0.313950 0.687454 0.654861
v 0.212919 0.725136 0.654861
v 0.107554 0.748057 0.654861
v 0.000000 0.755750 0.654861
v 0.000000 -0.800541 0.599278
v 0.113929 -0.792393 0.599278
v 0.225539 -0.768114 0.599278
v 0.332557 -0.728198 0.599278
v 0.432805 -0.673458 0.599278
v 0.524243 -0.605009 0.599278
v 0.605009 -0.524243 0.599278
v 0.673458 -0.432805 0.599278
v 0.728198 -0.332557 0.599278
v 0.768114 -0.225539 0.599278
v 0.792393 -0.113929 0.599278
v 0.800541 0.000000 0.599278
v 0.792393 0.113929 0.599278
v 0.768114 0.225539 0.599278
v 0.728198 0.332557 0.599278
v 0.673458 0.432805 0.599278
v 0.605009 0.524243 0.599278
v 0.524243 0.605009 0.599278
v 0.432805 0.673458 0.599278
v 0.332557 0.728198 0.599278
v 0.225539 0.768114 0.599278
v 0.113929 0.792393 0.599278
v 0.000000 0.800541 0.599278
v 0.000000 -0.841254 0.540641
v 0.119723 -0.832691 0.540641
v 0.237009 -0.807177 0.540641
v 0.349469 -0.765231 0.540641
v 0.454816 -0.707708 0.540641
v 0.550904 -0.635777 0.540641
v 0.635777 -0.550904 0.540641
v 0.707708 -0.454816 0.540641
v 0.765231 -0.349469 0.540641
v 0.807177 -0.237009 0.540641
v 0.832691 -0.119723 0.540641
v 0.841254 0.000000 0.540641
v 0.832691 0.119723 0.540641
v 0.807177 0.237009 0.540641
v 0.765231 0.349469 0.540641
v 0.707708 0.454816 0.540641
v 0.635777 0.550904 0.540641
v 0.550904 0.635777 0.540641
v 0.454816 0.707708 0.540641
v 0.349469 0.765231 0.540641
v 0.237009 0.807177 0.540641
v 0.119723 0.832691 0.540641
v 0.000000 0.841254 0.540641
v 0.000000 -0.877679 0.479249
v 0.124907 -0.868745 0.479249
v 0.247271 -0.842127 0.479249
v 0.364601 -0.798365 0.479249
v 0.474509 -0.738351 0.479249
v 0.574758 -0.663306 0.479249
v 0.663306 -0.574758 0.479249
v 0.738351 -0.474509 0.479249
v 0.798365 -0.364601 0.479249
v 0.842127 -0.247271 0.479249
v 0.868745 -0.124907 0.479249
v 0.877679 0.000000 0.479249
v 0.868745 0.124907 0.479249
v 0.842127 0.247271 0.479249
v 0.798365 0.364601 0.479249
v 0.738351 0.474509 0.479249
v 0.663306 0.574758 0.479249
v 0.574758 0.663306 0.479249
v 0.474509 0.738351 0.479249
v 0.364601 0.798365 0.479249
v 0.247271 0.842127 0.479249
v 0.124907 0.868745 0.479249
v 0.000000 0.877679 0.479249
v 0.000000 -0.909632 0.415415
v 0.129454 -0.900373 0.415415
v 0.256273 -0.872786 0.415415
v 0.377875 -0.827430 0.415415
v 0.491784 -0.765231 0.415415
v 0.595682 -0.687454 0.415415
v 0.687454 -0.595682 0.415415
v 0.765231 -0.491784 0.415415
v 0.827430 -0.377875 0.415415
v 0.872786 -0.256273 0.415415
v 0.900373 -0.129454 0.415415
v 0.909632 0.000000 0.415415
v 0.900373 0.129454 0.415415
v 0.872786 0.256273 0.415415
v 0.827430 0.377875 0.415415
v 0.765231 0.491784 0.415415
v 0.687454 0.595682 0.415415
v 0.595682 0.687454 0.415415
v 0.491784 0.765231 0.415415
v 0.377875 0.827430 0.415415
v 0.256273 0.872786 0.415415
v 0.129454 0.900373 0.415415
v 0.000000 0.909632 0.415415
v 0.000000 -0.936950 0.349464
v 0.133342 -0.927413 0.349464
v 0.263969 -0.898997 0.349464
v 0.389223 -0.852279 0.349464
v 0.506553 -0.788212 0.349464
v 0.613572 -0.708099 0.349464
v 0.708099 -0.613572 0.349464
v 0.788212 -0.506553 0.349464
v 0.852279 -0.389223 0.349464
v 0.898997 -0.263969 0.349464
v 0.927413 -0.133342 0.349464
v 0.936950 0.000000 0.349464
v 0.927413 0.133342 0.349464
v 0.898997 0.263969 0.349464
v 0.852279 0.389223 0.349464
v 0.788212 0.506553 0.349464
v 0.708099 0.613572 0.349464
v 0.613572 0.708099 0.349464
v 0.506553 0.788212 0.349464
v 0.389223 0.852279 0.349464
v 0.263969 0.898997 0.349464
v 0.133342 0.927413 0.349464
v 0.000000 0.936950 0.349464
v 0.000000 -0.959493 0.281733
v 0.136550 -0.949727 0.281733
v 0.270320 -0.920627 0.281733
v 0.398588 -0.872786 0.281733
v 0.518741 -0.807177 0.281733
v 0.628334 -0.725136 0.281733
v 0.725136 -0.628334 0.281733
v 0.807177 -0.518741 0.281733
v 0.872786 -0.398588 0.281733
v 0.920627 -0.270320 0.281733
v 0.949727 -0.136550 0.281733
v 0.959493 0.000000 0.281733
v 0.949727 0.136550 0.281733
v 0.920627 0.270320 0.281733
v 0.872786 0.398588 0.281733
v 0.807177 0.518741 0.281733
v 0.725136 0.628334 0.281733
v 0.628334 0.725136 0.281733
v 0.518741 0.807177 0.281733
v 0.398588 0.872786 0.281733
v 0.270320 0.920627 0.281733
v 0.136550 0.949727 0.281733
v 0.000000 0.959493 0.281733
v 0.000000 -0.977147 0.212565
v 0.139062 -0.967201 0.212565
v 0.275294 -0.937566 0.212565
v 0.405921 -0.888844 0.212565
v 0.528285 -0.822028 0.212565
v 0.639895 -0.738478 0.212565
v 0.738478 -0.639895 0.212565
v 0.822028 -0.528285 0.212565
v 0.888844 -0.405921 0.212565
v 0.937566 -0.275294 0.212565
v 0.967201 -0.139062 0.212565
v 0.977147 0.000000 0.212565
v 0.967201 0.139062 0.212565
v 0.937566 0.275294 0.212565
v 0.888844 0.405921 0.212565
v 0.822028 0.528285 0.212565
v 0.738478 0.639895 0.212565
v 0.639895 0.738478 0.212565
v 0.528285 0.822028 0.212565
v 0.405921 0.888844 0.212565
v 0.275294 0.937566 0.212565
v 0.139062 0.967201 0.212565
v 0.000000 0.977147 0.212565
v 0.000000 -0.989821 0.142315
v 0.140866 -0.979746 0.142315
v 0.278865 -0.949727 0.142315
v 0.411187 -0.900373 0.142315
v 0.535138 -0.832691 0.142315
v 0.648195 -0.748057 0.142315
v 0.748057 -0.648195 0.142315
v 0.832691 -0.535138 0.142315
v 0.900373 -0.411187 0.142315
v 0.949727 -0.278865 0.142315
v 0.979746 -0.140866 0.142315
v 0.989821 0.000000 0.142315
v 0.979746 0.140866 0.142315
v 0.949727 0.278865 0.142315
v 0.900373 0.411187 0.142315
v 0.832691 0.535138 0.142315
v 0.748057 0.648195 0.142315
v 0.648195 0.748057 0.142315
v 0.535138 0.832691 0.142315
v 0.411187 0.900373 0.142315
v 0.278865 0.949727 0.142315
v 0.140866 0.979746 0.142315
v 0.000000 0.989821 0.142315
v 0.000000 -0.997452 0.071339
v 0.141952 -0.987299 0.071339
v 0.281015 -0.957048 0.071339
v 0.414357 -0.907314 0.071339
v 0.539263 -0.839110 0.071339
v 0.653192 -0.753824 0.071339
v 0.753824 -0.653192 0.071339
v 0.839110 -0.539263 0.071339
v 0.907314 -0.414357 0.071339
v 0.957048 -0.281015 0.071339
v 0.987299 -0.141952 0.071339
v 0.997452 0.000000 0.071339
v 0.987299 0.141952 0.071339
v 0.957048 0.281015 0.071339
v 0.907314 0.414357 0.071339
v 0.839110 0.539263 0.071339
v 0.753824 0.653192 0.071339
v 0.653192 0.753824 0.071339
v 0.539263 0.839110 0.071339
v 0.414357 0.907314 0.071339
v 0.281015 0.957048 0.071339
v 0.141952 0.987299 0.071339
v 0.000000 0.997452 0.071339
v 0.000000 -1.000000 0.000000
v 0.142315 -0.989821 0.000000
v 0.281733 -0.959493 0.000000
v 0.415415 -0.909632 0.000000
v 0.540641 -0.841254 0.000000
v 0.654861 -0.755750 0.000000
v 0.755750 -0.654861 0.000000
v 0.841254 -0.540641 0.000000
v 0.909632 -0.415415 0.000000
v 0.959493 -0.281733 0.000000
v 0.989821 -0.142315 0.000000
v 1.000000 0.000000 0.000000
v 0.989821 0.142315 0.000000
v 0.959493 0.281733 0.000000
v 0.909632 0.415415 0.000000
v 0.841254 0.540641 0.000000
v 0.755750 0.654861 0.000000
v 0.654861 0.755750 0.000000
v 0.540641 0.841254 0.000000
v 0.415415 0.909632 0.000000
v 0.281733 0.959493 0.000000
v 0.142315 0.989821 0.000000
v 0.000000 1.000000 0.000000
v 0.000000 -0.997452 -0.071339
v 0.141952 -0.987299 -0.071339
v 0.281015 -0.957048 -0.071339
v 0.414357 -0.907314 -0.071339
v 0.539263 -0.839110 -0.071339
v 0.653192 -0.753824 -0.071339
v 0.753824 -0.653192 -0.071339
v 0.839110 -0.539263 -0.071339
v 0.907314 -0.414357 -0.071339
v 0.957048 -0.281015 -0.071339
v 0.987299 -0.141952 -0.071339
v 0.997452 0.000000 -0.071339
v 0.987299 0.141952 -0.071339
v 0.957048 0.281015 -0.071339
v 0.907314 0.414357 -0.071339
v 0.839110 0.539263 -0.071339
v 0.753824 0.653192 -0.071339
v 0.653192 0.753824 -0.071339
v 0.539263 0.839110 -0.071339
v 0.414357 0.907314 -0.071339
v 0.281015 0.957048 -0.071339
v 0.141952 0.987299 -0.071339
v 0.000000 0.997452 -0.071339
v 0.000000 -0.989821 -0.142315
v 0.140866 -0.979746 -0.142315
v 0.278865 -0.949727 -0.142315
v 0.411187 -0.900373 -0.142315
v 0.535138 -0.832691 -0.142315
v 0.648195 -0.748057 -0.142315
v 0.748057 -0.648195 -0.142315
v 0.832691 -0.535138 -0.142315
v 0.900373 -0.411187 -0.142315
v 0.949727 -0.278865 -0.142315
v 0.979746 -0.140866 -0.142315
v 0.989821 0.000000 -0.142315
v 0.979746 0.140866 -0.142315
v 0.949727 0.278865 -0.142315
v 0.900373 0.411187 -0.142315
v 0.832691 0.535138 -0.142315
v 0.748057 0.648195 -0.142315
v 0.648195 0.748057 -0.142315
v 0.535138 0.832691 -0.142315
v 0.411187 0.900373 -0.142315
v 0.278865 0.949727 -0.142315
v 0.140866 0.979746 -0.142315
v 0.000000 0.989821 -0.142315
v 0.000000 -0.977147 -0.212565
v 0.139062 -0.967201 -0.212565
v 0.275294 -0.937566 -0.212565
v 0.405921 -0.888844 -0.212565
v 0.528285 -0.822028 -0.212565
v 0.639895 -0.738478 -0.212565
v 0.738478 -0.639895 -0.212565
v 0.822028 -0.528285 -0.212565
v 0.888844 -0.405921 -0.212565
v 0.937566 -0.275294 -0.212565
v 0.967201 -0.139062 -0.212565
v 0.977147 0.000000 -0.212565
v 0.967201 0.139062 -0.212565
v 0.937566 0.275294 -0.212565
v 0.888844 0.405921 -0.212565
v 0.822028 0.528285 -0.212565
v 0.738478 0.639895 -0.212565
v 0.639895 0.738478 -0.212565
v 0.528285 0.822028 -0.212565
v 0.405921 0.888844 -0.212565
v 0.275294 0.937566 -0.212565
v 0.139062 0.967201 -0.212565
v 0.000000 0.977147 -0.212565
v 0.000000 -0.959493 -0.281733
v 0.136550 -0.949727 -0.281733
v 0.270320 -0.920627 -0.281733
v 0.398588 -0.872786 -0.281733
v 0.518741 -0.807177 -0.281733
v 0.628334 -0.725136 -0.281733
v 0.725136 -0.628334 -0.281733
v 0.807177 -0.518741 -0.281733
v 0.872786 -0.398588 -0.281733
v 0.920627 -0.270320 -0.281733
v 0.949727 -0.136550 -0.281733
v 0.959493 0.000000 -0.281733
v 0.949727 0.136550 -0.281733
v 0.920627 0.270320 -0.281733
v 0.872786 0.398588 -0.281733
v 0.807177 0.518741 -0.281733
v 0.725136 0.628334 -0.281733
v 0.628334 0.725136 -0.281733
v 0.518741 0.807177 -0.281733
v 0.398588 0.872786 -0.281733
v 0.270320 0.920627 -0.281733
v 0.136550 0.949727 -0.281733
v 0.000000 0.959493 -0.281733
v 0.000000 -0.936950 -0.349464
v 0.133342 -0.927413 -0.349464
v 0.263969 -0.898997 -0.349464
v 0.389223 -0.852279 -0.349464
v 0.506553 -0.788212 -0.349464
v 0.613572 -0.708099 -0.349464
v 0.708099 -0.613572 -0.349464
v 0.788212 -0.506553 -0.349464
v 0.852279 -0.389223 -0.349464
v 0.898997 -0.263969 -0.349464
v 0.927413 -0.133342 -0.349464
v 0.936950 0.000000 -0.349464
v 0.927413 0.133342 -0.349464
v 0.898997 0.263969 -0.349464
v 0.852279 0.389223 -0.349464
v 0.788212 0.506553 -0.349464
v 0.708099 0.613572 -0.349464
v 0.613572 0.708099 -0.349464
v 0.506553 0.788212 -0.349464
v 0.389223 0.852279 -0.349464
v 0.263969 0.898997 -0.349464
v 0.133342 0.927413 -0.349464
v 0.000000 0.936950 -0.349464
v 0.000000 -0.909632 -0.415415
v 0.129454 -0.900373 -0.415415
v 0.256273 -0.872786 -0.415415
v 0.377875 -0.827430 -0.415415
v 0.491784 -0.765231 -0.415415
v 0.595682 -0.687454 -0.415415
v 0.687454 -0.595682 -0.415415
v 0.765231 -0.491784 -0.415415
v 0.827430 -0.377875 -0.415415
v 0.872786 -0.256273 -0.415415
v 0.900373 -0.129454 -0.415415
v 0.909632 0.000000 -0.415415
v 0.900373 0.129454 -0.415415
v 0.872786 0.256273 -0.415415
v 0.827430 0.377875 -0.415415
v 0.765231 0.491784 -0.415415
v 0.687454 0.595682 -0.415415
v 0.595682 0.687454 -0.415415
v 0.491784 0.765231 -0.415415
v 0.377875 0.827430 -0.415415
v 0.256273 0.872786 -0.415415
v 0.129454 0.900373 -0.415415
v 0.000000 0.909632 -0.415415
v 0.000000 -0.877679 -0.479249
v 0.124907 -0.868745 -0.479249
v 0.247271 -0.842127 -0.479249
v 0.364601 -0.798365 -0.479249
v 0.474509 -0.738351 -0.479249
v 0.574758 -0.663306 -0.479249
v 0.663306 -0.574758 -0.479249
v 0.738351 -0.474509 -0.479249
v 0.798365 -0.364601 -0.479249
v 0.842127 -0.247271 -0.479249
v 0.868745 -0.124907 -0.479249
v 0.877679 0.000000 -0.479249
v 0.868745 0.124907 -0.479249
v 0.842127 0.247271 -0.479249
v 0.798365 0.364601 -0.479249
v 0.738351 0.474509 -0.479249
v 0.663306 0.574758 -0.479249
v 0.574758 0.663306 -0.479249
v 0.474509 0.738351 -0.479249
v 0.364601 0.798365 -0.479249
v 0.247271 0.842127 -0.479249
v 0.124907 0.868745 -0.479249
v 0.000000 0.877679 -0.479249
v 0.000000 -0.841254 -0.540641
v 0.119723 -0.832691 -0.540641
v 0.237009 -0.807177 -0.540641
v 0.349469 -0.765231 -0.540641
v 0.454816 -0.707708 -0.540641
v 0.550904 -0.635777 -0.540641
v 0.635777 -0.550904 -0.540641
v 0.707708 -0.454816 -0.540641
v 0.765231 -0.349469 -0.540641
v 0.807177 -0.237009 -0.540641
v 0.832691 -0.119723 -0.540641
v 0.841254 0.000000 -0.540641
v 0.832691 0.119723 -0.540641
v 0.807177 0.237009 -0.540641
v 0.765231 0.349469 -0.540641
v 0.707708 0.454816 -0.540641
v 0.635777 0.550904 -0.540641
v 0.550904 0.635777 -0.540641
v 0.454816 0.707708 -0.540641
v 0.349469 0.765231 -0.540641
v 0.237009 0.807177 -0.540641
v 0.119723 0.832691 -0.540641
v 0.000000 0.841254 -0.540641
v 0.000000 -0.800541 -0.599278
v 0.113929 -0.792393 -0.599278
v 0.225539 -0.768114 -0.599278
v 0.332557 -0.728198 -0.599278
v 0.432805 -0.673458 -0.599278
v 0.524243 -0.605009 -0.599278
v 0.605009 -0.524243 -0.599278
v 0.673458 -0.432805 -0.599278
v 0.728198 -0.332557 -0.599278
v 0.768114 -0.225539 -0.599278
v 0.792393 -0.113929 -0.599278
v 0.800541 0.000000 -0.599278
v 0.792393 0.113929 -0.599278
v 0.768114 0.225539 -0.599278
v 0.728198 0.332557 -0.599278
v 0.673458 0.432805 -0.599278
v 0.605009 0.524243 -0.599278
v 0.524243 0.605009 -0.599278
v 0.432805 0.673458 -0.599278
v 0.332557 0.728198 -0.599278
v 0.225539 0.768114 -0.599278
v 0.113929 0.792393 -0.599278
v 0.000000 0.800541 -0.599278
v 0.000000 -0.755750 -0.654861
v 0.107554 -0.748057 -0.654861
v 0.212919 -0.725136 -0.654861
v 0.313950 -0.687454 -0.654861
v 0.408589 -0.635777 -0.654861
v 0.494911 -0.571157 -0.654861
v 0.571157 -0.494911 -0.654861
v 0.635777 -0.408589 -0.654861
v 0.687454 -0.313950 -0.654861
v 0.725136 -0.212919 -0.654861
v 0.748057 -0.107554 -0.654861
v 0.755750 0.000000 -0.654861
v 0.748057 0.107554 -0.654861
v 0.725136 0.212919 -0.654861
v 0.687454 0.313950 -0.654861
v 0.635777 0.408589 -0.654861
v 0.571157 0.494911 -0.654861
v 0.494911 0.571157 -0.654861
v 0.408589 0.635777 -0.654861
v 0.313950 0.687454 -0.654861
v 0.212919 0.725136 -0.654861
v 0.107554 0.748057 -0.654861
v 0.000000 0.755750 -0.654861
v 0.000000 -0.707107 -0.707107
v 0.100632 -0.699909 -0.707107
v 0.199215 -0.678464 -0.707107
v 0.293743 -0.643207 -0.707107
v 0.382291 -0.594856 -0.707107
v 0.463056 -0.534396 -0.707107
v 0.534396 -0.463056 -0.707107
v 0.594856 -0.382291 -0.707107
v 0.643207 -0.293743 -0.707107
v 0.678464 -0.199215 -0.707107
v 0.699909 -0.100632 -0.707107
v 0.707107 0.000000 -0.707107
v 0.699909 0.100632 -0.707107
v 0.678464 0.199215 -0.707107
v 0.643207 0.293743 -0.707107
v 0.594856 0.382291 -0.707107
v 0.534396 0.463056 -0.707107
v 0.463056 0.534396 -0.707107
v 0.382291 0.594856 -0.707107
v 0.293743 0.643207 -0.707107
v 0.199215 0.678464 -0.707107
v 0.100632 0.699909 -0.707107
v 0.000000 0.707107 -0.707107
v 0.000000 -0.654861 -0.755750
v 0.093196 -0.648195 -0.755750
v 0.184496 -0.628334 -0.755750
v 0.272039 -0.595682 -0.755750
v 0.354044 -0.550904 -0.755750
v 0.428843 -0.494911 -0.755750
v 0.494911 -0.428843 -0.755750
v 0.550904 -0.354044 -0.755750
v 0.595682 -0.272039 -0.755750
v 0.628334 -0.184496 -0.755750
v 0.648195 -0.093196 -0.755750
v 0.654861 0.000000 -0.755750
v 0.648195 0.093196 -0.755750
v 0.628334 0.184496 -0.755750
v 0.595682 0.272039 -0.755750
v 0.550904 0.354044 -0.755750
v 0.494911 0.428843 -0.755750
v 0.428843 0.494911 -0.755750
v 0.354044 0.550904 -0.755750
v 0.272039 0.595682 -0.755750
v 0.184496 0.628334 -0.755750
v 0.093196 0.648195 -0.755750
v 0.000000 0.654861 -0.755750
v 0.000000 -0.599278 -0.800541
v 0.085286 -0.593178 -0.800541
v 0.168836 -0.575003 -0.800541
v 0.248949 -0.545122 -0.800541
v 0.323994 -0.504144 -0.800541
v 0.392443 -0.452904 -0.800541
v 0.452904 -0.392443 -0.800541
v 0.504144 -0.323994 -0.800541
v 0.545122 -0.248949 -0.800541
v 0.575003 -0.168836 -0.800541
v 0.593178 -0.085286 -0.800541
v 0.599278 0.000000 -0.800541
v 0.593178 0.085286 -0.800541
v 0.575003 0.168836 -0.800541
v 0.545122 0.248949 -0.800541
v 0.504144 0.323994 -0.800541
v 0.452904 0.392443 -0.800541
v 0.392443 0.452904 -0.800541
v 0.323994 0.504144 -0.800541
v 0.248949 0.545122 -0.800541
v 0.168836 0.575003 -0.800541
v 0.085286 0.593178 -0.800541
v 0.000000 0.599278 -0.800541
v 0.000000 -0.540641 -0.841254
v 0.076941 -0.535138 -0.841254
v 0.152316 -0.518741 -0.841254
v 0.224590 -0.491784 -0.841254
v 0.292292 -0.454816 -0.841254
v 0.354044 -0.408589 -0.841254
v 0.408589 -0.354044 -0.841254
v 0.454816 -0.292292 -0.841254
v 0.491784 -0.224590 -0.841254
v 0.518741 -0.152316 -0.841254
v 0.535138 -0.076941 -0.841254
v 0.540641 0.000000 -0.841254
v 0.535138 0.076941 -0.841254
v 0.518741 0.152316 -0.841254
v 0.491784 0.224590 -0.841254
v 0.454816 0.292292 -0.841254
v 0.408589 0.354044 -0.841254
v 0.354044 0.408589 -0.841254
v 0.292292 0.454816 -0.841254
v 0.224590 0.491784 -0.841254
v 0.152316 0.518741 -0.841254
v 0.076941 0.535138 -0.841254
v 0.000000 0.540641 -0.841254
v 0.000000 -0.479249 -0.877679
v 0.068204 -0.474371 -0.877679
v 0.135020 -0.459836 -0.877679
v 0.199087 -0.435940 -0.877679
v 0.259102 -0.403170 -0.877679
v 0.313841 -0.362192 -0.877679
v 0.362192 -0.313841 -0.877679
v 0.403170 -0.259102 -0.877679
v 0.435940 -0.199087 -0.877679
v 0.459836 -0.135020 -0.877679
v 0.474371 -0.068204 -0.877679
v 0.479249 0.000000 -0.877679
v 0.474371 0.068204 -0.877679
v 0.459836 0.135020 -0.877679
v 0.435940 0.199087 -0.877679
v 0.403170 0.259102 -0.877679
v 0.362192 0.313841 -0.877679
v 0.313841 0.362192 -0.877679
v 0.259102 0.403170 -0.877679
v 0.199087 0.435940 -0.877679
v 0.135020 0.459836 -0.877679
v 0.068204 0.474371 -0.877679
v 0.000000 0.479249 -0.877679
v 0.000000 -0.415415 -0.909632
v 0.059120 -0.411187 -0.909632
v 0.117036 -0.398588 -0.909632
v 0.172570 -0.377875 -0.909632
v 0.224590 -0.349469 -0.909632
v 0.272039 -0.313950 -0.909632
v 0.313950 -0.272039 -0.909632
v 0.349469 -0.224590 -0.909632
v 0.377875 -0.172570 -0.909632
v 0.398588 -0.117036 -0.909632
v 0.411187 -0.059120 -0.909632
v 0.415415 0.000000 -0.909632
v 0.411187 0.059120 -0.909632
v 0.398588 0.117036 -0.909632
v 0.377875 0.172570 -0.909632
v 0.349469 0.224590 -0.909632
v 0.313950 0.272039 -0.909632
v 0.272039 0.313950 -0.909632
v 0.224590 0.349469 -0.909632
v 0.172570 0.377875 -0.909632
v 0.117036 0.398588 -0.909632
v 0.059120 0.411187 -0.909632
v 0.000000 0.415415 -0.909632
v 0.000000 -0.349464 -0.936950
v 0.049734 -0.345907 -0.936950
v 0.098455 -0.335308 -0.936950
v 0.145173 -0.317884 -0.936950
v 0.188935 -0.293988 -0.936950
v 0.228850 -0.264107 -0.936950
v 0.264107 -0.228850 -0.936950
v 0.293988 -0.188935 -0.936950
v 0.317884 -0.145173 -0.936950
v 0.335308 -0.098455 -0.936950
v 0.345907 -0.049734 -0.936950
v 0.349464 0.000000 -0.936950
v 0.345907 0.049734 -0.936950
v 0.335308 0.098455 -0.936950
v 0.317884 0.145173 -0.936950
v 0.293988 0.188935 -0.936950
v 0.264107 0.228850 -0.936950
v 0.228850 0.264107 -0.936950
v 0.188935 0.293988 -0.936950
v 0.145173 0.317884 -0.936950
v 0.098455 0.335308 -0.936950
v 0.049734 0.345907 -0.936950
v 0.000000 0.349464 -0.936950
v 0.000000 -0.281733 -0.959493
v 0.040095 -0.278865 -0.959493
v 0.079373 -0.270320 -0.959493
v 0.117036 -0.256273 -0.959493
v 0.152316 -0.237009 -0.959493
v 0.184496 -0.212919 -0.959493
v 0.212919 -0.184496 -0.959493
v 0.237009 -0.152316 -0.959493
v 0.256273 -0.117036 -0.959493
v 0.270320 -0.079373 -0.959493
v 0.278865 -0.040095 -0.959493
v 0.281733 0.000000 -0.959493
v 0.278865 0.040095 -0.959493
v 0.270320 0.079373 -0.959493
v 0.256273 0.117036 -0.959493
v 0.237009 0.152316 -0.959493
v 0.212919 0.184496 -0.959493
v 0.184496 0.212919 -0.959493
v 0.152316 0.237009 -0.959493
v 0.117036 0.256273 -0.959493
v 0.079373 0.270320 -0.959493
v 0.040095 0.278865 -0.959493
v 0.000000 0.281733 -0.959493
v 0.000000 -0.212565 -0.977147
v 0.030251 -0.210402 -0.977147
v 0.059887 -0.203955 -0.977147
v 0.088303 -0.193356 -0.977147
v 0.114921 -0.178821 -0.977147
v 0.139201 -0.160646 -0.977147
v 0.160646 -0.139201 -0.977147
v 0.178821 -0.114921 -0.977147
v 0.193356 -0.088303 -0.977147
v 0.203955 -0.059887 -0.977147
v 0.210402 -0.030251 -0.977147
v 0.212565 0.000000 -0.977147
v 0.210402 0.030251 -0.977147
v 0.203955 0.059887 -0.977147
v 0.193356 0.088303 -0.977147
v 0.178821 0.114921 -0.977147
v 0.160646 0.139201 -0.977147
v 0.139201 0.160646 -0.977147
v 0.114921 0.178821 -0.977147
v 0.088303 0.193356 -0.977147
v 0.059887 0.203955 -0.977147
v 0.030251 0.210402 -0.977147
v 0.000000 0.212565 -0.977147
v 0.000000 -0.142315 -0.989821
v 0.020254 -0.140866 -0.989821
v 0.040095 -0.136550 -0.989821
v 0.059120 -0.129454 -0.989821
v 0.076941 -0.119723 -0.989821
v 0.093196 -0.107554 -0.989821
v 0.107554 -0.093196 -0.989821
v 0.119723 -0.076941 -0.989821
v 0.129454 -0.059120 -0.989821
v 0.136550 -0.040095 -0.989821
v 0.140866 -0.020254 -0.989821
v 0.142315 0.000000 -0.989821
v 0.140866 0.020254 -0.989821
v 0.136550 0.040095 -0.989821
v 0.129454 0.059120 -0.989821
v 0.119723 0.076941 -0.989821
v 0.107554 0.093196 -0.989821
v 0.093196 0.107554 -0.989821
v 0.076941 0.119723 -0.989821
v 0.059120 0.129454 -0.989821
v 0.040095 0.136550 -0.989821
v 0.020254 0.140866 -0.989821
v 0.000000 0.142315 -0.989821
v 0.000000 -0.071339 -0.997452
v 0.010153 -0.070613 -0.997452
v 0.020099 -0.068449 -0.997452
v 0.029635 -0.064892 -0.997452
v 0.038569 -0.060014 -0.997452
v 0.046717 -0.053915 -0.997452
v 0.053915 -0.046717 -0.997452
v 0.060014 -0.038569 -0.997452
v 0.064892 -0.029635 -0.997452
v 0.068449 -0.020099 -0.997452
v 0.070613 -0.010153 -0.997452
v 0.071339 0.000000 -0.997452
v 0.070613 0.010153 -0.997452
v 0.068449 0.020099 -0.997452
v 0.064892 0.029635 -0.997452
v 0.060014 0.038569 -0.997452
v 0.053915 0.046717 -0.997452
v 0.046717 0.053915 -0.997452
v 0.038569 0.060014 -0.997452
v 0.029635 0.064892 -0.997452
v 0.020099 0.068449 -0.997452
v 0.010153 0.070613 -0.997452
v 0.000000 0.071339 -0.997452
v 0.000000 0.000000 1.000000
v -0.000000 0.000000 1.000000
v -0.000000 0.000000 1.000000
v -0.000000 0.000000 1.000000
v -0.000000 0.000000 1.000000
v -0.000000 0.000000 1.000000
v -0.000000 0.000000 1.000000
v -0.000000 0.000000 1.000000
v -0.000000 -0.000000 1.000000
v -0.000000 -0.000000 1.000000
v -0.000000 -0.000000 1.000000
v -0.000000 -0.000000 1.000000
v -0.000000 -0.000000 1.000000
v -0.000000 -0.000000 1.000000
v -0.000000 -0.000000 1.000000
v -0.000000 -0.000000 1.000000
v 0.000000 0.104528 0.994522
v -0.021733 0.102244 0.994522
v -0.042516 0.095492 0.994522
v -0.061440 0.084565 0.994522
v -0.077680 0.069943 0.994522
v -0.090524 0.052264 0.994522
v -0.099412 0.032301 0.994522
v -0.103956 0.010926 0.994522
v -0.103956 -0.010926 0.994522
v -0.099412 -0.032301 0.994522
v -0.090524 -0.052264 0.994522
v -0.077680 -0.069943 0.994522
v -0.061440 -0.084565 0.994522
v -0.042516 -0.095492 0.994522
v -0.021733 -0.102244 0.994522
v -0.000000 -0.104528 0.994522
v 0.000000 0.207912 0.978148
v -0.043227 0.203368 0.978148
v -0.084565 0.189937 0.978148
v -0.122207 0.168204 0.978148
v -0.154508 0.139120 0.978148
v -0.180057 0.103956 0.978148
v -0.197736 0.064248 0.978148
v -0.206773 0.021733 0.978148
v -0.206773 -0.021733 0.978148
v -0.197736 -0.064248 0.978148
v -0.180057 -0.103956 0.978148
v -0.154508 -0.139120 0.978148
v -0.122207 -0.168204 0.978148
v -0.084565 -0.189937 0.978148
v -0.043227 -0.203368 0.978148
v -0.000000 -0.207912 0.978148
v 0.000000 0.309017 0.951057
v -0.064248 0.302264 0.951057
v -0.125689 0.282301 0.951057
v -0.181636 0.250000 0.951057
v -0.229644 0.206773 0.951057
v -0.267617 0.154508 0.951057
v -0.293893 0.095492 0.951057
v -0.307324 0.032301 0.951057
v -0.307324 -0.032301 0.951057
v -0.293893 -0.095492 0.951057
v -0.267617 -0.154508 0.951057
v -0.229644 -0.206773 0.951057
v -0.181636 -0.250000 0.951057
v -0.125689 -0.282301 0.951057
v -0.064248 -0.302264 0.951057
v -0.000000 -0.309017 0.951057
v 0.000000 0.406737 0.913545
v -0.084565 0.397848 0.913545
v -0.165435 0.371572 0.913545
v -0.239074 0.329057 0.913545
v -0.302264 0.272160 0.913545
v -0.352244 0.203368 0.913545
v -0.386830 0.125689 0.913545
v -0.404508 0.042516 0.913545
v -0.404508 -0.042516 0.913545
v -0.386830 -0.125689 0.913545
v -0.352244 -0.203368 0.913545
v -0.302264 -0.272160 0.913545
v -0.239074 -0.329057 0.913545
v -0.165435 -0.371572 0.913545
v -0.084565 -0.397848 0.913545
v -0.000000 -0.406737 0.913545
v 0.000000 0.500000 0.866025
v -0.103956 0.489074 0.866025
v -0.203368 0.456773 0.866025
v -0.293893 0.404508 0.866025
v -0.371572 0.334565 0.866025
v -0.433013 0.250000 0.866025
v -0.475528 0.154508 0.866025
v -0.497261 0.052264 0.866025
v -0.497261 -0.052264 0.866025
v -0.475528 -0.154508 0.866025
v -0.433013 -0.250000 0.866025
v -0.371572 -0.334565 0.866025
v -0.293893 -0.404508 0.866025
v -0.203368 -0.456773 0.866025
v -0.103956 -0.489074 0.866025
v -0.000000 -0.500000 0.866025
v 0.000000 0.587785 0.809017
v -0.122207 0.574941 0.809017
v -0.239074 0.536969 0.809017
v -0.345492 0.475528 0.809017
v -0.436810 0.393305 0.809017
v -0.509037 0.293893 0.809017
v -0.559017 0.181636 0.809017
v -0.584565 0.061440 0.809017
v -0.584565 -0.061440 0.809017
v -0.559017 -0.181636 0.809017
v -0.509037 -0.293893 0.809017
v -0.436810 -0.393305 0.809017
v -0.345492 -0.475528 0.809017
v -0.239074 -0.536969 0.809017
v -0.122207 -0.574941 0.809017
v -0.000000 -0.587785 0.809017
v 0.000000 0.669131 0.743145
v -0.139120 0.654508 0.743145
v -0.272160 0.611281 0.743145
v -0.393305 0.541338 0.743145
v -0.497261 0.447736 0.743145
v -0.579484 0.334565 0.743145
v -0.636381 0.206773 0.743145
v -0.665465 0.069943 0.743145
v -0.665465 -0.069943 0.743145
v -0.636381 -0.206773 0.743145
v -0.579484 -0.334565 0.743145
v -0.497261 -0.447736 0.743145
v -0.393305 -0.541338 0.743145
v -0.272160 -0.611281 0.743145
v -0.139120 -0.654508 0.743145
v -0.000000 -0.669131 0.743145
v 0.000000 0.743145 0.669131
v -0.154508 0.726905 0.669131
v -0.302264 0.678897 0.669131
v -0.436810 0.601217 0.669131
v -0.552264 0.497261 0.669131
v -0.643582 0.371572 0.669131
v -0.706773 0.229644 0.669131
v -0.739074 0.077680 0.669131
v -0.739074 -0.077680 0.669131
v -0.706773 -0.229644 0.669131
v -0.643582 -0.371572 0.669131
v -0.552264 -0.497261 0.669131
v -0.436810 -0.601217 0.669131
v -0.302264 -0.678897 0.669131
v -0.154508 -0.726905 0.669131
v -0.000000 -0.743145 0.669131
v 0.000000 0.809017 0.587785
v -0.168204 0.791338 0.587785
v -0.329057 0.739074 0.587785
v -0.475528 0.654508 0.587785
v -0.601217 0.541338 0.587785
v -0.700629 0.404508 0.587785
v -0.769421 0.250000 0.587785
v -0.804585 0.084565 0.587785
v -0.804585 -0.084565 0.587785
v -0.769421 -0.250000 0.587785
v -0.700629 -0.404508 0.587785
v -0.601217 -0.541338 0.587785
v -0.475528 -0.654508 0.587785
v -0.329057 -0.739074 0.587785
v -0.168204 -0.791338 0.587785
v -0.000000 -0.809017 0.587785
v 0.000000 0.866025 0.500000
v -0.180057 0.847101 0.500000
v -0.352244 0.791154 0.500000
v -0.509037 0.700629 0.500000
v -0.643582 0.579484 0.500000
v -0.750000 0.433013 0.500000
v -0.823639 0.267617 0.500000
v -0.861281 0.090524 0.500000
v -0.861281 -0.090524 0.500000
v -0.823639 -0.267617 0.500000
v -0.750000 -0.433013 0.500000
v -0.643582 -0.579484 0.500000
v -0.509037 -0.700629 0.500000
v -0.352244 -0.791154 0.500000
v -0.180057 -0.847101 0.500000
v -0.000000 -0.866025 0.500000
v 0.000000 0.913545 0.406737
v -0.189937 0.893582 0.406737
v -0.371572 0.834565 0.406737
v -0.536969 0.739074 0.406737
v -0.678897 0.611281 0.406737
v -0.791154 0.456773 0.406737
v -0.868833 0.282301 0.406737
v -0.908541 0.095492 0.406737
v -0.908541 -0.095492 0.406737
v -0.868833 -0.282301 0.406737
v -0.791154 -0.456773 0.406737
v -0.678897 -0.611281 0.406737
v -0.536969 -0.739074 0.406737
v -0.371572 -0.834565 0.406737
v -0.189937 -0.893582 0.406737
v -0.000000 -0.913545 0.406737
v 0.000000 0.951057 0.309017
v -0.197736 0.930274 0.309017
v -0.386830 0.868833 0.309017
v -0.559017 0.769421 0.309017
v -0.706773 0.636381 0.309017
v -0.823639 0.475528 0.309017
v -0.904508 0.293893 0.309017
v -0.945847 0.099412 0.309017
v -0.945847 -0.099412 0.309017
v -0.904508 -0.293893 0.309017
v -0.823639 -0.475528 0.309017
v -0.706773 -0.636381 0.309017
v -0.559017 -0.769421 0.309017
v -0.386830 -0.868833 0.309017
v -0.197736 -0.930274 0.309017
v -0.000000 -0.951057 0.309017
v 0.000000 0.978148 0.207912
v -0.203368 0.956773 0.207912
v -0.397848 0.893582 0.207912
v -0.574941 0.791338 0.207912
v -0.726905 0.654508 0.207912
v -0.847101 0.489074 0.207912
v -0.930274 0.302264 0.207912
v -0.972789 0.102244 0.207912
v -0.972789 -0.102244 0.207912
v -0.930274 -0.302264 0.207912
v -0.847101 -0.489074 0.207912
v -0.726905 -0.654508 0.207912
v -0.574941 -0.791338 0.207912
v -0.397848 -0.893582 0.207912
v -0.203368 -0.956773 0.207912
v -0.000000 -0.978148 0.207912
v 0.000000 0.994522 0.104528
v -0.206773 0.972789 0.104528
v -0.404508 0.908541 0.104528
v -0.584565 0.804585 0.104528
v -0.739074 0.665465 0.104528
v -0.861281 0.497261 0.104528
v -0.945847 0.307324 0.104528
v -0.989074 0.103956 0.104528
v -0.989074 -0.103956 0.104528
v -0.945847 -0.307324 0.104528
v -0.861281 -0.497261 0.104528
v -0.739074 -0.665465 0.104528
v -0.584565 -0.804585 0.104528
v -0.404508 -0.908541 0.104528
v -0.206773 -0.972789 0.104528
v -0.000000 -0.994522 0.104528
v 0.000000 1.000000 0.000000
v -0.207912 0.978148 0.000000
v -0.406737 0.913545 0.000000
v -0.587785 0.809017 0.000000
v -0.743145 0.669131 0.000000
v -0.866025 0.500000 0.000000
v -0.951057 0.309017 0.000000
v -0.994522 0.104528 0.000000
v -0.994522 -0.104528 0.000000
v -0.951057 -0.309017 0.000000
v -0.866025 -0.500000 0.000000
v -0.743145 -0.669131 0.000000
v -0.587785 -0.809017 0.000000
v -0.406737 -0.913545 0.000000
v -0.207912 -0.978148 0.000000
v -0.000000 -1.000000 0.000000
v 0.000000 0.994522 -0.104528
v -0.206773 0.972789 -0.104528
v -0.404508 0.908541 -0.104528
v -0.584565 0.804585 -0.104528
v -0.739074 0.665465 -0.104528
v -0.861281 0.497261 -0.104528
v -0.945847 0.307324 -0.104528
v -0.989074 0.103956 -0.104528
v -0.989074 -0.103956 -0.104528
v -0.945847 -0.307324 -0.104528
v -0.861281 -0.497261 -0.104528
v -0.739074 -0.665465 -0.104528
v -0.584565 -0.804585 -0.104528
v -0.404508 -0.908541 -0.104528
v -0.206773 -0.972789 -0.104528
v -0.000000 -0.994522 -0.104528
v 0.000000 0.978148 -0.207912
v -0.203368 0.956773 -0.207912
v -0.397848 0.893582 -0.207912
v -0.574941 0.791338 -0.207912
v -0.726905 0.654508 -0.207912
v -0.847101 0.489074 -0.207912
v -0.930274 0.302264 -0.207912
v -0.972789 0.102244 -0.207912
v -0.972789 -0.102244 -0.207912
v -0.930274 -0.302264 -0.207912
v -0.847101 -0.489074 -0.207912
v -0.726905 -0.654508 -0.207912
v -0.574941 -0.791338 -0.207912
v -0.397848 -0.893582 -0.207912
v -0.203368 -0.956773 -0.207912
v -0.000000 -0.978148 -0.207912
v 0.000000 0.951057 -0.309017
v -0.197736 0.930274 -0.309017
v -0.386830 0.868833 -0.309017
v -0.559017 0.769421 -0.309017
v -0.706773 0.636381 -0.309017
v -0.823639 0.475528 -0.309017
v -0.904508 0.293893 -0.309017
v -0.945847 0.099412 -0.309017
v -0.945847 -0.099412 -0.309017
v -0.904508 -0.293893 -0.309017
v -0.823639 -0.475528 -0.309017
v -0.706773 -0.636381 -0.309017
v -0.559017 -0.769421 -0.309017
v -0.386830 -0.868833 -0.309017
v -0.197736 -0.930274 -0.309017
v -0.000000 -0.951057 -0.309017
v 0.000000 0.913545 -0.406737
v -0.189937 0.893582 -0.406737
v -0.371572 0.834565 -0.406737
v -0.536969 0.739074 -0.406737
v -0.678897 0.611281 -0.406737
v -0.791154 0.456773 -0.406737
v -0.868833 0.282301 -0.406737
v -0.908541 0.095492 -0.406737
v -0.908541 -0.095492 -0.406737
v -0.868833 -0.282301 -0.406737
v -0.791154 -0.456773 -0.406737
v -0.678897 -0.611281 -0.406737
v -0.536969 -0.739074 -0.406737
v -0.371572 -0.834565 -0.406737
v -0.189937 -0.893582 -0.406737
v -0.000000 -0.913545 -0.406737
v 0.000000 0.866025 -0.500000
v -0.180057 0.847101 -0.500000
v -0.352244 0.791154 -0.500000
v -0.509037 0.700629 -0.500000
v -0.643582 0.579484 -0.500000
v -0.750000 0.433013 -0.500000
v -0.823639 0.267617 -0.500000
v -0.861281 0.090524 -0.500000
v -0.861281 -0.090524 -0.500000
v -0.823639 -0.267617 -0.500000
v -0.750000 -0.433013 -0.500000
v -0.643582 -0.579484 -0.500000
v -0.509037 -0.700629 -0.500000
v -0.352244 -0.791154 -0.500000
v -0.180057 -0.847101 -0.500000
v -0.000000 -0.866025 -0.500000
v 0.000000 0.809017 -0.587785
v -0.168204 0.791338 -0.587785
v -0.329057 0.739074 -0.587785
v -0.475528 0.654508 -0.587785
v -0.601217 0.541338 -0.587785
v -0.700629 0.404508 -0.587785
v -0.769421 0.250000 -0.587785
v -0.804585 0.084565 -0.587785
v -0.804585 -0.084565 -0.587785
v -0.769421 -0.250000 -0.587785
v -0.700629 -0.404508 -0.587785
v -0.601217 -0.541338 -0.587785
v -0.475528 -0.654508 -0.587785
v -0.329057 -0.739074 -0.587785
v -0.168204 -0.791338 -0.587785
v -0.000000 -0.809017 -0.587785
v 0.000000 0.743145 -0.669131
v -0.154508 0.726905 -0.669131
v -0.302264 0.678897 -0.669131
v -0.436810 0.601217 -0.669131
v -0.552264 0.497261 -0.669131
v -0.643582 0.371572 -0.669131
v -0.706773 0.229644 -0.669131
v -0.739074 0.077680 -0.669131
v -0.739074 -0.077680 -0.669131
v -0.706773 -0.229644 -0.669131
v -0.643582 -0.371572 -0.669131
v -0.552264 -0.497261 -0.669131
v -0.436810 -0.601217 -0.669131
v -0.302264 -0.678897 -0.669131
v -0.154508 -0.726905 -0.669131
v -0.000000 -0.743145 -0.669131
v 0.000000 0.669131 -0.743145
v -0.139120 0.654508 -0.743145
v -0.272160 0.611281 -0.743145
v -0.393305 0.541338 -0.743145
v -0.497261 0.447736 -0.743145
v -0.579484 0.334565 -0.743145
v -0.636381 0.206773 -0.743145
v -0.665465 0.069943 -0.743145
v -0.665465 -0.069943 -0.743145
v -0.636381 -0.206773 -0.743145
v -0.579484 -0.334565 -0.743145
v -0.497261 -0.447736 -0.743145
v -0.393305 -0.541338 -0.743145
v -0.272160 -0.611281 -0.743145
v -0.139120 -0.654508 -0.743145
v -0.000000 -0.669131 -0.743145
v 0.000000 0.587785 -0.809017
v -0.122207 0.574941 -0.809017
v -0.239074 0.536969 -0.809017
v -0.345492 0.475528 -0.809017
v -0.436810 0.393305 -0.809017
v -0.509037 0.293893 -0.809017
v -0.559017 0.181636 -0.809017
v -0.584565 0.061440 -0.809017
v -0.584565 -0.061440 -0.809017
v -0.559017 -0.181636 -0.809017
v -0.509037 -0.293893 -0.809017
v -0.436810 -0.393305 -0.809017
v -0.345492 -0.475528 -0.809017
v -0.239074 -0.536969 -0.809017
v -0.122207 -0.574941 -0.809017
v -0.000000 -0.587785 -0.809017
v 0.000000 0.500000 -0.866025
v -0.103956 0.489074 -0.866025
v -0.203368 0.456773 -0.866025
v -0.293893 0.404508 -0.866025
v -0.371572 0.334565 -0.866025
v -0.433013 0.250000 -0.866025
v -0.475528 0.154508 -0.866025
v -0.497261 0.052264 -0.866025
v -0.497261 -0.052264 -0.866025
v -0.475528 -0.154508 -0.866025
v -0.433013 -0.250000 -0.866025
v -0.371572 -0.334565 -0.866025
v -0.293893 -0.404508 -0.866025
v -0.203368 -0.456773 -0.866025
v -0.103956 -0.489074 -0.866025
v -0.000000 -0.500000 -0.866025
v 0.000000 0.406737 -0.913545
v -0.084565 0.397848 -0.913545
v -0.165435 0.371572 -0.913545
v -0.239074 0.329057 -0.913545
v -0.302264 0.272160 -0.913545
v -0.352244 0.203368 -0.913545
v -0.386830 0.125689 -0.913545
v -0.404508 0.042516 -0.913545
v -0.404508 -0.042516 -0.913545
v -0.386830 -0.125689 -0.913545
v -0.352244 -0.203368 -0.913545
v -0.302264 -0.272160 -0.913545
v -0.239074 -0.329057 -0.913545
v -0.165435 -0.371572 -0.913545
v -0.084565 -0.397848 -0.913545
v -0.000000 -0.406737 -0.913545
v 0.000000 0.309017 -0.951057
v -0.064248 0.302264 -0.951057
v -0.125689 0.282301 -0.951057
v -0.181636 0.250000 -0.951057
v -0.229644 0.206773 -0.951057
v -0.267617 0.154508 -0.951057
v -0.293893 0.095492 -0.951057
v -0.307324 0.032301 -0.951057
v -0.307324 -0.032301 -0.951057
v -0.293893 -0.095492 -0.951057
v -0.267617 -0.154508 -0.951057
v -0.229644 -0.206773 -0.951057
v -0.181636 -0.250000 -0.951057
v -0.125689 -0.282301 -0.951057
v -0.064248 -0.302264 -0.951057
v -0.000000 -0.309017 -0.951057
v 0.000000 0.207912 -0.978148
v -0.043227 0.203368 -0.978148
v -0.084565 0.189937 -0.978148
v -0.122207 0.168204 -0.978148
v -0.154508 0.139120 -0.978148
v -0.180057 0.103956 -0.978148
v -0.197736 0.064248 -0.978148
v -0.206773 0.021733 -0.978148
v -0.206773 -0.021733 -0.978148
v -0.197736 -0.064248 -0.978148
v -0.180057 -0.103956 -0.978148
v -0.154508 -0.139120 -0.978148
v -0.122207 -0.168204 -0.978148
v -0.084565 -0.189937 -0.978148
v -0.043227 -0.203368 -0.978148
v -0.000000 -0.207912 -0.978148
v 0.000000 0.104528 -0.994522
v -0.021733 0.102244 -0.994522
v -0.042516 0.095492 -0.994522
v -0.061440 0.084565 -0.994522
v -0.077680 0.069943 -0.994522
v -0.090524 0.052264 -0.994522
v -0.099412 0.032301 -0.994522
v -0.103956 0.010926 -0.994522
v -0.103956 -0.010926 -0.994522
v -0.099412 -0.032301 -0.994522
v -0.090524 -0.052264 -0.994522
v -0.077680 -0.069943 -0.994522
v -0.061440 -0.084565 -0.994522
v -0.042516 -0.095492 -0.994522
v -0.021733 -0.102244 -0.994522
v -0.000000 -0.104528 -0.994522

# Vertex Normals
vn 0.000000 -0.000000 1.000000
vn 0.000000 -0.000000 1.000000
vn 0.000000 -0.000000 1.000000
vn 0.000000 -0.000000 1.000000
vn 0.000000 -0.000000 1.000000
vn 0.000000 -0.000000 1.000000
vn 0.000000 -0.000000 1.000000
vn 0.000000 -0.000000 1.000000
vn 0.000000 -0.000000 1.000000
vn 0.000000 -0.000000 1.000000
vn 0.000000 -0.000000 1.000000
vn 0.000000 0.000000 1.000000
vn 0.000000 0.000000 1.000000
vn 0.000000 0.000000 1.000000
vn 0.000000 0.000000 1.000000
vn 0.000000 0.000000 1.000000
vn 0.000000 0.000000 1.000000
vn 0.000000 0.000000 1.000000
vn 0.000000 0.000000 1.000000
vn 0.000000 0.000000 1.000000
vn 0.000000 0.000000 1.000000
vn 0.000000 0.000000 1.000000
vn 0.000000 0.000000 1.000000
vn 0.000000 -0.071339 0.997452
vn 0.010153 -0.070613 0.997452
vn 0.020099 -0.068449 0.997452
vn 0.029635 -0.064892 0.997452
vn 0.038569 -0.060014 0.997452
vn 0.046717 -0.053915 0.997452
vn 0.053915 -0.046717 0.997452
vn 0.060014 -0.038569 0.997452
vn 0.064892 -0.029635 0.997452
vn 0.068449 -0.020099 0.997452
vn 0.070613 -0.010153 0.997452
vn 0.071339 0.000000 0.997452
vn 0.070613 0.010153 0.997452
vn 0.068449 0.020099 0.997452
vn 0.064892 0.029635 0.997452
vn 0.060014 0.038569 0.997452
vn 0.053915 0.046717 0.997452
vn 0.046717 0.053915 0.997452
vn 0.038569 0.060014 0.997452
vn 0.029635 0.064892 0.997452
vn 0.020099 0.068449 0.997452
vn 0.010153 0.070613 0.997452
vn 0.000000 0.071339 0.997452
vn 0.000000 -0.142315 0.989821
vn 0.020254 -0.140866 0.989821
vn 0.040095 -0.136550 0.989821
vn 0.059120 -0.129454 0.989821
vn 0.076941 -0.119723 0.989821
vn 0.093196 -0.107554 0.989821
vn 0.107554 -0.093196 0.989821
vn 0.119723 -0.076941 0.989821
vn 0.129454 -0.059120 0.989821
vn 0.136550 -0.040095 0.989821
vn 0.140866 -0.020254 0.989821
vn 0.142315 0.000000 0.989821
vn 0.140866 0.020254 0.989821
vn 0.136550 0.040095 0.989821
vn 0.129454 0.059120 0.989821
vn 0.119723 0.076941 0.989821
vn 0.107554 0.093196 0.989821
vn 0.093196 0.107554 0.989821
vn 0.076941 0.119723 0.989821
vn 0.059120 0.129454 0.989821
vn 0.040095 0.136550 0.989821
vn 0.020254 0.140866 0.989821
vn 0.000000 0.142315 0.989821
vn 0.000000 -0.212565 0.977147
vn 0.030251 -0.210402 0.977147
vn 0.059887 -0.203955 0.977147
vn 0.088303 -0.193356 0.977147
vn 0.114921 -0.178821 0.977147
vn 0.139201 -0.160646 0.977147
vn 0.160646 -0.139201 0.977147
vn 0.178821 -0.114921 0.977147
vn 0.193356 -0.088303 0.977147
vn 0.203955 -0.059887 0.977147
vn 0.210402 -0.030251 0.977147
vn 0.212565 0.000000 0.977147
vn 0.210402 0.030251 0.977147
vn 0.203955 0.059887 0.977147
vn 0.193356 0.088303 0.977147
vn 0.178821 0.114921 0.977147
vn 0.160646 0.139201 0.977147
vn 0.139201 0.160646 0.977147
vn 0.114921 0.178821 0.977147
vn 0.088303 0.193356 0.977147
vn 0.059887 0.203955 0.977147
vn 0.030251 0.210402 0.977147
vn 0.000000 0.212565 0.977147
vn 0.000000 -0.281733 0.959493
vn 0.040095 -0.278865 0.959493
vn 0.079373 -0.270320 0.959493
vn 0.117036 -0.256273 0.959493
vn 0.152316 -0.237009 0.959493
vn 0.184496 -0.212919 0.959493
vn 0.212919 -0.184496 0.959493
vn 0.237009 -0.152316 0.959493
vn 0.256273 -0.117036 0.959493
vn 0.270320 -0.079373 0.959493
vn 0.278865 -0.040095 0.959493
vn 0.281733 0.000000 0.959493
vn 0.278865 0.040095 0.959493
vn 0.270320 0.079373 0.959493
vn 0.256273 0.117036 0.959493
vn 0.237009 0.152316 0.959493
vn 0.212919 0.184496 0.959493
vn 0.184496 0.212919 0.959493
vn 0.152316 0.237009 0.959493
vn 0.117036 0.256273 0.959493
vn 0.079373 0.270320 0.959493
vn 0.040095 0.278865 0.959493
vn 0.000000 0.281733 0.959493
vn 0.000000 -0.349464 0.936950
vn 0.049734 -0.345907 0.936950
vn 0.098455 -0.335308 0.936950
vn 0.145173 -0.317884 0.936950
vn 0.188935 -0.293988 0.936950
vn 0.228850 -0.264107 0.936950
vn 0.264107 -0.228850 0.936950
vn 0.293988 -0.188935 0.936950
vn 0.317884 -0.145173 0.936950
vn 0.335308 -0.098455 0.936950
vn 0.345907 -0.049734 0.936950
vn 0.349464 0.000000 0.936950
vn 0.345907 0.049734 0.936950
vn 0.335308 0.098455 0.936950
vn 0.317884 0.145173 0.936950
vn 0.293988 0.188935 0.936950
vn 0.264107 0.228850 0.936950
vn 0.228850 0.264107 0.936950
vn 0.188935 0.293988 0.936950
vn 0.145173 0.317884 0.936950
vn 0.098455 0.335308 0.936950
vn 0.049734 0.345907 0.936950
vn 0.000000 0.349464 0.936950
vn 0.000000 -0.415415 0.909632
vn 0.059120 -0.411187 0.909632
vn 0.117036 -0.398588 0.909632
vn 0.172570 -0.377875 0.909632
vn 0.224590 -0.349469 0.909632
vn 0.272039 -0.313950 0.909632
vn 0.313950 -0.272039 0.909632
vn 0.349469 -0.224590 0.909632
vn 0.377875 -0.172570 0.909632
vn 0.398588 -0.117036 0.909632
vn 0.411187 -0.059120 0.909632
vn 0.415415 0.000000 0.909632
vn 0.411187 0.059120 0.909632
vn 0.398588 0.117036 0.909632
vn 0.377875 0.172570 0.909632
vn 0.349469 0.224590 0.909632
vn 0.313950 0.272039 0.909632
vn 0.272039 0.313950 0.909632
vn 0.224590 0.349469 0.909632
vn 0.172570 0.377875 0.909632
vn 0.117036 0.398588 0.909632
vn 0.059120 0.411187 0.909632
vn 0.000000 0.415415 0.909632
vn 0.000000 -0.479249 0.877679
vn 0.068204 -0.474371 0.877679
vn 0.135020 -0.459836 0.877679
vn 0.199087 -0.435940 0.877679
vn 0.259102 -0.403170 0.877679
vn 0.313841 -0.362192 0.877679
vn 0.362192 -0.313841 0.877679
vn 0.403170 -0.259102 0.877679
vn 0.435940 -0.199087 0.877679
vn 0.459836 -0.135020 0.877679
vn 0.474371 -0.068204 0.877679
vn 0.479249 0.000000 0.877679
vn 0.474371 0.068204 0.877679
vn 0.459836 0.135020 0.877679
vn 0.435940 0.199087 0.877679
vn 0.403170 0.259102 0.877679
vn 0.362192 0.313841 0.877679
vn 0.313841 0.362192 0.877679
vn 0.259102 0.403170 0.877679
vn 0.199087 0.435940 0.877679
vn 0.135020 0.459836 0.877679
vn 0.068204 0.474371 0.877679
vn 0.000000 0.479249 0.877679
vn 0.000000 -0.540641 0.841254
vn 0.076941 -0.535138 0.841254
vn 0.152316 -0.518741 0.841254
vn 0.224590 -0.491784 0.841254
vn 0.292292 -0.454816 0.841254
vn 0.354044 -0.408589 0.841254
vn 0.408589 -0.354044 0.841254
vn 0.454816 -0.292292 0.841254
vn 0.491784 -0.224590 0.841254
vn 0.518741 -0.152316 0.841254
vn 0.535138 -0.076941 0.841254
vn 0.540641 0.000000 0.841254
vn 0.535138 0.076941 0.841254
vn 0.518741 0.152316 0.841254
vn 0.491784 0.224590 0.841254
vn 0.454816 0.292292 0.841254
vn 0.408589 0.354044 0.841254
vn 0.354044 0.408589 0.841254
vn 0.292292 0.454816 0.841254
vn 0.224590 0.491784 0.841254
vn 0.152316 0.518741 0.841254
vn 0.076941 0.535138 0.841254
vn 0.000000 0.540641 0.841254
vn 0.000000 -0.599278 0.800541
vn 0.085286 -0.593178 0.800541
vn 0.168836 -0.575003 0.800541
vn 0.248949 -0.545122 0.800541
vn 0.323994 -0.504144 0.800541
vn 0.392443 -0.452904 0.800541
vn 0.452904 -0.392443 0.800541
vn 0.504144 -0.323994 0.800541
vn 0.545122 -0.248949 0.800541
vn 0.575003 -0.168836 0.800541
vn 0.593178 -0.085286 0.800541
vn 0.599278 0.000000 0.800541
vn 0.593178 0.085286 0.800541
vn 0.575003 0.168836 0.800541
vn 0.545122 0.248949 0.800541
vn 0.504144 0.323994 0.800541
vn 0.452904 0.392443 0.800541
vn 0.392443 0.452904 0.800541
vn 0.323994 0.504144 0.800541
vn 0.248949 0.545122 0.800541
vn 0.168836 0.575003 0.800541
vn 0.085286 0.593178 0.800541
vn 0.000000 0.599278 0.800541
vn 0.000000 -0.654861 0.755750
vn 0.093196 -0.648195 0.755750
vn 0.184496 -0.628334 0.755750
vn 0.272039 -0.595682 0.755750
vn 0.354044 -0.550904 0.755750
vn 0.428843 -0.494911 0.755750
vn 0.494911 -0.428843 0.755750
vn 0.550904 -0.354044 0.755750
vn 0.595682 -0.272039 0.755750
vn 0.628334 -0.184496 0.755750
vn 0.648195 -0.093196 0.755750
vn 0.654861 0.000000 0.755750
vn 0.648195 0.093196 0.755750
vn 0.628334 0.184496 0.755750
vn 0.595682 0.272039 0.755750
vn 0.550904 0.354044 0.755750
vn 0.494911 0.428843 0.755750
vn 0.428843 0.494911 0.755750
vn 0.354044 0.550904 0.755750
vn 0.272039 0.595682 0.755750
vn 0.184496 0.628334 0.755750
vn 0.093196 0.648195 0.755750
vn 0.000000 0.654861 0.755750
vn 0.000000 -0.707107 0.707107
vn 0.100632 -0.699909 0.707107
vn 0.199215 -0.678464 0.707107
vn 0.293743 -0.643207 0.707107
vn 0.382291 -0.594856 0.707107
vn 0.463056 -0.534396 0.707107
vn 0.534396 -0.463056 0.707107
vn 0.594856 -0.382291 0.707107
vn 0.643207 -0.293743 0.707107
vn 0.678464 -0.199215 0.707107
vn 0.699909 -0.100632 0.707107
vn 0.707107 0.000000 0.707107
vn 0.699909 0.100632 0.707107
vn 0.678464 0.199215 0.707107
vn 0.643207 0.293743 0.707107
vn 0.594856 0.382291 0.707107
vn 0.534396 0.463056 0.707107
vn 0.463056 0.534396 0.707107
vn 0.382291 0.594856 0.707107
vn 0.293743 0.643207 0.707107
vn 0.199215 0.678464 0.707107
vn 0.100632 0.699909 0.707107
vn 0.000000 0.707107 0.707107
vn 0.000000 -0.755750 0.654861
vn 0.107554 -0.748057 0.654861
vn 0.212919 -0.725136 0.654861
vn 0.313950 -0.687454 0.654861
vn 0.408589 -0.635777 0.654861
vn 0.494911 -0.571157 0.654861
vn 0.571157 -0.494911 0.654861
vn 0.635777 -0.408589 0.654861
vn 0.687454 -0.313950 0.654861
vn 0.725136 -0.212919 0.654861
vn 0.748057 -0.107554 0.654861
vn 0.755750 0.000000 0.654861
vn 0.748057 0.107554 0.654861
vn 0.725136 0.212919 0.654861
vn 0.687454 0.313950 0.654861
vn 0.635777 0.408589 0.654861
vn 0.571157 0.494911 0.654861
vn 0.494911 0.571157 0.654861
vn 0.408589 0.635777 0.654861
vn 0.313950 0.687454 0.654861
vn 0.212919 0.725136 0.654861
vn 0.107554 0.748057 0.654861
vn 0.000000 0.755750 0.654861
vn 0.000000 -0.800541 0.599278
vn 0.113929 -0.792393 0.599278
vn 0.225539 -0.768114 0.599278
vn 0.332557 -0.728198 0.599278
vn 0.432805 -0.673458 0.599278
vn 0.524243 -0.605009 0.599278
vn 0.605009 -0.524243 0.599278
vn 0.673458 -0.432805 0.599278
vn 0.728198 -0.332557 0.599278
vn 0.768114 -0.225539 0.599278
vn 0.792393 -0.113929 0.599278
vn 0.800541 0.000000 0.599278
vn 0.792393 0.113929 0.599278
vn 0.768114 0.225539 0.599278
vn 0.728198 0.332557 0.599278
vn 0.673458 0.432805 0.599278
vn 0.605009 0.524243 0.599278
vn 0.524243 0.605009 0.599278
vn 0.432805 0.673458 0.599278
vn 0.332557 0.728198 0.599278
vn 0.225539 0.768114 0.599278
vn 0.113929 0.792393 0.599278
vn 0.000000 0.800541 0.599278
vn 0.000000 -0.841254 0.540641
vn 0.119723 -0.832691 0.540641
vn 0.237009 -0.807177 0.540641
vn 0.349469 -0.765231 0.540641
vn 0.454816 -0.707708 0.540641
vn 0.550904 -0.635777 0.540641
vn 0.635777 -0.550904 0.540641
vn 0.707708 -0.454816 0.540641
vn 0.765231 -0.349469 0.540641
vn 0.807177 -0.237009 0.540641
vn 0.832691 -0.119723 0.540641
vn 0.841254 0.000000 0.540641
vn 0.832691 0.119723 0.540641
vn 0.807177 0.237009 0.540641
vn 0.765231 0.349469 0.540641
vn 0.707708 0.454816 0.540641
vn 0.635777 0.550904 0.540641
vn 0.550904 0.635777 0.540641
vn 0.454816 0.707708 0.540641
vn 0.349469 0.765231 0.540641
vn 0.237009 0.807177 0.540641
vn 0.119723 0.832691 0.540641
vn 0.000000 0.841254 0.540641
vn 0.000000 -0.877679 0.479249
vn 0.124907 -0.868745 0.479249
vn 0.247271 -0.842127 0.479249
vn 0.364601 -0.798365 0.479249
vn 0.474509 -0.738351 0.479249
vn 0.574758 -0.663306 0.479249
vn 0.663306 -0.574758 0.479249
vn 0.738351 -0.474509 0.479249
vn 0.798365 -0.364601 0.479249
vn 0.842127 -0.247271 0.479249
vn 0.868745 -0.124907 0.479249
vn 0.877679 0.000000 0.479249
vn 0.868745 0.124907 0.479249
vn 0.842127 0.247271 0.479249
vn 0.798365 0.364601 0.479249
vn 0.738351 0.474509 0.479249
vn 0.663306 0.574758 0.479249
vn 0.574758 0.663306 0.479249
vn 0.474509 0.738351 0.479249
vn 0.364601 0.798365 0.479249
vn 0.247271 0.842127 0.479249
vn 0.124907 0.868745 0.479249
vn 0.000000 0.877679 0.479249
vn 0.000000 -0.909632 0.415415
vn 0.129454 -0.900373 0.415415
vn 0.256273 -0.872786 0.415415
vn 0.377875 -0.827430 0.415415
vn 0.491784 -0.765231 0.415415
vn 0.595682 -0.687454 0.415415
vn 0.687454 -0.595682 0.415415
vn 0.765231 -0.491784 0.415415
vn 0.827430 -0.377875 0.415415
vn 0.872786 -0.256273 0.415415
vn 0.900373 -0.129454 0.415415
vn 0.909632 0.000000 0.415415
vn 0.900373 0.129454 0.415415
vn 0.872786 0.256273 0.415415
vn 0.827430 0.377875 0.415415
vn 0.765231 0.491784 0.415415
vn 0.687454 0.595682 0.415415
vn 0.595682 0.687454 0.415415
vn 0.491784 0.765231 0.415415
vn 0.377875 0.827430 0.415415
vn 0.256273 0.872786 0.415415
vn 0.129454 0.900373 0.415415
vn 0.000000 0.909632 0.415415
vn 0.000000 -0.936950 0.349464
vn 0.133342 -0.927413 0.349464
vn 0.263969 -0.898997 0.349464
vn 0.389223 -0.852279 0.349464
vn 0.506553 -0.788212 0.349464
vn 0.613572 -0.708099 0.349464
vn 0.708099 -0.613572 0.349464
vn 0.788212 -0.506553 0.349464
vn 0.852279 -0.389223 0.349464
vn 0.898997 -0.263969 0.349464
vn 0.927413 -0.133342 0.349464
vn 0.936950 0.000000 0.349464
vn 0.927413 0.133342 0.349464
vn 0.898997 0.263969 0.349464
vn 0.852279 0.389223 0.349464
vn 0.788212 0.506553 0.349464
vn 0.708099 0.613572 0.349464
vn 0.613572 0.708099 0.349464
vn 0.506553 0.788212 0.349464
vn 0.389223 0.852279 0.349464
vn 0.263969 0.898997 0.349464
vn 0.133342 0.927413 0.349464
vn 0.000000 0.936950 0.349464
vn 0.000000 -0.959493 0.281733
vn 0.136550 -0.949727 0.281733
vn 0.270320 -0.920627 0.281733
vn 0.398588 -0.872786 0.281733
vn 0.518741 -0.807177 0.281733
vn 0.628334 -0.725136 0.281733
vn 0.725136 -0.628334 0.281733
vn 0.807177 -0.518741 0.281733
vn 0.872786 -0.398588 0.281733
vn 0.920627 -0.270320 0.281733
vn 0.949727 -0.136550 0.281733
vn 0.959493 0.000000 0.281733
vn 0.949727 0.136550 0.281733
vn 0.920627 0.270320 0.281733
vn 0.872786 0.398588 0.281733
vn 0.807177 0.518741 0.281733
vn 0.725136 0.628334 0.281733
vn 0.628334 0.725136 0.281733
vn 0.518741 0.807177 0.281733
vn 0.398588 0.872786 0.281733
vn 0.270320 0.920627 0.281733
vn 0.136550 0.949727 0.281733
vn 0.000000 0.959493 0.281733
vn 0.000000 -0.977147 0.212565
vn 0.139062 -0.967201 0.212565
vn 0.275294 -0.937566 0.212565
vn 0.405921 -0.888844 0.212565
vn 0.528285 -0.822028 0.212565
vn 0.639895 -0.738478 0.212565
vn 0.738478 -0.639895 0.212565
vn 0.822028 -0.528285 0.212565
vn 0.888844 -0.405921 0.212565
vn 0.937566 -0.275294 0.212565
vn 0.967201 -0.139062 0.212565
vn 0.977147 0.000000 0.212565
vn 0.967201 0.139062 0.212565
vn 0.937566 0.275294 0.212565
vn 0.888844 0.405921 0.212565
vn 0.822028 0.528285 0.212565
vn 0.738478 0.639895 0.212565
vn 0.639895 0.738478 0.212565
vn 0.528285 0.822028 0.212565
vn 0.405921 0.888844 0.212565
vn 0.275294 0.937566 0.212565
vn 0.139062 0.967201 0.212565
vn 0.000000 0.977147 0.212565
vn 0.000000 -0.989821 0.142315
vn 0.140866 -0.979746 0.142315
vn 0.278865 -0.949727 0.142315
vn 0.411187 -0.900373 0.142315
vn 0.535138 -0.832691 0.142315
vn 0.648195 -0.748057 0.142315
vn 0.748057 -0.648195 0.142315
vn 0.832691 -0.535138 0.142315
vn 0.900373 -0.411187 0.142315
vn 0.949727 -0.278865 0.142315
vn 0.979746 -0.140866 0.142315
vn 0.989821 0.000000 0.142315
vn 0.979746 0.140866 0.142315
vn 0.949727 0.278865 0.142315
vn 0.900373 0.411187 0.142315
vn 0.832691 0.535138 0.142315
vn 0.748057 0.648195 0.142315
vn 0.648195 0.748057 0.142315
vn 0.535138 0.832691 0.142315
vn 0.411187 0.900373 0.142315
vn 0.278865 0.949727 0.142315
vn 0.140866 0.979746 0.142315
vn 0.000000 0.989821 0.142315
vn 0.000000 -0.997452 0.071339
vn 0.141952 -0.987299 0.071339
vn 0.281015 -0.957048 0.071339
vn 0.414357 -0.907314 0.071339
vn 0.539263 -0.839110 0.071339
vn 0.653192 -0.753824 0.071339
vn 0.753824 -0.653192 0.071339
vn 0.839110 -0.539263 0.071339
vn 0.907314 -0.414357 0.071339
vn 0.957048 -0.281015 0.071339
vn 0.987299 -0.141952 0.071339
vn 0.997452 0.000000 0.071339
vn 0.987299 0.141952 0.071339
vn 0.957048 0.281015 0.071339
vn 0.907314 0.414357 0.071339
vn 0.839110 0.539263 0.071339
vn 0.753824 0.653192 0.071339
vn 0.653192 0.753824 0.071339
vn 0.539263 0.839110 0.071339
vn 0.414357 0.907314 0.071339
vn 0.281015 0.957048 0.071339
vn 0.141952 0.987299 0.071339
vn 0.000000 0.997452 0.071339
vn 0.000000 -1.000000 0.000000
vn 0.142315 -0.989821 0.000000
vn 0.281733 -0.959493 0.000000
vn 0.415415 -0.909632 0.000000
vn 0.540641 -0.841254 0.000000
vn 0.654861 -0.755750 0.000000
vn 0.755750 -0.654861 0.000000
vn 0.841254 -0.540641 0.000000
vn 0.909632 -0.415415 0.000000
vn 0.959493 -0.281733 0.000000
vn 0.989821 -0.142315 0.000000
vn 1.000000 0.000000 0.000000
vn 0.989821 0.142315 0.000000
vn 0.959493 0.281733 0.000000
vn 0.909632 0.415415 0.000000
vn 0.841254 0.540641 0.000000
vn 0.755750 0.654861 0.000000
vn 0.654861 0.755750 0.000000
vn 0.540641 0.841254 0.000000
vn 0.415415 0.909632 0.000000
vn 0.281733 0.959493 0.000000
vn 0.142315 0.989821 0.000000
vn 0.000000 1.000000 0.000000
vn 0.000000 -0.997452 -0.071339
vn 0.141952 -0.987299 -0.071339
vn 0.281015 -0.957048 -0.071339
vn 0.414357 -0.907314 -0.071339
vn 0.539263 -0.839110 -0.071339
vn 0.653192 -0.753824 -0.071339
vn 0.753824 -0.653192 -0.071339
vn 0.839110 -0.539263 -0.071339
vn 0.907314 -0.414357 -0.071339
vn 0.957048 -0.281015 -0.071339
vn 0.987299 -0.141952 -0.071339
vn 0.997452 0.000000 -0.071339
vn 0.987299 0.141952 -0.071339
vn 0.957048 0.281015 -0.071339
vn 0.907314 0.414357 -0.071339
vn 0.839110 0.539263 -0.071339
vn 0.753824 0.653192 -0.071339
vn 0.653192 0.753824 -0.071339
vn 0.539263 0.839110 -0.071339
vn 0.414357 0.907314 -0.071339
vn 0.281015 0.957048 -0.071339
vn 0.141952 0.987299 -0.071339
vn 0.000000 0.997452 -0.071339
vn 0.000000 -0.989821 -0.142315
vn 0.140866 -0.979746 -0.142315
vn 0.278865 -0.949727 -0.142315
vn 0.411187 -0.900373 -0.142315
vn 0.535138 -0.832691 -0.142315
vn 0.648195 -0.748057 -0.142315
vn 0.748057 -0.648195 -0.142315
vn 0.832691 -0.535138 -0.142315
vn 0.900373 -0.411187 -0.142315
vn 0.949727 -0.278865 -0.142315
vn 0.979746 -0.140866 -0.142315
vn 0.989821 0.000000 -0.142315
vn 0.979746 0.140866 -0.142315
vn 0.949727 0.278865 -0.142315
vn 0.900373 0.411187 -0.142315
vn 0.832691 0.535138 -0.142315
vn 0.748057 0.648195 -0.142315
vn 0.648195 0.748057 -0.142315
vn 0.535138 0.832691 -0.142315
vn 0.411187 0.900373 -0.142315
vn 0.278865 0.949727 -0.142315
vn 0.140866 0.979746 -0.142315
vn 0.000000 0.989821 -0.142315
vn 0.000000 -0.977147 -0.212565
vn 0.139062 -0.967201 -0.212565
vn 0.275294 -0.937566 -0.212565
vn 0.405921 -0.888844 -0.212565
vn 0.528285 -0.822028 -0.212565
vn 0.639895 -0.738478 -0.212565
vn 0.738478 -0.639895 -0.212565
vn 0.822028 -0.528285 -0.212565
vn 0.888844 -0.405921 -0.212565
vn 0.937566 -0.275294 -0.212565
vn 0.967201 -0.139062 -0.212565
vn 0.977147 0.000000 -0.212565
vn 0.967201 0.139062 -0.212565
vn 0.937566 0.275294 -0.212565
vn 0.888844 0.405921 -0.212565
vn 0.822028 0.528285 -0.212565
vn 0.738478 0.639895 -0.212565
vn 0.639895 0.738478 -0.212565
vn 0.528285 0.822028 -0.212565
vn 0.405921 0.888844 -0.212565
vn 0.275294 0.937566 -0.212565
vn 0.139062 0.967201 -0.212565
vn 0.000000 0.977147 -0.212565
vn 0.000000 -0.959493 -0.281733
vn 0.136550 -0.949727 -0.281733
vn 0.270320 -0.920627 -0.281733
vn 0.398588 -0.872786 -0.281733
vn 0.518741 -0.807177 -0.281733
vn 0.628334 -0.725136 -0.281733
vn 0.725136 -0.628334 -0.281733
vn 0.807177 -0.518741 -0.281733
vn 0.872786 -0.398588 -0.281733
vn 0.920627 -0.270320 -0.281733
vn 0.949727 -0.136550 -0.281733
vn 0.959493 0.000000 -0.281733
vn 0.949727 0.136550 -0.281733
vn 0.920627 0.270320 -0.281733
vn 0.872786 0.398588 -0.281733
vn 0.807177 0.518741 -0.281733
vn 0.725136 0.628334 -0.281733
vn 0.628334 0.725136 -0.281733
vn 0.518741 0.807177 -0.281733
vn 0.398588 0.872786 -0.281733
vn 0.270320 0.920627 -0.281733
vn 0.136550 0.949727 -0.281733
vn 0.000000 0.959493 -0.281733
vn 0.000000 -0.936950 -0.349464
vn 0.133342 -0.927413 -0.349464
vn 0.263969 -0.898997 -0.349464
vn 0.389223 -0.852279 -0.349464
vn 0.506553 -0.788212 -0.349464
vn 0.613572 -0.708099 -0.349464
vn 0.708099 -0.613572 -0.349464
vn 0.788212 -0.506553 -0.349464
vn 0.852279 -0.389223 -0.349464
vn 0.898997 -0.263969 -0.349464
vn 0.927413 -0.133342 -0.349464
vn 0.936950 0.000000 -0.349464
vn 0.927413 0.133342 -0.349464
vn 0.898997 0.263969 -0.349464
vn 0.852279 0.389223 -0.349464
vn 0.788212 0.506553 -0.349464
vn 0.708099 0.613572 -0.349464
vn 0.613572 0.708099 -0.349464
vn 0.506553 0.788212 -0.349464
vn 0.389223 0.852279 -0.349464
vn 0.263969 0.898997 -0.349464
vn 0.133342 0.927413 -0.349464
vn 0.000000 0.936950 -0.349464
vn 0.000000 -0.909632 -0.415415
vn 0.129454 -0.900373 -0.415415
vn 0.256273 -0.872786 -0.415415
vn 0.377875 -0.827430 -0.415415
vn 0.491784 -0.765231 -0.415415
vn 0.595682 -0.687454 -0.415415
vn 0.687454 -0.595682 -0.415415
vn 0.765231 -0.491784 -0.415415
vn 0.827430 -0.377875 -0.415415
vn 0.872786 -0.256273 -0.415415
vn 0.900373 -0.129454 -0.415415
vn 0.909632 0.000000 -0.415415
vn 0.900373 0.129454 -0.415415
vn 0.872786 0.256273 -0.415415
vn 0.827430 0.377875 -0.415415
vn 0.765231 0.491784 -0.415415
vn 0.687454 0.595682 -0.415415
vn 0.595682 0.687454 -0.415415
vn 0.491784 0.765231 -0.415415
vn 0.377875 0.827430 -0.415415
vn 0.256273 0.872786 -0.415415
vn 0.129454 0.900373 -0.415415
vn 0.000000 0.909632 -0.415415
vn 0.000000 -0.877679 -0.479249
vn 0.124907 -0.868745 -0.479249
vn 0.247271 -0.842127 -0.479249
vn 0.364601 -0.798365 -0.479249
vn 0.474509 -0.738351 -0.479249
vn 0.574758 -0.663306 -0.479249
vn 0.663306 -0.574758 -0.479249
vn 0.738351 -0.474509 -0.479249
vn 0.798365 -0.364601 -0.479249
vn 0.842127 -0.247271 -0.479249
vn 0.868745 -0.124907 -0.479249
vn 0.877679 0.000000 -0.479249
vn 0.868745 0.124907 -0.479249
vn 0.842127 0.247271 -0.479249
vn 0.798365 0.364601 -0.479249
vn 0.738351 0.474509 -0.479249
vn 0.663306 0.574758 -0.479249
vn 0.574758 0.663306 -0.479249
vn 0.474509 0.738351 -0.479249
vn 0.364601 0.798365 -0.479249
vn 0.247271 0.842127 -0.479249
vn 0.124907 0.868745 -0.479249
vn 0.000000 0.877679 -0.479249
vn 0.000000 -0.841254 -0.540641
vn 0.119723 -0.832691 -0.540641
vn 0.237009 -0.807177 -0.540641
vn 0.349469 -0.765231 -0.540641
vn 0.454816 -0.707708 -0.540641
vn 0.550904 -0.635777 -0.540641
vn 0.635777 -0.550904 -0.540641
vn 0.707708 -0.454816 -0.540641
vn 0.765231 -0.349469 -0.540641
vn 0.807177 -0.237009 -0.540641
vn 0.832691 -0.119723 -0.540641
vn 0.841254 0.000000 -0.540641
vn 0.832691 0.119723 -0.540641
vn 0.807177 0.237009 -0.540641
vn 0.765231 0.349469 -0.540641
vn 0.707708 0.454816 -0.540641
vn 0.635777 0.550904 -0.540641
vn 0.550904 0.635777 -0.540641
vn 0.454816 0.707708 -0.540641
vn 0.349469 0.765231 -0.540641
vn 0.237009 0.807177 -0.540641
vn 0.119723 0.832691 -0.540641
vn 0.000000 0.841254 -0.540641
vn 0.000000 -0.800541 -0.599278
vn 0.113929 -0.792393 -0.599278
vn 0.225539 -0.768114 -0.599278
vn 0.332557 -0.728198 -0.599278
vn 0.432805 -0.673458 -0.599278
vn 0.524243 -0.605009 -0.599278
vn 0.605009 -0.524243 -0.599278
vn 0.673458 -0.432805 -0.599278
vn 0.728198 -0.332557 -0.599278
vn 0.768114 -0.225539 -0.599278
vn 0.792393 -0.113929 -0.599278
vn 0.800541 0.000000 -0.599278
vn 0.792393 0.113929 -0.599278
vn 0.768114 0.225539 -0.599278
vn 0.728198 0.332557 -0.599278
vn 0.673458 0.432805 -0.599278
vn 0.605009 0.524243 -0.599278
vn 0.524243 0.605009 -0.599278
vn 0.432805 0.673458 -0.599278
vn 0.332557 0.728198 -0.599278
vn 0.225539 0.768114 -0.599278
vn 0.113929 0.792393 -0.599278
vn 0.000000 0.800541 -0.599278
vn 0.000000 -0.755750 -0.654861
vn 0.107554 -0.748057 -0.654861
vn 0.212919 -0.725136 -0.654861
vn 0.313950 -0.687454 -0.654861
vn 0.408589 -0.635777 -0.654861
vn 0.494911 -0.571157 -0.654861
vn 0.571157 -0.494911 -0.654861
vn 0.635777 -0.408589 -0.654861
vn 0.687454 -0.313950 -0.654861
vn 0.725136 -0.212919 -0.654861
vn 0.748057 -0.107554 -0.654861
vn 0.755750 0.000000 -0.654861
vn 0.748057 0.107554 -0.654861
vn 0.725136 0.212919 -0.654861
vn 0.687454 0.313950 -0.654861
vn 0.635777 0.408589 -0.654861
vn 0.571157 0.494911 -0.654861
vn 0.494911 0.571157 -0.654861
vn 0.408589 0.635777 -0.654861
vn 0.313950 0.687454 -0.654861
vn 0.212919 0.725136 -0.654861
vn 0.107554 0.748057 -0.654861
vn 0.000000 0.755750 -0.654861
vn 0.000000 -0.707107 -0.707107
vn 0.100632 -0.699909 -0.707107
vn 0.199215 -0.678464 -0.707107
vn 0.293743 -0.643207 -0.707107
vn 0.382291 -0.594856 -0.707107
vn 0.463056 -0.534396 -0.707107
vn 0.534396 -0.463056 -0.707107
vn 0.594856 -0.382291 -0.707107
vn 0.643207 -0.293743 -0.707107
vn 0.678464 -0.199215 -0.707107
vn 0.699909 -0.100632 -0.707107
vn 0.707107 0.000000 -0.707107
vn 0.699909 0.100632 -0.707107
vn 0.678464 0.199215 -0.707107
vn 0.643207 0.293743 -0.707107
vn 0.594856 0.382291 -0.707107
vn 0.534396 0.463056 -0.707107
vn 0.463056 0.534396 -0.707107
vn 0.382291 0.594856 -0.707107
vn 0.293743 0.643207 -0.707107
vn 0.199215 0.678464 -0.707107
vn 0.100632 0.699909 -0.707107
vn 0.000000 0.707107 -0.707107
vn 0.000000 -0.654861 -0.755750
vn 0.093196 -0.648195 -0.755750
vn 0.184496 -0.628334 -0.755750
vn 0.272039 -0.595682 -0.755750
vn 0.354044 -0.550904 -0.755750
vn 0.428843 -0.494911 -0.755750
vn 0.494911 -0.428843 -0.755750
vn 0.550904 -0.354044 -0.755750
vn 0.595682 -0.272039 -0.755750
vn 0.628334 -0.184496 -0.755750
vn 0.648195 -0.093196 -0.755750
vn 0.654861 0.000000 -0.755750
vn 0.648195 0.093196 -0.755750
vn 0.628334 0.184496 -0.755750
vn 0.595682 0.272039 -0.755750
vn 0.550904 0.354044 -0.755750
vn 0.494911 0.428843 -0.755750
vn 0.428843 0.494911 -0.755750
vn 0.354044 0.550904 -0.755750
vn 0.272039 0.595682 -0.755750
vn 0.184496 0.628334 -0.755750
vn 0.093196 0.648195 -0.755750
vn 0.000000 0.654861 -0.755750
vn 0.000000 -0.599278 -0.800541
vn 0.085286 -0.593178 -0.800541
vn 0.168836 -0.575003 -0.800541
vn 0.248949 -0.545122 -0.800541
vn 0.323994 -0.504144 -0.800541
vn 0.392443 -0.452904 -0.800541
vn 0.452904 -0.392443 -0.800541
vn 0.504144 -0.323994 -0.800541
vn 0.545122 -0.248949 -0.800541
vn 0.575003 -0.168836 -0.800541
vn 0.593178 -0.085286 -0.800541
vn 0.599278 0.000000 -0.800541
vn 0.593178 0.085286 -0.800541
vn 0.575003 0.168836 -0.800541
vn 0.545122 0.248949 -0.800541
vn 0.504144 0.323994 -0.800541
vn 0.452904 0.392443 -0.800541
vn 0.392443 0.452904 -0.800541
vn 0.323994 0.504144 -0.800541
vn 0.248949 0.545122 -0.800541
vn 0.168836 0.575003 -0.800541
vn 0.085286 0.593178 -0.800541
vn 0.000000 0.599278 -0.800541
vn 0.000000 -0.540641 -0.841254
vn 0.076941 -0.535138 -0.841254
vn 0.152316 -0.518741 -0.841254
vn 0.224590 -0.491784 -0.841254
vn 0.292292 -0.454816 -0.841254
vn 0.354044 -0.408589 -0.841254
vn 0.408589 -0.354044 -0.841254
vn 0.454816 -0.292292 -0.841254
vn 0.491784 -0.224590 -0.841254
vn 0.518741 -0.152316 -0.841254
vn 0.535138 -0.076941 -0.841254
vn 0.540641 0.000000 -0.841254
vn 0.535138 0.076941 -0.841254
vn 0.518741 0.152316 -0.841254
vn 0.491784 0.224590 -0.841254
vn 0.454816 0.292292 -0.841254
vn 0.408589 0.354044 -0.841254
vn 0.354044 0.408589 -0.841254
vn 0.292292 0.454816 -0.841254
vn 0.224590 0.491784 -0.841254
vn 0.152316 0.518741 -0.841254
vn 0.076941 0.535138 -0.841254
vn 0.000000 0.540641 -0.841254
vn 0.000000 -0.479249 -0.877679
vn 0.068204 -0.474371 -0.877679
vn 0.135020 -0.459836 -0.877679
vn 0.199087 -0.435940 -0.877679
vn 0.259102 -0.403170 -0.877679
vn 0.313841 -0.362192 -0.877679
vn 0.362192 -0.313841 -0.877679
vn 0.403170 -0.259102 -0.877679
vn 0.435940 -0.199087 -0.877679
vn 0.459836 -0.135020 -0.877679
vn 0.474371 -0.068204 -0.877679
vn 0.479249 0.000000 -0.877679
vn 0.474371 0.068204 -0.877679
vn 0.459836 0.135020 -0.877679
vn 0.435940 0.199087 -0.877679
vn 0.403170 0.259102 -0.877679
vn 0.362192 0.313841 -0.877679
vn 0.313841 0.362192 -0.877679
vn 0.259102 0.403170 -0.877679
vn 0.199087 0.435940 -0.877679
vn 0.135020 0.459836 -0.877679
vn 0.068204 0.474371 -0.877679
vn 0.000000 0.479249 -0.877679
vn 0.000000 -0.415415 -0.909632
vn 0.059120 -0.411187 -0.909632
vn 0.117036 -0.398588 -0.909632
vn 0.172570 -0.377875 -0.909632
vn 0.224590 -0.349469 -0.909632
vn 0.272039 -0.313950 -0.909632
vn 0.313950 -0.272039 -0.909632
vn 0.349469 -0.224590 -0.909632
vn 0.377875 -0.172570 -0.909632
vn 0.398588 -0.117036 -0.909632
vn 0.411187 -0.059120 -0.909632
vn 0.415415 0.000000 -0.909632
vn 0.411187 0.059120 -0.909632
vn 0.398588 0.117036 -0.909632
vn 0.377875 0.172570 -0.909632
vn 0.349469 0.224590 -0.909632
vn 0.313950 0.272039 -0.909632
vn 0.272039 0.313950 -0.909632
vn 0.224590 0.349469 -0.909632
vn 0.172570 0.377875 -0.909632
vn 0.117036 0.398588 -0.909632
vn 0.059120 0.411187 -0.909632
vn 0.000000 0.415415 -0.909632
vn 0.000000 -0.349464 -0.936950
vn 0.049734 -0.345907 -0.936950
vn 0.098455 -0.335308 -0.936950
vn 0.145173 -0.317884 -0.936950
vn 0.188935 -0.293988 -0.936950
vn 0.228850 -0.264107 -0.936950
vn 0.264107 -0.228850 -0.936950
vn 0.293988 -0.188935 -0.936950
vn 0.317884 -0.145173 -0.936950
vn 0.335308 -0.098455 -0.936950
vn 0.345907 -0.049734 -0.936950
vn 0.349464 0.000000 -0.936950
vn 0.345907 0.049734 -0.936950
vn 0.335308 0.098455 -0.936950
vn 0.317884 0.145173 -0.936950
vn 0.293988 0.188935 -0.936950
vn 0.264107 0.228850 -0.936950
vn 0.228850 0.264107 -0.936950
vn 0.188935 0.293988 -0.936950
vn 0.145173 0.317884 -0.936950
vn 0.098455 0.335308 -0.936950
vn 0.049734 0.345907 -0.936950
vn 0.000000 0.349464 -0.936950
vn 0.000000 -0.281733 -0.959493
vn 0.040095 -0.278865 -0.959493
vn 0.079373 -0.270320 -0.959493
vn 0.117036 -0.256273 -0.959493
vn 0.152316 -0.237009 -0.959493
vn 0.184496 -0.212919 -0.959493
vn 0.212919 -0.184496 -0.959493
vn 0.237009 -0.152316 -0.959493
vn 0.256273 -0.117036 -0.959493
vn 0.270320 -0.079373 -0.959493
vn 0.278865 -0.040095 -0.959493
vn 0.281733 0.000000 -0.959493
vn 0.278865 0.040095 -0.959493
vn 0.270320 0.079373 -0.959493
vn 0.256273 0.117036 -0.959493
vn 0.237009 0.152316 -0.959493
vn 0.212919 0.184496 -0.959493
vn 0.184496 0.212919 -0.959493
vn 0.152316 0.237009 -0.959493
vn 0.117036 0.256273 -0.959493
vn 0.079373 0.270320 -0.959493
vn 0.040095 0.278865 -0.959493
vn 0.000000 0.281733 -0.959493
vn 0.000000 -0.212565 -0.977147
vn 0.030251 -0.210402 -0.977147
vn 0.059887 -0.203955 -0.977147
vn 0.088303 -0.193356 -0.977147
vn 0.114921 -0.178821 -0.977147
vn 0.139201 -0.160646 -0.977147
vn 0.160646 -0.139201 -0.977147
vn 0.178821 -0.114921 -0.977147
vn 0.193356 -0.088303 -0.977147
vn 0.203955 -0.059887 -0.977147
vn 0.210402 -0.030251 -0.977147
vn 0.212565 0.000000 -0.977147
vn 0.210402 0.030251 -0.977147
vn 0.203955 0.059887 -0.977147
vn 0.193356 0.088303 -0.977147
vn 0.178821 0.114921 -0.977147
vn 0.160646 0.139201 -0.977147
vn 0.139201 0.160646 -0.977147
vn 0.114921 0.178821 -0.977147
vn 0.088303 0.193356 -0.977147
vn 0.059887 0.203955 -0.977147
vn 0.030251 0.210402 -0.977147
vn 0.000000 0.212565 -0.977147
vn 0.000000 -0.142315 -0.989821
vn 0.020254 -0.140866 -0.989821
vn 0.040095 -0.136550 -0.989821
vn 0.059120 -0.129454 -0.989821
vn 0.076941 -0.119723 -0.989821
vn 0.093196 -0.107554 -0.989821
vn 0.107554 -0.093196 -0.989821
vn 0.119723 -0.076941 -0.989821
vn 0.129454 -0.059120 -0.989821
vn 0.136550 -0.040095 -0.989821
vn 0.140866 -0.020254 -0.989821
vn 0.142315 0.000000 -0.989821
vn 0.140866 0.020254 -0.989821
vn 0.136550 0.040095 -0.989821
vn 0.129454 0.059120 -0.989821
vn 0.119723 0.076941 -0.989821
vn 0.107554 0.093196 -0.989821
vn 0.093196 0.107554 -0.989821
vn 0.076941 0.119723 -0.989821
vn 0.059120 0.129454 -0.989821
vn 0.040095 0.136550 -0.989821
vn 0.020254 0.140866 -0.989821
vn 0.000000 0.142315 -0.989821
vn 0.000000 -0.071339 -0.997452
vn 0.010153 -0.070613 -0.997452
vn 0.020099 -0.068449 -0.997452
vn 0.029635 -0.064892 -0.997452
vn 0.038569 -0.060014 -0.997452
vn 0.046717 -0.053915 -0.997452
vn 0.053915 -0.046717 -0.997452
vn 0.060014 -0.038569 -0.997452
vn 0.064892 -0.029635 -0.997452
vn 0.068449 -0.020099 -0.997452
vn 0.070613 -0.010153 -0.997452
vn 0.071339 0.000000 -0.997452
vn 0.070613 0.010153 -0.997452
vn 0.068449 0.020099 -0.997452
vn 0.064892 0.029635 -0.997452
vn 0.060014 0.038569 -0.997452
vn 0.053915 0.046717 -0.997452
vn 0.046717 0.053915 -0.997452
vn 0.038569 0.060014 -0.997452
vn 0.029635 0.064892 -0.997452
vn 0.020099 0.068449 -0.997452
vn 0.010153 0.070613 -0.997452
vn 0.000000 0.071339 -0.997452
vn 0.000000 0.000000 1.000000
vn -0.000000 0.000000 1.000000
vn -0.000000 0.000000 1.000000
vn -0.000000 0.000000 1.000000
vn -0.000000 0.000000 1.000000
vn -0.000000 0.000000 1.000000
vn -0.000000 0.000000 1.000000
vn -0.000000 0.000000 1.000000
vn -0.000000 -0.000000 1.000000
vn -0.000000 -0.000000 1.000000
vn -0.000000 -0.000000 1.000000
vn -0.000000 -0.000000 1.000000
vn -0.000000 -0.000000 1.000000
vn -0.000000 -0.000000 1.000000
vn -0.000000 -0.000000 1.000000
vn -0.000000 -0.000000 1.000000
vn 0.000000 0.104528 0.994522
vn -0.021733 0.102244 0.994522
vn -0.042516 0.095492 0.994522
vn -0.061440 0.084565 0.994522
vn -0.077680 0.069943 0.994522
vn -0.090524 0.052264 0.994522
vn -0.099412 0.032301 0.994522
vn -0.103956 0.010926 0.994522
vn -0.103956 -0.010926 0.994522
vn -0.099412 -0.032301 0.994522
vn -0.090524 -0.052264 0.994522
vn -0.077680 -0.069943 0.994522
vn -0.061440 -0.084565 0.994522
vn -0.042516 -0.095492 0.994522
vn -0.021733 -0.102244 0.994522
vn -0.000000 -0.104528 0.994522
vn 0.000000 0.207912 0.978148
vn -0.043227 0.203368 0.978148
vn -0.084565 0.189937 0.978148
vn -0.122207 0.168204 0.978148
vn -0.154508 0.139120 0.978148
vn -0.180057 0.103956 0.978148
vn -0.197736 0.064248 0.978148
vn -0.206773 0.021733 0.978148
vn -0.206773 -0.021733 0.978148
vn -0.197736 -0.064248 0.978148
vn -0.180057 -0.103956 0.978148
vn -0.154508 -0.139120 0.978148
vn -0.122207 -0.168204 0.978148
vn -0.084565 -0.189937 0.978148
vn -0.043227 -0.203368 0.978148
vn -0.000000 -0.207912 0.978148
vn 0.000000 0.309017 0.951057
vn -0.064248 0.302264 0.951057
vn -0.125689 0.282301 0.951057
vn -0.181636 0.250000 0.951057
vn -0.229644 0.206773 0.951057
vn -0.267617 0.154508 0.951057
vn -0.293893 0.095492 0.951057
vn -0.307324 0.032301 0.951057
vn -0.307324 -0.032301 0.951057
vn -0.293893 -0.095492 0.951057
vn -0.267617 -0.154508 0.951057
vn -0.229644 -0.206773 0.951057
vn -0.181636 -0.250000 0.951057
vn -0.125689 -0.282301 0.951057
vn -0.064248 -0.302264 0.951057
vn -0.000000 -0.309017 0.951057
vn 0.000000 0.406737 0.913545
vn -0.084565 0.397848 0.913545
vn -0.165435 0.371572 0.913545
vn -0.239074 0.329057 0.913545
vn -0.302264 0.272160 0.913545
vn -0.352244 0.203368 0.913545
vn -0.386830 0.125689 0.913545
vn -0.404508 0.042516 0.913545
vn -0.404508 -0.042516 0.913545
vn -0.386830 -0.125689 0.913545
vn -0.352244 -0.203368 0.913545
vn -0.302264 -0.272160 0.913545
vn -0.239074 -0.329057 0.913545
vn -0.165435 -0.371572 0.913545
vn -0.084565 -0.397848 0.913545
vn -0.000000 -0.406737 0.913545
vn 0.000000 0.500000 0.866025
vn -0.103956 0.489074 0.866025
vn -0.203368 0.456773 0.866025
vn -0.293893 0.404508 0.866025
vn -0.371572 0.334565 0.866025
vn -0.433013 0.250000 0.866025
vn -0.475528 0.154508 0.866025
vn -0.497261 0.052264 0.866025
vn -0.497261 -0.052264 0.866025
vn -0.475528 -0.154508 0.866025
vn -0.433013 -0.250000 0.866025
vn -0.371572 -0.334565 0.866025
vn -0.293893 -0.404508 0.866025
vn -0.203368 -0.456773 0.866025
vn -0.103956 -0.489074 0.866025
vn -0.000000 -0.500000 0.866025
vn 0.000000 0.587785 0.809017
vn -0.122207 0.574941 0.809017
vn -0.239074 0.536969 0.809017
vn -0.345492 0.475528 0.809017
vn -0.436810 0.393305 0.809017
vn -0.509037 0.293893 0.809017
vn -0.559017 0.181636 0.809017
vn -0.584565 0.061440 0.809017
vn -0.584565 -0.061440 0.809017
vn -0.559017 -0.181636 0.809017
vn -0.509037 -0.293893 0.809017
vn -0.436810 -0.393305 0.809017
vn -0.345492 -0.475528 0.809017
vn -0.239074 -0.536969 0.809017
vn -0.122207 -0.574941 0.809017
vn -0.000000 -0.587785 0.809017
vn 0.000000 0.669131 0.743145
vn -0.139120 0.654508 0.743145
vn -0.272160 0.611281 0.743145
vn -0.393305 0.541338 0.743145
vn -0.497261 0.447736 0.743145
vn -0.579484 0.334565 0.743145
vn -0.636381 0.206773 0.743145
vn -0.665465 0.069943 0.743145
vn -0.665465 -0.069943 0.743145
vn -0.636381 -0.206773 0.743145
vn -0.579484 -0.334565 0.743145
vn -0.497261 -0.447736 0.743145
vn -0.393305 -0.541338 0.743145
vn -0.272160 -0.611281 0.743145
vn -0.139120 -0.654508 0.743145
vn -0.000000 -0.669131 0.743145
vn 0.000000 0.743145 0.669131
vn -0.154508 0.726905 0.669131
vn -0.302264 0.678897 0.669131
vn -0.436810 0.601217 0.669131
vn -0.552264 0.497261 0.669131
vn -0.643582 0.371572 0.669131
vn -0.706773 0.229644 0.669131
vn -0.739074 0.077680 0.669131
vn -0.739074 -0.077680 0.669131
vn -0.706773 -0.229644 0.669131
vn -0.643582 -0.371572 0.669131
vn -0.552264 -0.497261 0.669131
vn -0.436810 -0.601217 0.669131
vn -0.302264 -0.678897 0.669131
vn -0.154508 -0.726905 0.669131
vn -0.000000 -0.743145 0.669131
vn 0.000000 0.809017 0.587785
vn -0.168204 0.791338 0.587785
vn -0.329057 0.739074 0.587785
vn -0.475528 0.654508 0.587785
vn -0.601217 0.541338 0.587785
vn -0.700629 0.404508 0.587785
vn -0.769421 0.250000 0.587785
vn -0.804585 0.084565 0.587785
vn -0.804585 -0.084565 0.587785
vn -0.769421 -0.250000 0.587785
vn -0.700629 -0.404508 0.587785
vn -0.601217 -0.541338 0.587785
vn -0.475528 -0.654508 0.587785
vn -0.329057 -0.739074 0.587785
vn -0.168204 -0.791338 0.587785
vn -0.000000 -0.809017 0.587785
vn 0.000000 0.866025 0.500000
vn -0.180057 0.847101 0.500000
vn -0.352244 0.791154 0.500000
vn -0.509037 0.700629 0.500000
vn -0.643582 0.579484 0.500000
vn -0.750000 0.433013 0.500000
vn -0.823639 0.267617 0.500000
vn -0.861281 0.090524 0.500000
vn -0.861281 -0.090524 0.500000
vn -0.823639 -0.267617 0.500000
vn -0.750000 -0.433013 0.500000
vn -0.643582 -0.579484 0.500000
vn -0.509037 -0.700629 0.500000
vn -0.352244 -0.791154 0.500000
vn -0.180057 -0.847101 0.500000
vn -0.000000 -0.866025 0.500000
vn 0.000000 0.913545 0.406737
vn -0.189937 0.893582 0.406737
vn -0.371572 0.834565 0.406737
vn -0.536969 0.739074 0.406737
vn -0.678897 0.611281 0.406737
vn -0.791154 0.456773 0.406737
vn -0.868833 0.282301 0.406737
vn -0.908541 0.095492 0.406737
vn -0.908541 -0.095492 0.406737
vn -0.868833 -0.282301 0.406737
vn -0.791154 -0.456773 0.406737
vn -0.678897 -0.611281 0.406737
vn -0.536969 -0.739074 0.406737
vn -0.371572 -0.834565 0.406737
vn -0.189937 -0.893582 0.406737
vn -0.000000 -0.913545 0.406737
vn 0.000000 0.951057 0.309017
vn -0.197736 0.930274 0.309017
vn -0.386830 0.868833 0.309017
vn -0.559017 0.769421 0.309017
vn -0.706773 0.636381 0.309017
vn -0.823639 0.475528 0.309017
vn -0.904508 0.293893 0.309017
vn -0.945847 0.099412 0.309017
vn -0.945847 -0.099412 0.309017
vn -0.904508 -0.293893 0.309017
vn -0.823639 -0.475528 0.309017
vn -0.706773 -0.636381 0.309017
vn -0.559017 -0.769421 0.309017
vn -0.386830 -0.868833 0.309017
vn -0.197736 -0.930274 0.309017
vn -0.000000 -0.951057 0.309017
vn 0.000000 0.978148 0.207912
vn -0.203368 0.956773 0.207912
vn -0.397848 0.893582 0.207912
vn -0.574941 0.791338 0.207912
vn -0.726905 0.654508 0.207912
vn -0.847101 0.489074 0.207912
vn -0.930274 0.302264 0.207912
vn -0.972789 0.102244 0.207912
vn -0.972789 -0.102244 0.207912
vn -0.930274 -0.302264 0.207912
vn -0.847101 -0.489074 0.207912
vn -0.726905 -0.654508 0.207912
vn -0.574941 -0.791338 0.207912
vn -0.397848 -0.893582 0.207912
vn -0.203368 -0.956773 0.207912
vn -0.000000 -0.978148 0.207912
vn 0.000000 0.994522 0.104528
vn -0.206773 0.972789 0.104528
vn -0.404508 0.908541 0.104528
vn -0.584565 0.804585 0.104528
vn -0.739074 0.665465 0.104528
vn -0.861281 0.497261 0.104528
vn -0.945847 0.307324 0.104528
vn -0.989074 0.103956 0.104528
vn -0.989074 -0.103956 0.104528
vn -0.945847 -0.307324 0.104528
vn -0.861281 -0.497261 0.104528
vn -0.739074 -0.665465 0.104528
vn -0.584565 -0.804585 0.104528
vn -0.404508 -0.908541 0.104528
vn -0.206773 -0.972789 0.104528
vn -0.000000 -0.994522 0.104528
vn 0.000000 1.000000 0.000000
vn -0.207912 0.978148 0.000000
vn -0.406737 0.913545 0.000000
vn -0.587785 0.809017 0.000000
vn -0.743145 0.669131 0.000000
vn -0.866025 0.500000 0.000000
vn -0.951057 0.309017 0.000000
vn -0.994522 0.104528 0.000000
vn -0.994522 -0.104528 0.000000
vn -0.951057 -0.309017 0.000000
vn -0.866025 -0.500000 0.000000
vn -0.743145 -0.669131 0.000000
vn -0.587785 -0.809017 0.000000
vn -0.406737 -0.913545 0.000000
vn -0.207912 -0.978148 0.000000
vn -0.000000 -1.000000 0.000000
vn 0.000000 0.994522 -0.104528
vn -0.206773 0.972789 -0.104528
vn -0.404508 0.908541 -0.104528
vn -0.584565 0.804585 -0.104528
vn -0.739074 0.665465 -0.104528
vn -0.861281 0.497261 -0.104528
vn -0.945847 0.307324 -0.104528
vn -0.989074 0.103956 -0.104528
vn -0.989074 -0.103956 -0.104528
vn -0.945847 -0.307324 -0.104528
vn -0.861281 -0.497261 -0.104528
vn -0.739074 -0.665465 -0.104528
vn -0.584565 -0.804585 -0.104528
vn -0.404508 -0.908541 -0.104528
vn -0.206773 -0.972789 -0.104528
vn -0.000000 -0.994522 -0.104528
vn 0.000000 0.978148 -0.207912
vn -0.203368 0.956773 -0.207912
vn -0.397848 0.893582 -0.207912
vn -0.574941 0.791338 -0.207912
vn -0.726905 0.654508 -0.207912
vn -0.847101 0.489074 -0.207912
vn -0.930274 0.302264 -0.207912
vn -0.972789 0.102244 -0.207912
vn -0.972789 -0.102244 -0.207912
vn -0.930274 -0.302264 -0.207912
vn -0.847101 -0.489074 -0.207912
vn -0.726905 -0.654508 -0.207912
vn -0.574941 -0.791338 -0.207912
vn -0.397848 -0.893582 -0.207912
vn -0.203368 -0.956773 -0.207912
vn -0.000000 -0.978148 -0.207912
vn 0.000000 0.951057 -0.309017
vn -0.197736 0.930274 -0.309017
vn -0.386830 0.868833 -0.309017
vn -0.559017 0.769421 -0.309017
vn -0.706773 0.636381 -0.309017
vn -0.823639 0.475528 -0.309017
vn -0.904508 0.293893 -0.309017
vn -0.945847 0.099412 -0.309017
vn -0.945847 -0.099412 -0.309017
vn -0.904508 -0.293893 -0.309017
vn -0.823639 -0.475528 -0.309017
vn -0.706773 -0.636381 -0.309017
vn -0.559017 -0.769421 -0.309017
vn -0.386830 -0.868833 -0.309017
vn -0.197736 -0.930274 -0.309017
vn -0.000000 -0.951057 -0.309017
vn 0.000000 0.913545 -0.406737
vn -0.189937 0.893582 -0.406737
vn -0.371572 0.834565 -0.406737
vn -0.536969 0.739074 -0.406737
vn -0.678897 0.611281 -0.406737
vn -0.791154 0.456773 -0.406737
vn -0.868833 0.282301 -0.406737
vn -0.908541 0.095492 -0.406737
vn -0.908541 -0.095492 -0.406737
vn -0.868833 -0.282301 -0.406737
vn -0.791154 -0.456773 -0.406737
vn -0.678897 -0.611281 -0.406737
vn -0.536969 -0.739074 -0.406737
vn -0.371572 -0.834565 -0.406737
vn -0.189937 -0.893582 -0.406737
vn -0.000000 -0.913545 -0.406737
vn 0.000000 0.866025 -0.500000
vn -0.180057 0.847101 -0.500000
vn -0.352244 0.791154 -0.500000
vn -0.509037 0.700629 -0.500000
vn -0.643582 0.579484 -0.500000
vn -0.750000 0.433013 -0.500000
vn -0.823639 0.267617 -0.500000
vn -0.861281 0.090524 -0.500000
vn -0.861281 -0.090524 -0.500000
vn -0.823639 -0.267617 -0.500000
vn -0.750000 -0.433013 -0.500000
vn -0.643582 -0.579484 -0.500000
vn -0.509037 -0.700629 -0.500000
vn -0.352244 -0.791154 -0.500000
vn -0.180057 -0.847101 -0.500000
vn -0.000000 -0.866025 -0.500000
vn 0.000000 0.809017 -0.587785
vn -0.168204 0.791338 -0.587785
vn -0.329057 0.739074 -0.587785
vn -0.475528 0.654508 -0.587785
vn -0.601217 0.541338 -0.587785
vn -0.700629 0.404508 -0.587785
vn -0.769421 0.250000 -0.587785
vn -0.804585 0.084565 -0.587785
vn -0.804585 -0.084565 -0.587785
vn -0.769421 -0.250000 -0.587785
vn -0.700629 -0.404508 -0.587785
vn -0.601217 -0.541338 -0.587785
vn -0.475528 -0.654508 -0.587785
vn -0.329057 -0.739074 -0.587785
vn -0.168204 -0.791338 -0.587785
vn -0.000000 -0.809017 -0.587785
vn 0.000000 0.743145 -0.669131
vn -0.154508 0.726905 -0.669131
vn -0.302264 0.678897 -0.669131
vn -0.436810 0.601217 -0.669131
vn -0.552264 0.497261 -0.669131
vn -0.643582 0.371572 -0.669131
vn -0.706773 0.229644 -0.669131
vn -0.739074 0.077680 -0.669131
vn -0.739074 -0.077680 -0.669131
vn -0.706773 -0.229644 -0.669131
vn -0.643582 -0.371572 -0.669131
vn -0.552264 -0.497261 -0.669131
vn -0.436810 -0.601217 -0.669131
vn -0.302264 -0.678897 -0.669131
vn -0.154508 -0.726905 -0.669131
vn -0.000000 -0.743145 -0.669131
vn 0.000000 0.669131 -0.743145
vn -0.139120 0.654508 -0.743145
vn -0.272160 0.611281 -0.743145
vn -0.393305 0.541338 -0.743145
vn -0.497261 0.447736 -0.743145
vn -0.579484 0.334565 -0.743145
vn -0.636381 0.206773 -0.743145
vn -0.665465 0.069943 -0.743145
vn -0.665465 -0.069943 -0.743145
vn -0.636381 -0.206773 -0.743145
vn -0.579484 -0.334565 -0.743145
vn -0.497261 -0.447736 -0.743145
vn -0.393305 -0.541338 -0.743145
vn -0.272160 -0.611281 -0.743145
vn -0.139120 -0.654508 -0.743145
vn -0.000000 -0.669131 -0.743145
vn 0.000000 0.587785 -0.809017
vn -0.122207 0.574941 -0.809017
vn -0.239074 0.536969 -0.809017
vn -0.345492 0.475528 -0.809017
vn -0.436810 0.393305 -0.809017
vn -0.509037 0.293893 -0.809017
vn -0.559017 0.181636 -0.809017
vn -0.584565 0.061440 -0.809017
vn -0.584565 -0.061440 -0.809017
vn -0.559017 -0.181636 -0.809017
vn -0.509037 -0.293893 -0.809017
vn -0.436810 -0.393305 -0.809017
vn -0.345492 -0.475528 -0.809017
vn -0.239074 -0.536969 -0.809017
vn -0.122207 -0.574941 -0.809017
vn -0.000000 -0.587785 -0.809017
vn 0.000000 0.500000 -0.866025
vn -0.103956 0.489074 -0.866025
vn -0.203368 0.456773 -0.866025
vn -0.293893 0.404508 -0.866025
vn -0.371572 0.334565 -0.866025
vn -0.433013 0.250000 -0.866025
vn -0.475528 0.154508 -0.866025
vn -0.497261 0.052264 -0.866025
vn -0.497261 -0.052264 -0.866025
vn -0.475528 -0.154508 -0.866025
vn -0.433013 -0.250000 -0.866025
vn -0.371572 -0.334565 -0.866025
vn -0.293893 -0.404508 -0.866025
vn -0.203368 -0.456773 -0.866025
vn -0.103956 -0.489074 -0.866025
vn -0.000000 -0.500000 -0.866025
vn 0.000000 0.406737 -0.913545
vn -0.084565 0.397848 -0.913545
vn -0.165435 0.371572 -0.913545
vn -0.239074 0.329057 -0.913545
vn -0.302264 0.272160 -0.913545
vn -0.352244 0.203368 -0.913545
vn -0.386830 0.125689 -0.913545
vn -0.404508 0.042516 -0.913545
vn -0.404508 -0.042516 -0.913545
vn -0.386830 -0.125689 -0.913545
vn -0.352244 -0.203368 -0.913545
vn -0.302264 -0.272160 -0.913545
vn -0.239074 -0.329057 -0.913545
vn -0.165435 -0.371572 -0.913545
vn -0.084565 -0.397848 -0.913545
vn -0.000000 -0.406737 -0.913545
vn 0.000000 0.309017 -0.951057
vn -0.064248 0.302264 -0.951057
vn -0.125689 0.282301 -0.951057
vn -0.181636 0.250000 -0.951057
vn -0.229644 0.206773 -0.951057
vn -0.267617 0.154508 -0.951057
vn -0.293893 0.095492 -0.951057
vn -0.307324 0.032301 -0.951057
vn -0.307324 -0.032301 -0.951057
vn -0.293893 -0.095492 -0.951057
vn -0.267617 -0.154508 -0.951057
vn -0.229644 -0.206773 -0.951057
vn -0.181636 -0.250000 -0.951057
vn -0.125689 -0.282301 -0.951057
vn -0.064248 -0.302264 -0.951057
vn -0.000000 -0.309017 -0.951057
vn 0.000000 0.207912 -0.978148
vn -0.043227 0.203368 -0.978148
vn -0.084565 0.189937 -0.978148
vn -0.122207 0.168204 -0.978148
vn -0.154508 0.139120 -0.978148
vn -0.180057 0.103956 -0.978148
vn -0.197736 0.064248 -0.978148
vn -0.206773 0.021733 -0.978148
vn -0.206773 -0.021733 -0.978148
vn -0.197736 -0.064248 -0.978148
vn -0.180057 -0.103956 -0.978148
vn -0.154508 -0.139120 -0.978148
vn -0.122207 -0.168204 -0.978148
vn -0.084565 -0.189937 -0.978148
vn -0.043227 -0.203368 -0.978148
vn -0.000000 -0.207912 -0.978148
vn 0.000000 0.104528 -0.994522
vn -0.021733 0.102244 -0.994522
vn -0.042516 0.095492 -0.994522
vn -0.061440 0.084565 -0.994522
vn -0.077680 0.069943 -0.994522
vn -0.090524 0.052264 -0.994522
vn -0.099412 0.032301 -0.994522
vn -0.103956 0.010926 -0.994522
vn -0.103956 -0.010926 -0.994522
vn -0.099412 -0.032301 -0.994522
vn -0.090524 -0.052264 -0.994522
vn -0.077680 -0.069943 -0.994522
vn -0.061440 -0.084565 -0.994522
vn -0.042516 -0.095492 -0.994522
vn -0.021733 -0.102244 -0.994522
vn -0.000000 -0.104528 -0.994522

# Faces
f 1//1 2//2 24//24
f 2//2 25//25 24//24
f 2//2 3//3 25//25
f 3//3 26//26 25//25
f 3//3 4//4 26//26
f 4//4 27//27 26//26
f 4//4 5//5 27//27
f 5//5 28//28 27//27
f 5//5 6//6 28//28
f 6//6 29//29 28//28
f 6//6 7//7 29//29
f 7//7 30//30 29//29
f 7//7 8//8 30//30
f 8//8 31//31 30//30
f 8//8 9//9 31//31
f 9//9 32//32 31//31
f 9//9 10//10 32//32
f 10//10 33//33 32//32
f 10//10 11//11 33//33
f 11//11 34//34 33//33
f 11//11 12//12 34//34
f 12//12 35//35 34//34
f 12//12 13//13 35//35
f 13//13 36//36 35//35
f 13//13 14//14 36//36
f 14//14 37//37 36//36
f 14//14 15//15 37//37
f 15//15 38//38 37//37
f 15//15 16//16 38//38
f 16//16 39//39 38//38
f 16//16 17//17 39//39
f 17//17 40//40 39//39
f 17//17 18//18 40//40
f 18//18 41//41 40//40
f 18//18 19//19 41//41
f 19//19 42//42 41//41
f 19//19 20//20 42//42
f 20//20 43//43 42//42
f 20//20 21//21 43//43
f 21//21 44//44 43//43
f 21//21 22//22 44//44
f 22//22 45//45 44//44
f 22//22 23//23 45//45
f 23//23 46//46 45//45
f 24//24 25//25 47//47
f 25//25 48//48 47//47
f 25//25 26//26 48//48
f 26//26 49//49 48//48
f 26//26 27//27 49//49
f 27//27 50//50 49//49
f 27//27 28//28 50//50
f 28//28 51//51 50//50
f 28//28 29//29 51//51
f 29//29 52//52 51//51
f 29//29 30//30 52//52
f 30//30 53//53 52//52
f 30//30 31//31 53//53
f 31//31 54//54 53//53
f 31//31 32//32 54//54
f 32//32 55//55 54//54
f 32//32 33//33 55//55
f 33//33 56//56 55//55
f 33//33 34//34 56//56
f 34//34 57//57 56//56
f 34//34 35//35 57//57
f 35//35 58//58 57//57
f 35//35 36//36 58//58
f 36//36 59//59 58//58
f 36//36 37//37 59//59
f 37//37 60//60 59//59
f 37//37 38//38 60//60
f 38//38 61//61 60//60
f 38//38 39//39 61//61
f 39//39 62//62 61//61
f 39//39 40//40 62//62
f 40//40 63//63 62//62
f 40//40 41//41 63//63
f 41//41 64//64 63//63
f 41//41 42//42 64//64
f 42//42 65//65 64//64
f 42//42 43//43 65//65
f 43//43 66//66 65//65
f 43//43 44//44 66//66
f 44//44 67//67 66//66
f 44//44 45//45 67//67
f 45//45 68//68 67//67
f 45//45 46//46 68//68
f 46//46 69//69 68//68
f 47//47 48//48 70//70
f 48//48 71//71 70//70
f 48//48 49//49 71//71
f 49//49 72//72 71//71
f 49//49 50//50 72//72
f 50//50 73//73 72//72
f 50//50 51//51 73//73
f 51//51 74//74 73//73
f 51//51 52//52 74//74
f 52//52 75//75 74//74
f 52//52 53//53 75//75
f 53//53 76//76 75//75
f 53//53 54//54 76//76
f 54//54 77//77 76//76
f 54//54 55//55 77//77
f 55//55 78//78 77//77
f 55//55 56//56 78//78
f 56//56 79//79 78//78
f 56//56 57//57 79//79
f 57//57 80//80 79//79
f 57//57 58//58 80//80
f 58//58 81//81 80//80
f 58//58 59//59 81//81
f 59//59 82//82 81//81
f 59//59 60//60 82//82
f 60//60 83//83 82//82
f 60//60 61//61 83//83
f 61//61 84//84 83//83
f 61//61 62//62 84//84
f 62//62 85//85 84//84
f 62//62 63//63 85//85
f 63//63 86//86 85//85
f 63//63 64//64 86//86
f 64//64 87//87 86//86
f 64//64 65//65 87//87
f 65//65 88//88 87//87
f 65//65 66//66 88//88
f 66//66 89//89 88//88
f 66//66 67//67 89//89
f 67//67 90//90 89//89
f 67//67 68//68 90//90
f 68//68 91//91 90//90
f 68//68 69//69 91//91
f 69//69 92//92 91//91
f 70//70 71//71 93//93
f 71//71 94//94 93//93
f 71//71 72//72 94//94
f 72//72 95//95 94//94
f 72//72 73//73 95//95
f 73//73 96//96 95//95
f 73//73 74//74 96//96
f 74//74 97//97 96//96
f 74//74 75//75 97//97
f 75//75 98//98 97//97
f 75//75 76//76 98//98
f 76//76 99//99 98//98
f 76//76 77//77 99//99
f 77//77 100//100 99//99
f 77//77 78//78 100//100
f 78//78 101//101 100//100
f 78//78 79//79 101//101
f 79//79 102//102 101//101
f 79//79 80//80 102//102
f 80//80 103//103 102//102
f 80//80 81//81 103//103
f 81//81 104//104 103//103
f 81//81 82//82 104//104
f 82//82 105//105 104//104
f 82//82 83//83 105//105
f 83//83 106//106 105//105
f 83//83 84//84 106//106
f 84//84 107//107 106//106
f 84//84 85//85 107//107
f 85//85 108//108 107//107
f 85//85 86//86 108//108
f 86//86 109//109 108//108
f 86//86 87//87 109//109
f 87//87 110//110 109//109
f 87//87 88//88 110//110
f 88//88 111//111 110//110
f 88//88 89//89 111//111
f 89//89 112//112 111//111
f 89//89 90//90 112//112
f 90//90 113//113 112//112
f 90//90 91//91 113//113
f 91//91 114//114 113//113
f 91//91 92//92 114//114
f 92//92 115//115 114//114
f 93//93 94//94 116//116
f 94//94 117//117 116//116
f 94//94 95//95 117//117
f 95//95 118//118 117//117
f 95//95 96//96 118//118
f 96//96 119//119 118//118
f 96//96 97//97 119//119
f 97//97 120//120 119//119
f 97//97 98//98 120//120
f 98//98 121//121 120//120
f 98//98 99//99 121//121
f 99//99 122//122 121//121
f 99//99 100//100 122//122
f 100//100 123//123 122//122
f 100//100 101//101 123//123
f 101//101 124//124 123//123
f 101//101 102//102 124//124
f 102//102 125//125 124//124
f 102//102 103//103 125//125
f 103//103 126//126 125//125
f 103//103 104//104 126//126
f 104//104 127//127 126//126
f 104//104 105//105 127//127
f 105//105 128//128 127//127
f 105//105 106//106 128//128
f 106//106 129//129 128//128
f 106//106 107//107 129//129
f 107//107 130//130 129//129
f 107//107 108//108 130//130
f 108//108 131//131 130//130
f 108//108 109//109 131//131
f 109//109 132//132 131//131
f 109//109 110//110 132//132
f 110//110 133//133 132//132
f 110//110 111//111 133//133
f 111//111 134//134 133//133
f 111//111 112//112 134//134
f 112//112 135//135 134//134
f 112//112 113//113 135//135
f 113//113 136//136 135//135
f 113//113 114//114 136//136
f 114//114 137//137 136//136
f 114//114 115//115 137//137
f 115//115 138//138 137//137
f 116//116 117//117 139//139
f 117//117 140//140 139//139
f 117//117 118//118 140//140
f 118//118 141//141 140//140
f 118//118 119//119 141//141
f 119//119 142//142 141//141
f 119//119 120//120 142//142
f 120//120 143//143 142//142
f 120//120 121//121 143//143
f 121//121 144//144 143//143
f 121//121 122//122 144//144
f 122//122 145//145 144//144
f 122//122 123//123 145//145
f 123//123 146//146 145//145
f 123//123 124//124 146//146
f 124//124 147//147 146//146
f 124//124 125//125 147//147
f 125//125 148//148 147//147
f 125//125 126//126 148//148
f 126//126 149//149 148//148
f 126//126 127//127 149//149
f 127//127 150//150 149//149
f 127//127 128//128 150//150
f 128//128 151//151 150//150
f 128//128 129//129 151//151
f 129//129 152//152 151//151
f 129//129 130//130 152//152
f 130//130 153//153 152//152
f 130//130 131//131 153//153
f 131//131 154//154 153//153
f 131//131 132//132 154//154
f 132//132 155//155 154//154
f 132//132 133//133 155//155
f 133//133 156//156 155//155
f 133//133 134//134 156//156
f 134//134 157//157 156//156
f 134//134 135//135 157//157
f 135//135 158//158 157//157
f 135//135 136//136 158//158
f 136//136 159//159 158//158
f 136//136 137//137 159//159
f 137//137 160//160 159//159
f 137//137 138//138 160//160
f 138//138 161//161 160//160
f 139//139 140//140 162//162
f 140//140 163//163 162//162
f 140//140 141//141 163//163
f 141//141 164//164 163//163
f 141//141 142//142 164//164
f 142//142 165//165 164//164
f 142//142 143//143 165//165
f 143//143 166//166 165//165
f 143//143 144//144 166//166
f 144//144 167//167 166//166
f 144//144 145//145 167//167
f 145//145 168//168 167//167
f 145//145 146//146 168//168
f 146//146 169//169 168//168
f 146//146 147//147 169//169
f 147//147 170//170 169//169
f 147//147 148//148 170//170
f 148//148 171//171 170//170
f 148//148 149//149 171//171
f 149//149 172//172 171//171
f 149//149 150//150 172//172
f 150//150 173//173 172//172
f 150//150 151//151 173//173
f 151//151 174//174 173//173
f 151//151 152//152 174//174
f 152//152 175//175 174//174
f 152//152 153//153 175//175
f 153//153 176//176 175//175
f 153//153 154//154 176//176
f 154//154 177//177 176//176
f 154//154 155//155 177//177
f 155//155 178//178 177//177
f 155//155 156//156 178//178
f 156//156 179//179 178//178
f 156//156 157//157 179//179
f 157//157 180//180 179//179
f 157//157 158//158 180//180
f 158//158 181//181 180//180
f 158//158 159//159 181//181
f 159//159 182//182 181//181
f 159//159 160//160 182//182
f 160//160 183//183 182//182
f 160//160 161//161 183//183
f 161//161 184//184 183//183
f 162//162 163//163 185//185
f 163//163 186//186 185//185
f 163//163 164//164 186//186
f 164//164 187//187 186//186
f 164//164 165//165 187//187
f 165//165 188//188 187//187
f 165//165 166//166 188//188
f 166//166 189//189 188//188
f 166//166 167//167 189//189
f 167//167 190//190 189//189
f 167//167 168//168 190//190
f 168//168 191//191 190//190
f 168//168 169//169 191//191
f 169//169 192//192 191//191
f 169//169 170//170 192//192
f 170//170 193//193 192//192
f 170//170 171//171 193//193
f 171//171 194//194 193//193
f 171//171 172//172 194//194
f 172//172 195//195 194//194
f 172//172 173//173 195//195
f 173//173 196//196 195//195
f 173//173 174//174 196//196
f 174//174 197//197 196//196
f 174//174 175//175 197//197
f 175//175 198//198 197//197
f 175//175 176//176 198//198
f 176//176 199//199 198//198
f 176//176 177//177 199//199
f 177//177 200//200 199//199
f 177//177 178//178 200//200
f 178//178 201//201 200//200
f 178//178 179//179 201//201
f 179//179 202//202 201//201
f 179//179 180//180 202//202
f 180//180 203//203 202//202
f 180//180 181//181 203//203
f 181//181 204//204 203//203
f 181//181 182//182 204//204
f 182//182 205//205 204//204
f 182//182 183//183 205//205
f 183//183 206//206 205//205
f 183//183 184//184 206//206
f 184//184 207//207 206//206
f 185//185 186//186 208//208
f 186//186 209//209 208//208
f 186//186 187//187 209//209
f 187//187 210//210 209//209
f 187//187 188//188 210//210
f 188//188 211//211 210//210
f 188//188 189//189 211//211
f 189//189 212//212 211//211
f 189//189 190//190 212//212
f 190//190 213//213 212//212
f 190//190 191//191 213//213
f 191//191 214//214 213//213
f 191//191 192//192 214//214
f 192//192 215//215 214//214
f 192//192 193//193 215//215
f 193//193 216//216 215//215
f 193//193 194//194 216//216
f 194//194 217//217 216//216
f 194//194 195//195 217//217
f 195//195 218//218 217//217
f 195//195 196//196 218//218
f 196//196 219//219 218//218
f 196//196 197//197 219//219
f 197//197 220//220 219//219
f 197//197 198//198 220//220
f 198//198 221//221 220//220
f 198//198 199//199 221//221
f 199//199 222//222 221//221
f 199//199 200//200 222//222
f 200//200 223//223 222//222
f 200//200 201//201 223//223
f 201//201 224//224 223//223
f 201//201 202//202 224//224
f 202//202 225//225 224//224
f 202//202 203//203 225//225
f 203//203 226//226 225//225
f 203//203 204//204 226//226
f 204//204 227//227 226//226
f 204//204 205//205 227//227
f 205//205 228//228 227//227
f 205//205 206//206 228//228
f 206//206 229//229 228//228
f 206//206 207//207 229//229
f 207//207 230//230 229//229
f 208//208 209//209 231//231
f 209//209 232//232 231//231
f 209//209 210//210 232//232
f 210//210 233//233 232//232
f 210//210 211//211 233//233
f 211//211 234//234 233//233
f 211//211 212//212 234//234
f 212//212 235//235 234//234
f 212//212 213//213 235//235
f 213//213 236//236 235//235
f 213//213 214//214 236//236
f 214//214 237//237 236//236
f 214//214 215//215 237//237
f 215//215 238//238 237//237
f 215//215 216//216 238//238
f 216//216 239//239 238//238
f 216//216 217//217 239//239
f 217//217 240//240 239//239
f 217//217 218//218 240//240
f 218//218 241//241 240//240
f 218//218 219//219 241//241
f 219//219 242//242 241//241
f 219//219 220//220 242//242
f 220//220 243//243 242//242
f 220//220 221//221 243//243
f 221//221 244//244 243//243
f 221//221 222//222 244//244
f 222//222 245//245 244//244
f 222//222 223//223 245//245
f 223//223 246//246 245//245
f 223//223 224//224 246//246
f 224//224 247//247 246//246
f 224//224 225//225 247//247
f 225//225 248//248 247//247
f 225//225 226//226 248//248
f 226//226 249//249 248//248
f 226//226 227//227 249//249
f 227//227 250//250 249//249
f 227//227 228//228 250//250
f 228//228 251//251 250//250
f 228//228 229//229 251//251
f 229//229 252//252 251//251
f 229//229 230//230 252//252
f 230//230 253//253 252//252
f 231//231 232//232 254//254
f 232//232 255//255 254//254
f 232//232 233//233 255//255
f 233//233 256//256 255//255
f 233//233 234//234 256//256
f 234//234 257//257 256//256
f 234//234 235//235 257//257
f 235//235 258//258 257//257
f 235//235 236//236 258//258
f 236//236 259//259 258//258
f 236//236 237//237 259//259
f 237//237 260//260 259//259
f 237//237 238//238 260//260
f 238//238 261//261 260//260
f 238//238 239//239 261//261
f 239//239 262//262 261//261
f 239//239 240//240 262//262
f 240//240 263//263 262//262
f 240//240 241//241 263//263
f 241//241 264//264 263//263
f 241//241 242//242 264//264
f 242//242 265//265 264//264
f 242//242 243//243 265//265
f 243//243 266//266 265//265
f 243//243 244//244 266//266
f 244//244 267//267 266//266
f 244//244 245//245 267//267
f 245//245 268//268 267//267
f 245//245 246//246 268//268
f 246//246 269//269 268//268
f 246//246 247//247 269//269
f 247//247 270//270 269//269
f 247//247 248//248 270//270
f 248//248 271//271 270//270
f 248//248 249//249 271//271
f 249//249 272//272 271//271
f 249//249 250//250 272//272
f 250//250 273//273 272//272
f 250//250 251//251 273//273
f 251//251 274//274 273//273
f 251//251 252//252 274//274
f 252//252 275//275 274//274
f 252//252 253//253 275//275
f 253//253 276//276 275//275
f 254//254 255//255 277//277
f 255//255 278//278 277//277
f 255//255 256//256 278//278
f 256//256 279//279 278//278
f 256//256 257//257 279//279
f 257//257 280//280 279//279
f 257//257 258//258 280//280
f 258//258 281//281 280//280
f 258//258 259//259 281//281
f 259//259 282//282 281//281
f 259//259 260//260 282//282
f 260//260 283//283 282//282
f 260//260 261//261 283//283
f 261//261 284//284 283//283
f 261//261 262//262 284//284
f 262//262 285//285 284//284
f 262//262 263//263 285//285
f 263//263 286//286 285//285
f 263//263 264//264 286//286
f 264//264 287//287 286//286
f 264//264 265//265 287//287
f 265//265 288//288 287//287
f 265//265 266//266 288//288
f 266//266 289//289 288//288
f 266//266 267//267 289//289
f 267//267 290//290 289//289
f 267//267 268//268 290//290
f 268//268 291//291 290//290
f 268//268 269//269 291//291
f 269//269 292//292 291//291
f 269//269 270//270 292//292
f 270//270 293//293 292//292
f 270//270 271//271 293//293
f 271//271 294//294 293//293
f 271//271 272//272 294//294
f 272//272 295//295 294//294
f 272//272 273//273 295//295
f 273//273 296//296 295//295
f 273//273 274//274 296//296
f 274//274 297//297 296//296
f 274//274 275//275 297//297
f 275//275 298//298 297//297
f 275//275 276//276 298//298
f 276//276 299//299 298//298
f 277//277 278//278 300//300
f 278//278 301//301 300//300
f 278//278 279//279 301//301
f 279//279 302//302 301//301
f 279//279 280//280 302//302
f 280//280 303//303 302//302
f 280//280 281//281 303//303
f 281//281 304//304 303//303
f 281//281 282//282 304//304
f 282//282 305//305 304//304
f 282//282 283//283 305//305
f 283//283 306//306 305//305
f 283//283 284//284 306//306
f 284//284 307//307 306//306
f 284//284 285//285 307//307
f 285//285 308//308 307//307
f 285//285 286//286 308//308
f 286//286 309//309 308//308
f 286//286 287//287 309//309
f 287//287 310//310 309//309
f 287//287 288//288 310//310
f 288//288 311//311 310//310
f 288//288 289//289 311//311
f 289//289 312//312 311//311
f 289//289 290//290 312//312
f 290//290 313//313 312//312
f 290//290 291//291 313//313
f 291//291 314//314 313//313
f 291//291 292//292 314//314
f 292//292 315//315 314//314
f 292//292 293//293 315//315
f 293//293 316//316 315//315
f 293//293 294//294 316//316
f 294//294 317//317 316//316
f 294//294 295//295 317//317
f 295//295 318//318 317//317
f 295//295 296//296 318//318
f 296//296 319//319 318//318
f 296//296 297//297 319//319
f 297//297 320//320 319//319
f 297//297 298//298 320//320
f 298//298 321//321 320//320
f 298//298 299//299 321//321
f 299//299 322//322 321//321
f 300//300 301//301 323//323
f 301//301 324//324 323//323
f 301//301 302//302 324//324
f 302//302 325//325 324//324
f 302//302 303//303 325//325
f 303//303 326//326 325//325
f 303//303 304//304 326//326
f 304//304 327//327 326//326
f 304//304 305//305 327//327
f 305//305 328//328 327//327
f 305//305 306//306 328//328
f 306//306 329//329 328//328
f 306//306 307//307 329//329
f 307//307 330//330 329//329
f 307//307 308//308 330//330
f 308//308 331//331 330//330
f 308//308 309//309 331//331
f 309//309 332//332 331//331
f 309//309 310//310 332//332
f 310//310 333//333 332//332
f 310//310 311//311 333//333
f 311//311 334//334 333//333
f 311//311 312//312 334//334
f 312//312 335//335 334//334
f 312//312 313//313 335//335
f 313//313 336//336 335//335
f 313//313 314//314 336//336
f 314//314 337//337 336//336
f 314//314 315//315 337//337
f 315//315 338//338 337//337
f 315//315 316//316 338//338
f 316//316 339//339 338//338
f 316//316 317//317 339//339
f 317//317 340//340 339//339
f 317//317 318//318 340//340
f 318//318 341//341 340//340
f 318//318 319//319 341//341
f 319//319 342//342 341//341
f 319//319 320//320 342//342
f 320//320 343//343 342//342
f 320//320 321//321 343//343
f 321//321 344//344 343//343
f 321//321 322//322 344//344
f 322//322 345//345 344//344
f 323//323 324//324 346//346
f 324//324 347//347 346//346
f 324//324 325//325 347//347
f 325//325 348//348 347//347
f 325//325 326//326 348//348
f 326//326 349//349 348//348
f 326//326 327//327 349//349
f 327//327 350//350 349//349
f 327//327 328//328 350//350
f 328//328 351//351 350//350
f 328//328 329//329 351//351
f 329//329 352//352 351//351
f 329//329 330//330 352//352
f 330//330 353//353 352//352
f 330//330 331//331 353//353
f 331//331 354//354 353//353
f 331//331 332//332 354//354
f 332//332 355//355 354//354
f 332//332 333//333 355//355
f 333//333 356//356 355//355
f 333//333 334//334 356//356
f 334//334 357//357 356//356
f 334//334 335//335 357//357
f 335//335 358//358 357//357
f 335//335 336//336 358//358
f 336//336 359//359 358//358
f 336//336 337//337 359//359
f 337//337 360//360 359//359
f 337//337 338//338 360//360
f 338//338 361//361 360//360
f 338//338 339//339 361//361
f 339//339 362//362 361//361
f 339//339 340//340 362//362
f 340//340 363//363 362//362
f 340//340 341//341 363//363
f 341//341 364//364 363//363
f 341//341 342//342 364//364
f 342//342 365//365 364//364
f 342//342 343//343 365//365
f 343//343 366//366 365//365
f 343//343 344//344 366//366
f 344//344 367//367 366//366
f 344//344 345//345 367//367
f 345//345 368//368 367//367
f 346//346 347//347 369//369
f 347//347 370//370 369//369
f 347//347 348//348 370//370
f 348//348 371//371 370//370
f 348//348 349//349 371//371
f 349//349 372//372 371//371
f 349//349 350//350 372//372
f 350//350 373//373 372//372
f 350//350 351//351 373//373
f 351//351 374//374 373//373
f 351//351 352//352 374//374
f 352//352 375//375 374//374
f 352//352 353//353 375//375
f 353//353 376//376 375//375
f 353//353 354//354 376//376
f 354//354 377//377 376//376
f 354//354 355//355 377//377
f 355//355 378//378 377//377
f 355//355 356//356 378//378
f 356//356 379//379 378//378
f 356//356 357//357 379//379
f 357//357 380//380 379//379
f 357//357 358//358 380//380
f 358//358 381//381 380//380
f 358//358 359//359 381//381
f 359//359 382//382 381//381
f 359//359 360//360 382//382
f 360//360 383//383 382//382
f 360//360 361//361 383//383
f 361//361 384//384 383//383
f 361//361 362//362 384//384
f 362//362 385//385 384//384
f 362//362 363//363 385//385
f 363//363 386//386 385//385
f 363//363 364//364 386//386
f 364//364 387//387 386//386
f 364//364 365//365 387//387
f 365//365 388//388 387//387
f 365//365 366//366 388//388
f 366//366 389//389 388//388
f 366//366 367//367 389//389
f 367//367 390//390 389//389
f 367//367 368//368 390//390
f 368//368 391//391 390//390
f 369//369 370//370 392//392
f 370//370 393//393 392//392
f 370//370 371//371 393//393
f 371//371 394//394 393//393
f 371//371 372//372 394//394
f 372//372 395//395 394//394
f 372//372 373//373 395//395
f 373//373 396//396 395//395
f 373//373 374//374 396//396
f 374//374 397//397 396//396
f 374//374 375//375 397//397
f 375//375 398//398 397//397
f 375//375 376//376 398//398
f 376//376 399//399 398//398
f 376//376 377//377 399//399
f 377//377 400//400 399//399
f 377//377 378//378 400//400
f 378//378 401//401 400//400
f 378//378 379//379 401//401
f 379//379 402//402 401//401
f 379//379 380//380 402//402
f 380//380 403//403 402//402
f 380//380 381//381 403//403
f 381//381 404//404 403//403
f 381//381 382//382 404//404
f 382//382 405//405 404//404
f 382//382 383//383 405//405
f 383//383 406//406 405//405
f 383//383 384//384 406//406
f 384//384 407//407 406//406
f 384//384 385//385 407//407
f 385//385 408//408 407//407
f 385//385 386//386 408//408
f 386//386 409//409 408//408
f 386//386 387//387 409//409
f 387//387 410//410 409//409
f 387//387 388//388 410//410
f 388//388 411//411 410//410
f 388//388 389//389 411//411
f 389//389 412//412 411//411
f 389//389 390//390 412//412
f 390//390 413//413 412//412
f 390//390 391//391 413//413
f 391//391 414//414 413//413
f 392//392 393//393 415//415
f 393//393 416//416 415//415
f 393//393 394//394 416//416
f 394//394 417//417 416//416
f 394//394 395//395 417//417
f 395//395 418//418 417//417
f 395//395 396//396 418//418
f 396//396 419//419 418//418
f 396//396 397//397 419//419
f 397//397 420//420 419//419
f 397//397 398//398 420//420
f 398//398 421//421 420//420
f 398//398 399//399 421//421
f 399//399 422//422 421//421
f 399//399 400//400 422//422
f 400//400 423//423 422//422
f 400//400 401//401 423//423
f 401//401 424//424 423//423
f 401//401 402//402 424//424
f 402//402 425//425 424//424
f 402//402 403//403 425//425
f 403//403 426//426 425//425
f 403//403 404//404 426//426
f 404//404 427//427 426//426
f 404//404 405//405 427//427
f 405//405 428//428 427//427
f 405//405 406//406 428//428
f 406//406 429//429 428//428
f 406//406 407//407 429//429
f 407//407 430//430 429//429
f 407//407 408//408 430//430
f 408//408 431//431 430//430
f 408//408 409//409 431//431
f 409//409 432//432 431//431
f 409//409 410//410 432//432
f 410//410 433//433 432//432
f 410//410 411//411 433//433
f 411//411 434//434 433//433
f 411//411 412//412 434//434
f 412//412 435//435 434//434
f 412//412 413//413 435//435
f 413//413 436//436 435//435
f 413//413 414//414 436//436
f 414//414 437//437 436//436
f 415//415 416//416 438//438
f 416//416 439//439 438//438
f 416//416 417//417 439//439
f 417//417 440//440 439//439
f 417//417 418//418 440//440
f 418//418 441//441 440//440
f 418//418 419//419 441//441
f 419//419 442//442 441//441
f 419//419 420//420 442//442
f 420//420 443//443 442//442
f 420//420 421//421 443//443
f 421//421 444//444 443//443
f 421//421 422//422 444//444
f 422//422 445//445 444//444
f 422//422 423//423 445//445
f 423//423 446//446 445//445
f 423//423 424//424 446//446
f 424//424 447//447 446//446
f 424//424 425//425 447//447
f 425//425 448//448 447//447
f 425//425 426//426 448//448
f 426//426 449//449 448//448
f 426//426 427//427 449//449
f 427//427 450//450 449//449
f 427//427 428//428 450//450
f 428//428 451//451 450//450
f 428//428 429//429 451//451
f 429//429 452//452 451//451
f 429//429 430//430 452//452
f 430//430 453//453 452//452
f 430//430 431//431 453//453
f 431//431 454//454 453//453
f 431//431 432//432 454//454
f 432//432 455//455 454//454
f 432//432 433//433 455//455
f 433//433 456//456 455//455
f 433//433 434//434 456//456
f 434//434 457//457 456//456
f 434//434 435//435 457//457
f 435//435 458//458 457//457
f 435//435 436//436 458//458
f 436//436 459//459 458//458
f 436//436 437//437 459//459
f 437//437 460//460 459//459
f 438//438 439//439 461//461
f 439//439 462//462 461//461
f 439//439 440//440 462//462
f 440//440 463//463 462//462
f 440//440 441//441 463//463
f 441//441 464//464 463//463
f 441//441 442//442 464//464
f 442//442 465//465 464//464
f 442//442 443//443 465//465
f 443//443 466//466 465//465
f 443//443 444//444 466//466
f 444//444 467//467 466//466
f 444//444 445//445 467//467
f 445//445 468//468 467//467
f 445//445 446//446 468//468
f 446//446 469//469 468//468
f 446//446 447//447 469//469
f 447//447 470//470 469//469
f 447//447 448//448 470//470
f 448//448 471//471 470//470
f 448//448 449//449 471//471
f 449//449 472//472 471//471
f 449//449 450//450 472//472
f 450//450 473//473 472//472
f 450//450 451//451 473//473
f 451//451 474//474 473//473
f 451//451 452//452 474//474
f 452//452 475//475 474//474
f 452//452 453//453 475//475
f 453//453 476//476 475//475
f 453//453 454//454 476//476
f 454//454 477//477 476//476
f 454//454 455//455 477//477
f 455//455 478//478 477//477
f 455//455 456//456 478//478
f 456//456 479//479 478//478
f 456//456 457//457 479//479
f 457//457 480//480 479//479
f 457//457 458//458 480//480
f 458//458 481//481 480//480
f 458//458 459//459 481//481
f 459//459 482//482 481//481
f 459//459 460//460 482//482
f 460//460 483//483 482//482
f 461//461 462//462 484//484
f 462//462 485//485 484//484
f 462//462 463//463 485//485
f 463//463 486//486 485//485
f 463//463 464//464 486//486
f 464//464 487//487 486//486
f 464//464 465//465 487//487
f 465//465 488//488 487//487
f 465//465 466//466 488//488
f 466//466 489//489 488//488
f 466//466 467//467 489//489
f 467//467 490//490 489//489
f 467//467 468//468 490//490
f 468//468 491//491 490//490
f 468//468 469//469 491//491
f 469//469 492//492 491//491
f 469//469 470//470 492//492
f 470//470 493//493 492//492
f 470//470 471//471 493//493
f 471//471 494//494 493//493
f 471//471 472//472 494//494
f 472//472 495//495 494//494
f 472//472 473//473 495//495
f 473//473 496//496 495//495
f 473//473 474//474 496//496
f 474//474 497//497 496//496
f 474//474 475//475 497//497
f 475//475 498//498 497//497
f 475//475 476//476 498//498
f 476//476 499//499 498//498
f 476//476 477//477 499//499
f 477//477 500//500 499//499
f 477//477 478//478 500//500
f 478//478 501//501 500//500
f 478//478 479//479 501//501
f 479//479 502//502 501//501
f 479//479 480//480 502//502
f 480//480 503//503 502//502
f 480//480 481//481 503//503
f 481//481 504//504 503//503
f 481//481 482//482 504//504
f 482//482 505//505 504//504
f 482//482 483//483 505//505
f 483//483 506//506 505//505
f 484//484 485//485 507//507
f 485//485 508//508 507//507
f 485//485 486//486 508//508
f 486//486 509//509 508//508
f 486//486 487//487 509//509
f 487//487 510//510 509//509
f 487//487 488//488 510//510
f 488//488 511//511 510//510
f 488//488 489//489 511//511
f 489//489 512//512 511//511
f 489//489 490//490 512//512
f 490//490 513//513 512//512
f 490//490 491//491 513//513
f 491//491 514//514 513//513
f 491//491 492//492 514//514
f 492//492 515//515 514//514
f 492//492 493//493 515//515
f 493//493 516//516 515//515
f 493//493 494//494 516//516
f 494//494 517//517 516//516
f 494//494 495//495 517//517
f 495//495 518//518 517//517
f 495//495 496//496 518//518
f 496//496 519//519 518//518
f 496//496 497//497 519//519
f 497//497 520//520 519//519
f 497//497 498//498 520//520
f 498//498 521//521 520//520
f 498//498 499//499 521//521
f 499//499 522//522 521//521
f 499//499 500//500 522//522
f 500//500 523//523 522//522
f 500//500 501//501 523//523
f 501//501 524//524 523//523
f 501//501 502//502 524//524
f 502//502 525//525 524//524
f 502//502 503//503 525//525
f 503//503 526//526 525//525
f 503//503 504//504 526//526
f 504//504 527//527 526//526
f 504//504 505//505 527//527
f 505//505 528//528 527//527
f 505//505 506//506 528//528
f 506//506 529//529 528//528
f 530//530 553//553 531//531
f 531//531 553//553 554//554
f 531//531 554//554 532//532
f 532//532 554//554 555//555
f 532//532 555//555 533//533
f 533//533 555//555 556//556
f 533//533 556//556 534//534
f 534//534 556//556 557//557
f 534//534 557//557 535//535
f 535//535 557//557 558//558
f 535//535 558//558 536//536
f 536//536 558//558 559//559
f 536//536 559//559 537//537
f 537//537 559//559 560//560
f 537//537 560//560 538//538
f 538//538 560//560 561//561
f 538//538 561//561 539//539
f 539//539 561//561 562//562
f 539//539 562//562 540//540
f 540//540 562//562 563//563
f 540//540 563//563 541//541
f 541//541 563//563 564//564
f 541//541 564//564 542//542
f 542//542 564//564 565//565
f 542//542 565//565 543//543
f 543//543 565//565 566//566
f 543//543 566//566 544//544
f 544//544 566//566 567//567
f 544//544 567//567 545//545
f 545//545 567//567 568//568
f 545//545 568//568 546//546
f 546//546 568//568 569//569
f 546//546 569//569 547//547
f 547//547 569//569 570//570
f 547//547 570//570 548//548
f 548//548 570//570 571//571
f 548//548 571//571 549//549
f 549//549 571//571 572//572
f 549//549 572//572 550//550
f 550//550 572//572 573//573
f 550//550 573//573 551//551
f 551//551 573//573 574//574
f 551//551 574//574 552//552
f 552//552 574//574 575//575
f 553//553 576//576 554//554
f 554//554 576//576 577//577
f 554//554 577//577 555//555
f 555//555 577//577 578//578
f 555//555 578//578 556//556
f 556//556 578//578 579//579
f 556//556 579//579 557//557
f 557//557 579//579 580//580
f 557//557 580//580 558//558
f 558//558 580//580 581//581
f 558//558 581//581 559//559
f 559//559 581//581 582//582
f 559//559 582//582 560//560
f 560//560 582//582 583//583
f 560//560 583//583 561//561
f 561//561 583//583 584//584
f 561//561 584//584 562//562
f 562//562 584//584 585//585
f 562//562 585//585 563//563
f 563//563 585//585 586//586
f 563//563 586//586 564//564
f 564//564 586//586 587//587
f 564//564 587//587 565//565
f 565//565 587//587 588//588
f 565//565 588//588 566//566
f 566//566 588//588 589//589
f 566//566 589//589 567//567
f 567//567 589//589 590//590
f 567//567 590//590 568//568
f 568//568 590//590 591//591
f 568//568 591//591 569//569
f 569//569 591//591 592//592
f 569//569 592//592 570//570
f 570//570 592//592 593//593
f 570//570 593//593 571//571
f 571//571 593//593 594//594
f 571//571 594//594 572//572
f 572//572 594//594 595//595
f 572//572 595//595 573//573
f 573//573 595//595 596//596
f 573//573 596//596 574//574
f 574//574 596//596 597//597
f 574//574 597//597 575//575
f 575//575 597//597 598//598
f 576//576 599//599 577//577
f 577//577 599//599 600//600
f 577//577 600//600 578//578
f 578//578 600//600 601//601
f 578//578 601//601 579//579
f 579//579 601//601 602//602
f 579//579 602//602 580//580
f 580//580 602//602 603//603
f 580//580 603//603 581//581
f 581//581 603//603 604//604
f 581//581 604//604 582//582
f 582//582 604//604 605//605
f 582//582 605//605 583//583
f 583//583 605//605 606//606
f 583//583 606//606 584//584
f 584//584 606//606 607//607
f 584//584 607//607 585//585
f 585//585 607//607 608//608
f 585//585 608//608 586//586
f 586//586 608//608 609//609
f 586//586 609//609 587//587
f 587//587 609//609 610//610
f 587//587 610//610 588//588
f 588//588 610//610 611//611
f 588//588 611//611 589//589
f 589//589 611//611 612//612
f 589//589 612//612 590//590
f 590//590 612//612 613//613
f 590//590 613//613 591//591
f 591//591 613//613 614//614
f 591//591 614//614 592//592
f 592//592 614//614 615//615
f 592//592 615//615 593//593
f 593//593 615//615 616//616
f 593//593 616//616 594//594
f 594//594 616//616 617//617
f 594//594 617//617 595//595
f 595//595 617//617 618//618
f 595//595 618//618 596//596
f 596//596 618//618 619//619
f 596//596 619//619 597//597
f 597//597 619//619 620//620
f 597//597 620//620 598//598
f 598//598 620//620 621//621
f 599//599 622//622 600//600
f 600//600 622//622 623//623
f 600//600 623//623 601//601
f 601//601 623//623 624//624
f 601//601 624//624 602//602
f 602//602 624//624 625//625
f 602//602 625//625 603//603
f 603//603 625//625 626//626
f 603//603 626//626 604//604
f 604//604 626//626 627//627
f 604//604 627//627 605//605
f 605//605 627//627 628//628
f 605//605 628//628 606//606
f 606//606 628//628 629//629
f 606//606 629//629 607//607
f 607//607 629//629 630//630
f 607//607 630//630 608//608
f 608//608 630//630 631//631
f 608//608 631//631 609//609
f 609//609 631//631 632//632
f 609//609 632//632 610//610
f 610//610 632//632 633//633
f 610//610 633//633 611//611
f 611//611 633//633 634//634
f 611//611 634//634 612//612
f 612//612 634//634 635//635
f 612//612 635//635 613//613
f 613//613 635//635 636//636
f 613//613 636//636 614//614
f 614//614 636//636 637//637
f 614//614 637//637 615//615
f 615//615 637//637 638//638
f 615//615 638//638 616//616
f 616//616 638//638 639//639
f 616//616 639//639 617//617
f 617//617 639//639 640//640
f 617//617 640//640 618//618
f 618//618 640//640 641//641
f 618//618 641//641 619//619
f 619//619 641//641 642//642
f 619//619 642//642 620//620
f 620//620 642//642 643//643
f 620//620 643//643 621//621
f 621//621 643//643 644//644
f 622//622 645//645 623//623
f 623//623 645//645 646//646
f 623//623 646//646 624//624
f 624//624 646//646 647//647
f 624//624 647//647 625//625
f 625//625 647//647 648//648
f 625//625 648//648 626//626
f 626//626 648//648 649//649
f 626//626 649//649 627//627
f 627//627 649//649 650//650
f 627//627 650//650 628//628
f 628//628 650//650 651//651
f 628//628 651//651 629//629
f 629//629 651//651 652//652
f 629//629 652//652 630//630
f 630//630 652//652 653//653
f 630//630 653//653 631//631
f 631//631 653//653 654//654
f 631//631 654//654 632//632
f 632//632 654//654 655//655
f 632//632 655//655 633//633
f 633//633 655//655 656//656
f 633//633 656//656 634//634
f 634//634 656//656 657//657
f 634//634 657//657 635//635
f 635//635 657//657 658//658
f 635//635 658//658 636//636
f 636//636 658//658 659//659
f 636//636 659//659 637//637
f 637//637 659//659 660//660
f 637//637 660//660 638//638
f 638//638 660//660 661//661
f 638//638 661//661 639//639
f 639//639 661//661 662//662
f 639//639 662//662 640//640
f 640//640 662//662 663//663
f 640//640 663//663 641//641
f 641//641 663//663 664//664
f 641//641 664//664 642//642
f 642//642 664//664 665//665
f 642//642 665//665 643//643
f 643//643 665//665 666//666
f 643//643 666//666 644//644
f 644//644 666//666 667//667
f 645//645 668//668 646//646
f 646//646 668//668 669//669
f 646//646 669//669 647//647
f 647//647 669//669 670//670
f 647//647 670//670 648//648
f 648//648 670//670 671//671
f 648//648 671//671 649//649
f 649//649 671//671 672//672
f 649//649 672//672 650//650
f 650//650 672//672 673//673
f 650//650 673//673 651//651
f 651//651 673//673 674//674
f 651//651 674//674 652//652
f 652//652 674//674 675//675
f 652//652 675//675 653//653
f 653//653 675//675 676//676
f 653//653 676//676 654//654
f 654//654 676//676 677//677
f 654//654 677//677 655//655
f 655//655 677//677 678//678
f 655//655 678//678 656//656
f 656//656 678//678 679//679
f 656//656 679//679 657//657
f 657//657 679//679 680//680
f 657//657 680//680 658//658
f 658//658 680//680 681//681
f 658//658 681//681 659//659
f 659//659 681//681 682//682
f 659//659 682//682 660//660
f 660//660 682//682 683//683
f 660//660 683//683 661//661
f 661//661 683//683 684//684
f 661//661 684//684 662//662
f 662//662 684//684 685//685
f 662//662 685//685 663//663
f 663//663 685//685 686//686
f 663//663 686//686 664//664
f 664//664 686//686 687//687
f 664//664 687//687 665//665
f 665//665 687//687 688//688
f 665//665 688//688 666//666
f 666//666 688//688 689//689
f 666//666 689//689 667//667
f 667//667 689//689 690//690
f 668//668 691//691 669//669
f 669//669 691//691 692//692
f 669//669 692//692 670//670
f 670//670 692//692 693//693
f 670//670 693//693 671//671
f 671//671 693//693 694//694
f 671//671 694//694 672//672
f 672//672 694//694 695//695
f 672//672 695//695 673//673
f 673//673 695//695 696//696
f 673//673 696//696 674//674
f 674//674 696//696 697//697
f 674//674 697//697 675//675
f 675//675 697//697 698//698
f 675//675 698//698 676//676
f 676//676 698//698 699//699
f 676//676 699//699 677//677
f 677//677 699//699 700//700
f 677//677 700//700 678//678
f 678//678 700//700 701//701
f 678//678 701//701 679//679
f 679//679 701//701 702//702
f 679//679 702//702 680//680
f 680//680 702//702 703//703
f 680//680 703//703 681//681
f 681//681 703//703 704//704
f 681//681 704//704 682//682
f 682//682 704//704 705//705
f 682//682 705//705 683//683
f 683//683 705//705 706//706
f 683//683 706//706 684//684
f 684//684 706//706 707//707
f 684//684 707//707 685//685
f 685//685 707//707 708//708
f 685//685 708//708 686//686
f 686//686 708//708 709//709
f 686//686 709//709 687//687
f 687//687 709//709 710//710
f 687//687 710//710 688//688
f 688//688 710//710 711//711
f 688//688 711//711 689//689
f 689//689 711//711 712//712
f 689//689 712//712 690//690
f 690//690 712//712 713//713
f 691//691 714//714 692//692
f 692//692 714//714 715//715
f 692//692 715//715 693//693
f 693//693 715//715 716//716
f 693//693 716//716 694//694
f 694//694 716//716 717//717
f 694//694 717//717 695//695
f 695//695 717//717 718//718
f 695//695 718//718 696//696
f 696//696 718//718 719//719
f 696//696 719//719 697//697
f 697//697 719//719 720//720
f 697//697 720//720 698//698
f 698//698 720//720 721//721
f 698//698 721//721 699//699
f 699//699 721//721 722//722
f 699//699 722//722 700//700
f 700//700 722//722 723//723
f 700//700 723//723 701//701
f 701//701 723//723 724//724
f 701//701 724//724 702//702
f 702//702 724//724 725//725
f 702//702 725//725 703//703
f 703//703 725//725 726//726
f 703//703 726//726 704//704
f 704//704 726//726 727//727
f 704//704 727//727 705//705
f 705//705 727//727 728//728
f 705//705 728//728 706//706
f 706//706 728//728 729//729
f 706//706 729//729 707//707
f 707//707 729//729 730//730
f 707//707 730//730 708//708
f 708//708 730//730 731//731
f 708//708 731//731 709//709
f 709//709 731//731 732//732
f 709//709 732//732 710//710
f 710//710 732//732 733//733
f 710//710 733//733 711//711
f 711//711 733//733 734//734
f 711//711 734//734 712//712
f 712//712 734//734 735//735
f 712//712 735//735 713//713
f 713//713 735//735 736//736
f 714//714 737//737 715//715
f 715//715 737//737 738//738
f 715//715 738//738 716//716
f 716//716 738//738 739//739
f 716//716 739//739 717//717
f 717//717 739//739 740//740
f 717//717 740//740 718//718
f 718//718 740//740 741//741
f 718//718 741//741 719//719
f 719//719 741//741 742//742
f 719//719 742//742 720//720
f 720//720 742//742 743//743
f 720//720 743//743 721//721
f 721//721 743//743 744//744
f 721//721 744//744 722//722
f 722//722 744//744 745//745
f 722//722 745//745 723//723
f 723//723 745//745 746//746
f 723//723 746//746 724//724
f 724//724 746//746 747//747
f 724//724 747//747 725//725
f 725//725 747//747 748//748
f 725//725 748//748 726//726
f 726//726 748//748 749//749
f 726//726 749//749 727//727
f 727//727 749//749 750//750
f 727//727 750//750 728//728
f 728//728 750//750 751//751
f 728//728 751//751 729//729
f 729//729 751//751 752//752
f 729//729 752//752 730//730
f 730//730 752//752 753//753
f 730//730 753//753 731//731
f 731//731 753//753 754//754
f 731//731 754//754 732//732
f 732//732 754//754 755//755
f 732//732 755//755 733//733
f 733//733 755//755 756//756
f 733//733 756//756 734//734
f 734//734 756//756 757//757
f 734//734 757//757 735//735
f 735//735 757//757 758//758
f 735//735 758//758 736//736
f 736//736 758//758 759//759
f 737//737 760//760 738//738
f 738//738 760//760 761//761
f 738//738 761//761 739//739
f 739//739 761//761 762//762
f 739//739 762//762 740//740
f 740//740 762//762 763//763
f 740//740 763//763 741//741
f 741//741 763//763 764//764
f 741//741 764//764 742//742
f 742//742 764//764 765//765
f 742//742 765//765 743//743
f 743//743 765//765 766//766
f 743//743 766//766 744//744
f 744//744 766//766 767//767
f 744//744 767//767 745//745
f 745//745 767//767 768//768
f 745//745 768//768 746//746
f 746//746 768//768 769//769
f 746//746 769//769 747//747
f 747//747 769//769 770//770
f 747//747 770//770 748//748
f 748//748 770//770 771//771
f 748//748 771//771 749//749
f 749//749 771//771 772//772
f 749//749 772//772 750//750
f 750//750 772//772 773//773
f 750//750 773//773 751//751
f 751//751 773//773 774//774
f 751//751 774//774 752//752
f 752//752 774//774 775//775
f 752//752 775//775 753//753
f 753//753 775//775 776//776
f 753//753 776//776 754//754
f 754//754 776//776 777//777
f 754//754 777//777 755//755
f 755//755 777//777 778//778
f 755//755 778//778 756//756
f 756//756 778//778 779//779
f 756//756 779//779 757//757
f 757//757 779//779 780//780
f 757//757 780//780 758//758
f 758//758 780//780 781//781
f 758//758 781//781 759//759
f 759//759 781//781 782//782
f 760//760 783//783 761//761
f 761//761 783//783 784//784
f 761//761 784//784 762//762
f 762//762 784//784 785//785
f 762//762 785//785 763//763
f 763//763 785//785 786//786
f 763//763 786//786 764//764
f 764//764 786//786 787//787
f 764//764 787//787 765//765
f 765//765 787//787 788//788
f 765//765 788//788 766//766
f 766//766 788//788 789//789
f 766//766 789//789 767//767
f 767//767 789//789 790//790
f 767//767 790//790 768//768
f 768//768 790//790 791//791
f 768//768 791//791 769//769
f 769//769 791//791 792//792
f 769//769 792//792 770//770
f 770//770 792//792 793//793
f 770//770 793//793 771//771
f 771//771 793//793 794//794
f 771//771 794//794 772//772
f 772//772 794//794 795//795
f 772//772 795//795 773//773
f 773//773 795//795 796//796
f 773//773 796//796 774//774
f 774//774 796//796 797//797
f 774//774 797//797 775//775
f 775//775 797//797 798//798
f 775//775 798//798 776//776
f 776//776 798//798 799//799
f 776//776 799//799 777//777
f 777//777 799//799 800//800
f 777//777 800//800 778//778
f 778//778 800//800 801//801
f 778//778 801//801 779//779
f 779//779 801//801 802//802
f 779//779 802//802 780//780
f 780//780 802//802 803//803
f 780//780 803//803 781//781
f 781//781 803//803 804//804
f 781//781 804//804 782//782
f 782//782 804//804 805//805
f 783//783 806//806 784//784
f 784//784 806//806 807//807
f 784//784 807//807 785//785
f 785//785 807//807 808//808
f 785//785 808//808 786//786
f 786//786 808//808 809//809
f 786//786 809//809 787//787
f 787//787 809//809 810//810
f 787//787 810//810 788//788
f 788//788 810//810 811//811
f 788//788 811//811 789//789
f 789//789 811//811 812//812
f 789//789 812//812 790//790
f 790//790 812//812 813//813
f 790//790 813//813 791//791
f 791//791 813//813 814//814
f 791//791 814//814 792//792
f 792//792 814//814 815//815
f 792//792 815//815 793//793
f 793//793 815//815 816//816
f 793//793 816//816 794//794
f 794//794 816//816 817//817
f 794//794 817//817 795//795
f 795//795 817//817 818//818
f 795//795 818//818 796//796
f 796//796 818//818 819//819
f 796//796 819//819 797//797
f 797//797 819//819 820//820
f 797//797 820//820 798//798
f 798//798 820//820 821//821
f 798//798 821//821 799//799
f 799//799 821//821 822//822
f 799//799 822//822 800//800
f 800//800 822//822 823//823
f 800//800 823//823 801//801
f 801//801 823//823 824//824
f 801//801 824//824 802//802
f 802//802 824//824 825//825
f 802//802 825//825 803//803
f 803//803 825//825 826//826
f 803//803 826//826 804//804
f 804//804 826//826 827//827
f 804//804 827//827 805//805
f 805//805 827//827 828//828
f 806//806 829//829 807//807
f 807//807 829//829 830//830
f 807//807 830//830 808//808
f 808//808 830//830 831//831
f 808//808 831//831 809//809
f 809//809 831//831 832//832
f 809//809 832//832 810//810
f 810//810 832//832 833//833
f 810//810 833//833 811//811
f 811//811 833//833 834//834
f 811//811 834//834 812//812
f 812//812 834//834 835//835
f 812//812 835//835 813//813
f 813//813 835//835 836//836
f 813//813 836//836 814//814
f 814//814 836//836 837//837
f 814//814 837//837 815//815
f 815//815 837//837 838//838
f 815//815 838//838 816//816
f 816//816 838//838 839//839
f 816//816 839//839 817//817
f 817//817 839//839 840//840
f 817//817 840//840 818//818
f 818//818 840//840 841//841
f 818//818 841//841 819//819
f 819//819 841//841 842//842
f 819//819 842//842 820//820
f 820//820 842//842 843//843
f 820//820 843//843 821//821
f 821//821 843//843 844//844
f 821//821 844//844 822//822
f 822//822 844//844 845//845
f 822//822 845//845 823//823
f 823//823 845//845 846//846
f 823//823 846//846 824//824
f 824//824 846//846 847//847
f 824//824 847//847 825//825
f 825//825 847//847 848//848
f 825//825 848//848 826//826
f 826//826 848//848 849//849
f 826//826 849//849 827//827
f 827//827 849//849 850//850
f 827//827 850//850 828//828
f 828//828 850//850 851//851
f 829//829 852//852 830//830
f 830//830 852//852 853//853
f 830//830 853//853 831//831
f 831//831 853//853 854//854
f 831//831 854//854 832//832
f 832//832 854//854 855//855
f 832//832 855//855 833//833
f 833//833 855//855 856//856
f 833//833 856//856 834//834
f 834//834 856//856 857//857
f 834//834 857//857 835//835
f 835//835 857//857 858//858
f 835//835 858//858 836//836
f 836//836 858//858 859//859
f 836//836 859//859 837//837
f 837//837 859//859 860//860
f 837//837 860//860 838//838
f 838//838 860//860 861//861
f 838//838 861//861 839//839
f 839//839 861//861 862//862
f 839//839 862//862 840//840
f 840//840 862//862 863//863
f 840//840 863//863 841//841
f 841//841 863//863 864//864
f 841//841 864//864 842//842
f 842//842 864//864 865//865
f 842//842 865//865 843//843
f 843//843 865//865 866//866
f 843//843 866//866 844//844
f 844//844 866//866 867//867
f 844//844 867//867 845//845
f 845//845 867//867 868//868
f 845//845 868//868 846//846
f 846//846 868//868 869//869
f 846//846 869//869 847//847
f 847//847 869//869 870//870
f 847//847 870//870 848//848
f 848//848 870//870 871//871
f 848//848 871//871 849//849
f 849//849 871//871 872//872
f 849//849 872//872 850//850
f 850//850 872//872 873//873
f 850//850 873//873 851//851
f 851//851 873//873 874//874
f 852//852 875//875 853//853
f 853//853 875//875 876//876
f 853//853 876//876 854//854
f 854//854 876//876 877//877
f 854//854 877//877 855//855
f 855//855 877//877 878//878
f 855//855 878//878 856//856
f 856//856 878//878 879//879
f 856//856 879//879 857//857
f 857//857 879//879 880//880
f 857//857 880//880 858//858
f 858//858 880//880 881//881
f 858//858 881//881 859//859
f 859//859 881//881 882//882
f 859//859 882//882 860//860
f 860//860 882//882 883//883
f 860//860 883//883 861//861
f 861//861 883//883 884//884
f 861//861 884//884 862//862
f 862//862 884//884 885//885
f 862//862 885//885 863//863
f 863//863 885//885 886//886
f 863//863 886//886 864//864
f 864//864 886//886 887//887
f 864//864 887//887 865//865
f 865//865 887//887 888//888
f 865//865 888//888 866//866
f 866//866 888//888 889//889
f 866//866 889//889 867//867
f 867//867 889//889 890//890
f 867//867 890//890 868//868
f 868//868 890//890 891//891
f 868//868 891//891 869//869
f 869//869 891//891 892//892
f 869//869 892//892 870//870
f 870//870 892//892 893//893
f 870//870 893//893 871//871
f 871//871 893//893 894//894
f 871//871 894//894 872//872
f 872//872 894//894 895//895
f 872//872 895//895 873//873
f 873//873 895//895 896//896
f 873//873 896//896 874//874
f 874//874 896//896 897//897
f 875//875 898//898 876//876
f 876//876 898//898 899//899
f 876//876 899//899 877//877
f 877//877 899//899 900//900
f 877//877 900//900 878//878
f 878//878 900//900 901//901
f 878//878 901//901 879//879
f 879//879 901//901 902//902
f 879//879 902//902 880//880
f 880//880 902//902 903//903
f 880//880 903//903 881//881
f 881//881 903//903 904//904
f 881//881 904//904 882//882
f 882//882 904//904 905//905
f 882//882 905//905 883//883
f 883//883 905//905 906//906
f 883//883 906//906 884//884
f 884//884 906//906 907//907
f 884//884 907//907 885//885
f 885//885 907//907 908//908
f 885//885 908//908 886//886
f 886//886 908//908 909//909
f 886//886 909//909 887//887
f 887//887 909//909 910//910
f 887//887 910//910 888//888
f 888//888 910//910 911//911
f 888//888 911//911 889//889
f 889//889 911//911 912//912
f 889//889 912//912 890//890
f 890//890 912//912 913//913
f 890//890 913//913 891//891
f 891//891 913//913 914//914
f 891//891 914//914 892//892
f 892//892 914//914 915//915
f 892//892 915//915 893//893
f 893//893 915//915 916//916
f 893//893 916//916 894//894
f 894//894 916//916 917//917
f 894//894 917//917 895//895
f 895//895 917//917 918//918
f 895//895 918//918 896//896
f 896//896 918//918 919//919
f 896//896 919//919 897//897
f 897//897 919//919 920//920
f 898//898 921//921 899//899
f 899//899 921//921 922//922
f 899//899 922//922 900//900
f 900//900 922//922 923//923
f 900//900 923//923 901//901
f 901//901 923//923 924//924
f 901//901 924//924 902//902
f 902//902 924//924 925//925
f 902//902 925//925 903//903
f 903//903 925//925 926//926
f 903//903 926//926 904//904
f 904//904 926//926 927//927
f 904//904 927//927 905//905
f 905//905 927//927 928//928
f 905//905 928//928 906//906
f 906//906 928//928 929//929
f 906//906 929//929 907//907
f 907//907 929//929 930//930
f 907//907 930//930 908//908
f 908//908 930//930 931//931
f 908//908 931//931 909//909
f 909//909 931//931 932//932
f 909//909 932//932 910//910
f 910//910 932//932 933//933
f 910//910 933//933 911//911
f 911//911 933//933 934//934
f 911//911 934//934 912//912
f 912//912 934//934 935//935
f 912//912 935//935 913//913
f 913//913 935//935 936//936
f 913//913 936//936 914//914
f 914//914 936//936 937//937
f 914//914 937//937 915//915
f 915//915 937//937 938//938
f 915//915 938//938 916//916
f 916//916 938//938 939//939
f 916//916 939//939 917//917
f 917//917 939//939 940//940
f 917//917 940//940 918//918
f 918//918 940//940 941//941
f 918//918 941//941 919//919
f 919//919 941//941 942//942
f 919//919 942//942 920//920
f 920//920 942//942 943//943
f 921//921 944//944 922//922
f 922//922 944//944 945//945
f 922//922 945//945 923//923
f 923//923 945//945 946//946
f 923//923 946//946 924//924
f 924//924 946//946 947//947
f 924//924 947//947 925//925
f 925//925 947//947 948//948
f 925//925 948//948 926//926
f 926//926 948//948 949//949
f 926//926 949//949 927//927
f 927//927 949//949 950//950
f 927//927 950//950 928//928
f 928//928 950//950 951//951
f 928//928 951//951 929//929
f 929//929 951//951 952//952
f 929//929 952//952 930//930
f 930//930 952//952 953//953
f 930//930 953//953 931//931
f 931//931 953//953 954//954
f 931//931 954//954 932//932
f 932//932 954//954 955//955
f 932//932 955//955 933//933
f 933//933 955//955 956//956
f 933//933 956//956 934//934
f 934//934 956//956 957//957
f 934//934 957//957 935//935
f 935//935 957//957 958//958
f 935//935 958//958 936//936
f 936//936 958//958 959//959
f 936//936 959//959 937//937
f 937//937 959//959 960//960
f 937//937 960//960 938//938
f 938//938 960//960 961//961
f 938//938 961//961 939//939
f 939//939 961//961 962//962
f 939//939 962//962 940//940
f 940//940 962//962 963//963
f 940//940 963//963 941//941
f 941//941 963//963 964//964
f 941//941 964//964 942//942
f 942//942 964//964 965//965
f 942//942 965//965 943//943
f 943//943 965//965 966//966
f 944//944 967//967 945//945
f 945//945 967//967 968//968
f 945//945 968//968 946//946
f 946//946 968//968 969//969
f 946//946 969//969 947//947
f 947//947 969//969 970//970
f 947//947 970//970 948//948
f 948//948 970//970 971//971
f 948//948 971//971 949//949
f 949//949 971//971 972//972
f 949//949 972//972 950//950
f 950//950 972//972 973//973
f 950//950 973//973 951//951
f 951//951 973//973 974//974
f 951//951 974//974 952//952
f 952//952 974//974 975//975
f 952//952 975//975 953//953
f 953//953 975//975 976//976
f 953//953 976//976 954//954
f 954//954 976//976 977//977
f 954//954 977//977 955//955
f 955//955 977//977 978//978
f 955//955 978//978 956//956
f 956//956 978//978 979//979
f 956//956 979//979 957//957
f 957//957 979//979 980//980
f 957//957 980//980 958//958
f 958//958 980//980 981//981
f 958//958 981//981 959//959
f 959//959 981//981 982//982
f 959//959 982//982 960//960
f 960//960 982//982 983//983
f 960//960 983//983 961//961
f 961//961 983//983 984//984
f 961//961 984//984 962//962
f 962//962 984//984 985//985
f 962//962 985//985 963//963
f 963//963 985//985 986//986
f 963//963 986//986 964//964
f 964//964 986//986 987//987
f 964//964 987//987 965//965
f 965//965 987//987 988//988
f 965//965 988//988 966//966
f 966//966 988//988 989//989
f 967//967 990//990 968//968
f 968//968 990//990 991//991
f 968//968 991//991 969//969
f 969//969 991//991 992//992
f 969//969 992//992 970//970
f 970//970 992//992 993//993
f 970//970 993//993 971//971
f 971//971 993//993 994//994
f 971//971 994//994 972//972
f 972//972 994//994 995//995
f 972//972 995//995 973//973
f 973//973 995//995 996//996
f 973//973 996//996 974//974
f 974//974 996//996 997//997
f 974//974 997//997 975//975
f 975//975 997//997 998//998
f 975//975 998//998 976//976
f 976//976 998//998 999//999
f 976//976 999//999 977//977
f 977//977 999//999 1000//1000
f 977//977 1000//1000 978//978
f 978//978 1000//1000 1001//1001
f 978//978 1001//1001 979//979
f 979//979 1001//1001 1002//1002
f 979//979 1002//1002 980//980
f 980//980 1002//1002 1003//1003
f 980//980 1003//1003 981//981
f 981//981 1003//1003 1004//1004
f 981//981 1004//1004 982//982
f 982//982 1004//1004 1005//1005
f 982//982 1005//1005 983//983
f 983//983 1005//1005 1006//1006
f 983//983 1006//1006 984//984
f 984//984 1006//1006 1007//1007
f 984//984 1007//1007 985//985
f 985//985 1007//1007 1008//1008
f 985//985 1008//1008 986//986
f 986//986 1008//1008 1009//1009
f 986//986 1009//1009 987//987
f 987//987 1009//1009 1010//1010
f 987//987 1010//1010 988//988
f 988//988 1010//1010 1011//1011
f 988//988 1011//1011 989//989
f 989//989 1011//1011 1012//1012
f 990//990 1013//1013 991//991
f 991//991 1013//1013 1014//1014
f 991//991 1014//1014 992//992
f 992//992 1014//1014 1015//1015
f 992//992 1015//1015 993//993
f 993//993 1015//1015 1016//1016
f 993//993 1016//1016 994//994
f 994//994 1016//1016 1017//1017
f 994//994 1017//1017 995//995
f 995//995 1017//1017 1018//1018
f 995//995 1018//1018 996//996
f 996//996 1018//1018 1019//1019
f 996//996 1019//1019 997//997
f 997//997 1019//1019 1020//1020
f 997//997 1020//1020 998//998
f 998//998 1020//1020 1021//1021
f 998//998 1021//1021 999//999
f 999//999 1021//1021 1022//1022
f 999//999 1022//1022 1000//1000
f 1000//1000 1022//1022 1023//1023
f 1000//1000 1023//1023 1001//1001
f 1001//1001 1023//1023 1024//1024
f 1001//1001 1024//1024 1002//1002
f 1002//1002 1024//1024 1025//1025
f 1002//1002 1025//1025 1003//1003
f 1003//1003 1025//1025 1026//1026
f 1003//1003 1026//1026 1004//1004
f 1004//1004 1026//1026 1027//1027
f 1004//1004 1027//1027 1005//1005
f 1005//1005 1027//1027 1028//1028
f 1005//1005 1028//1028 1006//1006
f 1006//1006 1028//1028 1029//1029
f 1006//1006 1029//1029 1007//1007
f 1007//1007 1029//1029 1030//1030
f 1007//1007 1030//1030 1008//1008
f 1008//1008 1030//1030 1031//1031
f 1008//1008 1031//1031 1009//1009
f 1009//1009 1031//1031 1032//1032
f 1009//1009 1032//1032 1010//1010
f 1010//1010 1032//1032 1033//1033
f 1010//1010 1033//1033 1011//1011
f 1011//1011 1033//1033 1034//1034
f 1011//1011 1034//1034 1012//1012
f 1012//1012 1034//1034 1035//1035
f 1269//1269 1285//1285 1270//1270
f 1270//1270 1285//1285 1286//1286
f 1270//1270 1286//1286 1271//1271
f 1271//1271 1286//1286 1287//1287
f 1271//1271 1287//1287 1272//1272
f 1272//1272 1287//1287 1288//1288
f 1272//1272 1288//1288 1273//1273
f 1273//1273 1288//1288 1289//1289
f 1273//1273 1289//1289 1274//1274
f 1274//1274 1289//1289 1290//1290
f 1274//1274 1290//1290 1275//1275
f 1275//1275 1290//1290 1291//1291
f 1275//1275 1291//1291 1276//1276
f 1276//1276 1291//1291 1292//1292
f 1276//1276 1292//1292 1277//1277
f 1277//1277 1292//1292 1293//1293
f 1277//1277 1293//1293 1278//1278
f 1278//1278 1293//1293 1294//1294
f 1278//1278 1294//1294 1279//1279
f 1279//1279 1294//1294 1295//1295
f 1279//1279 1295//1295 1280//1280
f 1280//1280 1295//1295 1296//1296
f 1280//1280 1296//1296 1281//1281
f 1281//1281 1296//1296 1297//1297
f 1281//1281 1297//1297 1282//1282
f 1282//1282 1297//1297 1298//1298
f 1282//1282 1298//1298 1283//1283
f 1283//1283 1298//1298 1299//1299
f 1283//1283 1299//1299 1284//1284
f 1284//1284 1299//1299 1300//1300
f 1285//1285 1301//1301 1286//1286
f 1286//1286 1301//1301 1302//1302
f 1286//1286 1302//1302 1287//1287
f 1287//1287 1302//1302 1303//1303
f 1287//1287 1303//1303 1288//1288
f 1288//1288 1303//1303 1304//1304
f 1288//1288 1304//1304 1289//1289
f 1289//1289 1304//1304 1305//1305
f 1289//1289 1305//1305 1290//1290
f 1290//1290 1305//1305 1306//1306
f 1290//1290 1306//1306 1291//1291
f 1291//1291 1306//1306 1307//1307
f 1291//1291 1307//1307 1292//1292
f 1292//1292 1307//1307 1308//1308
f 1292//1292 1308//1308 1293//1293
f 1293//1293 1308//1308 1309//1309
f 1293//1293 1309//1309 1294//1294
f 1294//1294 1309//1309 1310//1310
f 1294//1294 1310//1310 1295//1295
f 1295//1295 1310//1310 1311//1311
f 1295//1295 1311//1311 1296//1296
f 1296//1296 1311//1311 1312//1312
f 1296//1296 1312//1312 1297//1297
f 1297//1297 1312//1312 1313//1313
f 1297//1297 1313//1313 1298//1298
f 1298//1298 1313//1313 1314//1314
f 1298//1298 1314//1314 1299//1299
f 1299//1299 1314//1314 1315//1315
f 1299//1299 1315//1315 1300//1300
f 1300//1300 1315//1315 1316//1316
f 1301//1301 1317//1317 1302//1302
f 1302//1302 1317//1317 1318//1318
f 1302//1302 1318//1318 1303//1303
f 1303//1303 1318//1318 1319//1319
f 1303//1303 1319//1319 1304//1304
f 1304//1304 1319//1319 1320//1320
f 1304//1304 1320//1320 1305//1305
f 1305//1305 1320//1320 1321//1321
f 1305//1305 1321//1321 1306//1306
f 1306//1306 1321//1321 1322//1322
f 1306//1306 1322//1322 1307//1307
f 1307//1307 1322//1322 1323//1323
f 1307//1307 1323//1323 1308//1308
f 1308//1308 1323//1323 1324//1324
f 1308//1308 1324//1324 1309//1309
f 1309//1309 1324//1324 1325//1325
f 1309//1309 1325//1325 1310//1310
f 1310//1310 1325//1325 1326//1326
f 1310//1310 1326//1326 1311//1311
f 1311//1311 1326//1326 1327//1327
f 1311//1311 1327//1327 1312//1312
f 1312//1312 1327//1327 1328//1328
f 1312//1312 1328//1328 1313//1313
f 1313//1313 1328//1328 1329//1329
f 1313//1313 1329//1329 1314//1314
f 1314//1314 1329//1329 1330//1330
f 1314//1314 1330//1330 1315//1315
f 1315//1315 1330//1330 1331//1331
f 1315//1315 1331//1331 1316//1316
f 1316//1316 1331//1331 1332//1332
f 1317//1317 1333//1333 1318//1318
f 1318//1318 1333//1333 1334//1334
f 1318//1318 1334//1334 1319//1319
f 1319//1319 1334//1334 1335//1335
f 1319//1319 1335//1335 1320//1320
f 1320//1320 1335//1335 1336//1336
f 1320//1320 1336//1336 1321//1321
f 1321//1321 1336//1336 1337//1337
f 1321//1321 1337//1337 1322//1322
f 1322//1322 1337//1337 1338//1338
f 1322//1322 1338//1338 1323//1323
f 1323//1323 1338//1338 1339//1339
f 1323//1323 1339//1339 1324//1324
f 1324//1324 1339//1339 1340//1340
f 1324//1324 1340//1340 1325//1325
f 1325//1325 1340//1340 1341//1341
f 1325//1325 1341//1341 1326//1326
f 1326//1326 1341//1341 1342//1342
f 1326//1326 1342//1342 1327//1327
f 1327//1327 1342//1342 1343//1343
f 1327//1327 1343//1343 1328//1328
f 1328//1328 1343//1343 1344//1344
f 1328//1328 1344//1344 1329//1329
f 1329//1329 1344//1344 1345//1345
f 1329//1329 1345//1345 1330//1330
f 1330//1330 1345//1345 1346//1346
f 1330//1330 1346//1346 1331//1331
f 1331//1331 1346//1346 1347//1347
f 1331//1331 1347//1347 1332//1332
f 1332//1332 1347//1347 1348//1348
f 1333//1333 1349//1349 1334//1334
f 1334//1334 1349//1349 1350//1350
f 1334//1334 1350//1350 1335//1335
f 1335//1335 1350//1350 1351//1351
f 1335//1335 1351//1351 1336//1336
f 1336//1336 1351//1351 1352//1352
f 1336//1336 1352//1352 1337//1337
f 1337//1337 1352//1352 1353//1353
f 1337//1337 1353//1353 1338//1338
f 1338//1338 1353//1353 1354//1354
f 1338//1338 1354//1354 1339//1339
f 1339//1339 1354//1354 1355//1355
f 1339//1339 1355//1355 1340//1340
f 1340//1340 1355//1355 1356//1356
f 1340//1340 1356//1356 1341//1341
f 1341//1341 1356//1356 1357//1357
f 1341//1341 1357//1357 1342//1342
f 1342//1342 1357//1357 1358//1358
f 1342//1342 1358//1358 1343//1343
f 1343//1343 1358//1358 1359//1359
f 1343//1343 1359//1359 1344//1344
f 1344//1344 1359//1359 1360//1360
f 1344//1344 1360//1360 1345//1345
f 1345//1345 1360//1360 1361//1361
f 1345//1345 1361//1361 1346//1346
f 1346//1346 1361//1361 1362//1362
f 1346//1346 1362//1362 1347//1347
f 1347//1347 1362//1362 1363//1363
f 1347//1347 1363//1363 1348//1348
f 1348//1348 1363//1363 1364//1364
f 1349//1349 1365//1365 1350//1350
f 1350//1350 1365//1365 1366//1366
f 1350//1350 1366//1366 1351//1351
f 1351//1351 1366//1366 1367//1367
f 1351//1351 1367//1367 1352//1352
f 1352//1352 1367//1367 1368//1368
f 1352//1352 1368//1368 1353//1353
f 1353//1353 1368//1368 1369//1369
f 1353//1353 1369//1369 1354//1354
f 1354//1354 1369//1369 1370//1370
f 1354//1354 1370//1370 1355//1355
f 1355//1355 1370//1370 1371//1371
f 1355//1355 1371//1371 1356//1356
f 1356//1356 1371//1371 1372//1372
f 1356//1356 1372//1372 1357//1357
f 1357//1357 1372//1372 1373//1373
f 1357//1357 1373//1373 1358//1358
f 1358//1358 1373//1373 1374//1374
f 1358//1358 1374//1374 1359//1359
f 1359//1359 1374//1374 1375//1375
f 1359//1359 1375//1375 1360//1360
f 1360//1360 1375//1375 1376//1376
f 1360//1360 1376//1376 1361//1361
f 1361//1361 1376//1376 1377//1377
f 1361//1361 1377//1377 1362//1362
f 1362//1362 1377//1377 1378//1378
f 1362//1362 1378//1378 1363//1363
f 1363//1363 1378//1378 1379//1379
f 1363//1363 1379//1379 1364//1364
f 1364//1364 1379//1379 1380//1380
f 1365//1365 1381//1381 1366//1366
f 1366//1366 1381//1381 1382//1382
f 1366//1366 1382//1382 1367//1367
f 1367//1367 1382//1382 1383//1383
f 1367//1367 1383//1383 1368//1368
f 1368//1368 1383//1383 1384//1384
f 1368//1368 1384//1384 1369//1369
f 1369//1369 1384//1384 1385//1385
f 1369//1369 1385//1385 1370//1370
f 1370//1370 1385//1385 1386//1386
f 1370//1370 1386//1386 1371//1371
f 1371//1371 1386//1386 1387//1387
f 1371//1371 1387//1387 1372//1372
f 1372//1372 1387//1387 1388//1388
f 1372//1372 1388//1388 1373//1373
f 1373//1373 1388//1388 1389//1389
f 1373//1373 1389//1389 1374//1374
f 1374//1374 1389//1389 1390//1390
f 1374//1374 1390//1390 1375//1375
f 1375//1375 1390//1390 1391//1391
f 1375//1375 1391//1391 1376//1376
f 1376//1376 1391//1391 1392//1392
f 1376//1376 1392//1392 1377//1377
f 1377//1377 1392//1392 1393//1393
f 1377//1377 1393//1393 1378//1378
f 1378//1378 1393//1393 1394//1394
f 1378//1378 1394//1394 1379//1379
f 1379//1379 1394//1394 1395//1395
f 1379//1379 1395//1395 1380//1380
f 1380//1380 1395//1395 1396//1396
f 1381//1381 1397//1397 1382//1382
f 1382//1382 1397//1397 1398//1398
f 1382//1382 1398//1398 1383//1383
f 1383//1383 1398//1398 1399//1399
f 1383//1383 1399//1399 1384//1384
f 1384//1384 1399//1399 1400//1400
f 1384//1384 1400//1400 1385//1385
f 1385//1385 1400//1400 1401//1401
f 1385//1385 1401//1401 1386//1386
f 1386//1386 1401//1401 1402//1402
f 1386//1386 1402//1402 1387//1387
f 1387//1387 1402//1402 1403//1403
f 1387//1387 1403//1403 1388//1388
f 1388//1388 1403//1403 1404//1404
f 1388//1388 1404//1404 1389//1389
f 1389//1389 1404//1404 1405//1405
f 1389//1389 1405//1405 1390//1390
f 1390//1390 1405//1405 1406//1406
f 1390//1390 1406//1406 1391//1391
f 1391//1391 1406//1406 1407//1407
f 1391//1391 1407//1407 1392//1392
f 1392//1392 1407//1407 1408//1408
f 1392//1392 1408//1408 1393//1393
f 1393//1393 1408//1408 1409//1409
f 1393//1393 1409//1409 1394//1394
f 1394//1394 1409//1409 1410//1410
f 1394//1394 1410//1410 1395//1395
f 1395//1395 1410//1410 1411//1411
f 1395//1395 1411//1411 1396//1396
f 1396//1396 1411//1411 1412//1412
f 1397//1397 1413//1413 1398//1398
f 1398//1398 1413//1413 1414//1414
f 1398//1398 1414//1414 1399//1399
f 1399//1399 1414//1414 1415//1415
f 1399//1399 1415//1415 1400//1400
f 1400//1400 1415//1415 1416//1416
f 1400//1400 1416//1416 1401//1401
f 1401//1401 1416//1416 1417//1417
f 1401//1401 1417//1417 1402//1402
f 1402//1402 1417//1417 1418//1418
f 1402//1402 1418//1418 1403//1403
f 1403//1403 1418//1418 1419//1419
f 1403//1403 1419//1419 1404//1404
f 1404//1404 1419//1419 1420//1420
f 1404//1404 1420//1420 1405//1405
f 1405//1405 1420//1420 1421//1421
f 1405//1405 1421//1421 1406//1406
f 1406//1406 1421//1421 1422//1422
f 1406//1406 1422//1422 1407//1407
f 1407//1407 1422//1422 1423//1423
f 1407//1407 1423//1423 1408//1408
f 1408//1408 1423//1423 1424//1424
f 1408//1408 1424//1424 1409//1409
f 1409//1409 1424//1424 1425//1425
f 1409//1409 1425//1425 1410//1410
f 1410//1410 1425//1425 1426//1426
f 1410//1410 1426//1426 1411//1411
f 1411//1411 1426//1426 1427//1427
f 1411//1411 1427//1427 1412//1412
f 1412//1412 1427//1427 1428//1428
f 1413//1413 1429//1429 1414//1414
f 1414//1414 1429//1429 1430//1430
f 1414//1414 1430//1430 1415//1415
f 1415//1415 1430//1430 1431//1431
f 1415//1415 1431//1431 1416//1416
f 1416//1416 1431//1431 1432//1432
f 1416//1416 1432//1432 1417//1417
f 1417//1417 1432//1432 1433//1433
f 1417//1417 1433//1433 1418//1418
f 1418//1418 1433//1433 1434//1434
f 1418//1418 1434//1434 1419//1419
f 1419//1419 1434//1434 1435//1435
f 1419//1419 1435//1435 1420//1420
f 1420//1420 1435//1435 1436//1436
f 1420//1420 1436//1436 1421//1421
f 1421//1421 1436//1436 1437//1437
f 1421//1421 1437//1437 1422//1422
f 1422//1422 1437//1437 1438//1438
f 1422//1422 1438//1438 1423//1423
f 1423//1423 1438//1438 1439//1439
f 1423//1423 1439//1439 1424//1424
f 1424//1424 1439//1439 1440//1440
f 1424//1424 1440//1440 1425//1425
f 1425//1425 1440//1440 1441//1441
f 1425//1425 1441//1441 1426//1426
f 1426//1426 1441//1441 1442//1442
f 1426//1426 1442//1442 1427//1427
f 1427//1427 1442//1442 1443//1443
f 1427//1427 1443//1443 1428//1428
f 1428//1428 1443//1443 1444//1444
f 1429//1429 1445//1445 1430//1430
f 1430//1430 1445//1445 1446//1446
f 1430//1430 1446//1446 1431//1431
f 1431//1431 1446//1446 1447//1447
f 1431//1431 1447//1447 1432//1432
f 1432//1432 1447//1447 1448//1448
f 1432//1432 1448//1448 1433//1433
f 1433//1433 1448//1448 1449//1449
f 1433//1433 1449//1449 1434//1434
f 1434//1434 1449//1449 1450//1450
f 1434//1434 1450//1450 1435//1435
f 1435//1435 1450//1450 1451//1451
f 1435//1435 1451//1451 1436//1436
f 1436//1436 1451//1451 1452//1452
f 1436//1436 1452//1452 1437//1437
f 1437//1437 1452//1452 1453//1453
f 1437//1437 1453//1453 1438//1438
f 1438//1438 1453//1453 1454//1454
f 1438//1438 1454//1454 1439//1439
f 1439//1439 1454//1454 1455//1455
f 1439//1439 1455//1455 1440//1440
f 1440//1440 1455//1455 1456//1456
f 1440//1440 1456//1456 1441//1441
f 1441//1441 1456//1456 1457//1457
f 1441//1441 1457//1457 1442//1442
f 1442//1442 1457//1457 1458//1458
f 1442//1442 1458//1458 1443//1443
f 1443//1443 1458//1458 1459//1459
f 1443//1443 1459//1459 1444//1444
f 1444//1444 1459//1459 1460//1460
f 1445//1445 1461//1461 1446//1446
f 1446//1446 1461//1461 1462//1462
f 1446//1446 1462//1462 1447//1447
f 1447//1447 1462//1462 1463//1463
f 1447//1447 1463//1463 1448//1448
f 1448//1448 1463//1463 1464//1464
f 1448//1448 1464//1464 1449//1449
f 1449//1449 1464//1464 1465//1465
f 1449//1449 1465//1465 1450//1450
f 1450//1450 1465//1465 1466//1466
f 1450//1450 1466//1466 1451//1451
f 1451//1451 1466//1466 1467//1467
f 1451//1451 1467//1467 1452//1452
f 1452//1452 1467//1467 1468//1468
f 1452//1452 1468//1468 1453//1453
f 1453//1453 1468//1468 1469//1469
f 1453//1453 1469//1469 1454//1454
f 1454//1454 1469//1469 1470//1470
f 1454//1454 1470//1470 1455//1455
f 1455//1455 1470//1470 1471//1471
f 1455//1455 1471//1471 1456//1456
f 1456//1456 1471//1471 1472//1472
f 1456//1456 1472//1472 1457//1457
f 1457//1457 1472//1472 1473//1473
f 1457//1457 1473//1473 1458//1458
f 1458//1458 1473//1473 1474//1474
f 1458//1458 1474//1474 1459//1459
f 1459//1459 1474//1474 1475//1475
f 1459//1459 1475//1475 1460//1460
f 1460//1460 1475//1475 1476//1476
f 1461//1461 1477//1477 1462//1462
f 1462//1462 1477//1477 1478//1478
f 1462//1462 1478//1478 1463//1463
f 1463//1463 1478//1478 1479//1479
f 1463//1463 1479//1479 1464//1464
f 1464//1464 1479//1479 1480//1480
f 1464//1464 1480//1480 1465//1465
f 1465//1465 1480//1480 1481//1481
f 1465//1465 1481//1481 1466//1466
f 1466//1466 1481//1481 1482//1482
f 1466//1466 1482//1482 1467//1467
f 1467//1467 1482//1482 1483//1483
f 1467//1467 1483//1483 1468//1468
f 1468//1468 1483//1483 1484//1484
f 1468//1468 1484//1484 1469//1469
f 1469//1469 1484//1484 1485//1485
f 1469//1469 1485//1485 1470//1470
f 1470//1470 1485//1485 1486//1486
f 1470//1470 1486//1486 1471//1471
f 1471//1471 1486//1486 1487//1487
f 1471//1471 1487//1487 1472//1472
f 1472//1472 1487//1487 1488//1488
f 1472//1472 1488//1488 1473//1473
f 1473//1473 1488//1488 1489//1489
f 1473//1473 1489//1489 1474//1474
f 1474//1474 1489//1489 1490//1490
f 1474//1474 1490//1490 1475//1475
f 1475//1475 1490//1490 1491//1491
f 1475//1475 1491//1491 1476//1476
f 1476//1476 1491//1491 1492//1492
f 1477//1477 1493//1493 1478//1478
f 1478//1478 1493//1493 1494//1494
f 1478//1478 1494//1494 1479//1479
f 1479//1479 1494//1494 1495//1495
f 1479//1479 1495//1495 1480//1480
f 1480//1480 1495//1495 1496//1496
f 1480//1480 1496//1496 1481//1481
f 1481//1481 1496//1496 1497//1497
f 1481//1481 1497//1497 1482//1482
f 1482//1482 1497//1497 1498//1498
f 1482//1482 1498//1498 1483//1483
f 1483//1483 1498//1498 1499//1499
f 1483//1483 1499//1499 1484//1484
f 1484//1484 1499//1499 1500//1500
f 1484//1484 1500//1500 1485//1485
f 1485//1485 1500//1500 1501//1501
f 1485//1485 1501//1501 1486//1486
f 1486//1486 1501//1501 1502//1502
f 1486//1486 1502//1502 1487//1487
f 1487//1487 1502//1502 1503//1503
f 1487//1487 1503//1503 1488//1488
f 1488//1488 1503//1503 1504//1504
f 1488//1488 1504//1504 1489//1489
f 1489//1489 1504//1504 1505//1505
f 1489//1489 1505//1505 1490//1490
f 1490//1490 1505//1505 1506//1506
f 1490//1490 1506//1506 1491//1491
f 1491//1491 1506//1506 1507//1507
f 1491//1491 1507//1507 1492//1492
f 1492//1492 1507//1507 1508//1508
f 1493//1493 1509//1509 1494//1494
f 1494//1494 1509//1509 1510//1510
f 1494//1494 1510//1510 1495//1495
f 1495//1495 1510//1510 1511//1511
f 1495//1495 1511//1511 1496//1496
f 1496//1496 1511//1511 1512//1512
f 1496//1496 1512//1512 1497//1497
f 1497//1497 1512//1512 1513//1513
f 1497//1497 1513//1513 1498//1498
f 1498//1498 1513//1513 1514//1514
f 1498//1498 1514//1514 1499//1499
f 1499//1499 1514//1514 1515//1515
f 1499//1499 1515//1515 1500//1500
f 1500//1500 1515//1515 1516//1516
f 1500//1500 1516//1516 1501//1501
f 1501//1501 1516//1516 1517//1517
f 1501//1501 1517//1517 1502//1502
f 1502//1502 1517//1517 1518//1518
f 1502//1502 1518//1518 1503//1503
f 1503//1503 1518//1518 1519//1519
f 1503//1503 1519//1519 1504//1504
f 1504//1504 1519//1519 1520//1520
f 1504//1504 1520//1520 1505//1505
f 1505//1505 1520//1520 1521//1521
f 1505//1505 1521//1521 1506//1506
f 1506//1506 1521//1521 1522//1522
f 1506//1506 1522//1522 1507//1507
f 1507//1507 1522//1522 1523//1523
f 1507//1507 1523//1523 1508//1508
f 1508//1508 1523//1523 1524//1524
f 1269//1269 1270//1270 1285//1285
f 1270//1270 1286//1286 1285//1285
f 1270//1270 1271//1271 1286//1286
f 1271//1271 1287//1287 1286//1286
f 1271//1271 1272//1272 1287//1287
f 1272//1272 1288//1288 1287//1287
f 1272//1272 1273//1273 1288//1288
f 1273//1273 1289//1289 1288//1288
f 1273//1273 1274//1274 1289//1289
f 1274//1274 1290//1290 1289//1289
f 1274//1274 1275//1275 1290//1290
f 1275//1275 1291//1291 1290//1290
f 1275//1275 1276//1276 1291//1291
f 1276//1276 1292//1292 1291//1291
f 1276//1276 1277//1277 1292//1292
f 1277//1277 1293//1293 1292//1292
f 1277//1277 1278//1278 1293//1293
f 1278//1278 1294//1294 1293//1293
f 1278//1278 1279//1279 1294//1294
f 1279//1279 1295//1295 1294//1294
f 1279//1279 1280//1280 1295//1295
f 1280//1280 1296//1296 1295//1295
f 1280//1280 1281//1281 1296//1296
f 1281//1281 1297//1297 1296//1296
f 1281//1281 1282//1282 1297//1297
f 1282//1282 1298//1298 1297//1297
f 1282//1282 1283//1283 1298//1298
f 1283//1283 1299//1299 1298//1298
f 1283//1283 1284//1284 1299//1299
f 1284//1284 1300//1300 1299//1299
f 1285//1285 1286//1286 1301//1301
f 1286//1286 1302//1302 1301//1301
f 1286//1286 1287//1287 1302//1302
f 1287//1287 1303//1303 1302//1302
f 1287//1287 1288//1288 1303//1303
f 1288//1288 1304//1304 1303//1303
f 1288//1288 1289//1289 1304//1304
f 1289//1289 1305//1305 1304//1304
f 1289//1289 1290//1290 1305//1305
f 1290//1290 1306//1306 1305//1305
f 1290//1290 1291//1291 1306//1306
f 1291//1291 1307//1307 1306//1306
f 1291//1291 1292//1292 1307//1307
f 1292//1292 1308//1308 1307//1307
f 1292//1292 1293//1293 1308//1308
f 1293//1293 1309//1309 1308//1308
f 1293//1293 1294//1294 1309//1309
f 1294//1294 1310//1310 1309//1309
f 1294//1294 1295//1295 1310//1310
f 1295//1295 1311//1311 1310//1310
f 1295//1295 1296//1296 1311//1311
f 1296//1296 1312//1312 1311//1311
f 1296//1296 1297//1297 1312//1312
f 1297//1297 1313//1313 1312//1312
f 1297//1297 1298//1298 1313//1313
f 1298//1298 1314//1314 1313//1313
f 1298//1298 1299//1299 1314//1314
f 1299//1299 1315//1315 1314//1314
f 1299//1299 1300//1300 1315//1315
f 1300//1300 1316//1316 1315//1315
f 1301//1301 1302//1302 1317//1317
f 1302//1302 1318//1318 1317//1317
f 1302//1302 1303//1303 1318//1318
f 1303//1303 1319//1319 1318//1318
f 1303//1303 1304//1304 1319//1319
f 1304//1304 1320//1320 1319//1319
f 1304//1304 1305//1305 1320//1320
f 1305//1305 1321//1321 1320//1320
f 1305//1305 1306//1306 1321//1321
f 1306//1306 1322//1322 1321//1321
f 1306//1306 1307//1307 1322//1322
f 1307//1307 1323//1323 1322//1322
f 1307//1307 1308//1308 1323//1323
f 1308//1308 1324//1324 1323//1323
f 1308//1308 1309//1309 1324//1324
f 1309//1309 1325//1325 1324//1324
f 1309//1309 1310//1310 1325//1325
f 1310//1310 1326//1326 1325//1325
f 1310//1310 1311//1311 1326//1326
f 1311//1311 1327//1327 1326//1326
f 1311//1311 1312//1312 1327//1327
f 1312//1312 1328//1328 1327//1327
f 1312//1312 1313//1313 1328//1328
f 1313//1313 1329//1329 1328//1328
f 1313//1313 1314//1314 1329//1329
f 1314//1314 1330//1330 1329//1329
f 1314//1314 1315//1315 1330//1330
f 1315//1315 1331//1331 1330//1330
f 1315//1315 1316//1316 1331//1331
f 1316//1316 1332//1332 1331//1331
f 1317//1317 1318//1318 1333//1333
f 1318//1318 1334//1334 1333//1333
f 1318//1318 1319//1319 1334//1334
f 1319//1319 1335//1335 1334//1334
f 1319//1319 1320//1320 1335//1335
f 1320//1320 1336//1336 1335//1335
f 1320//1320 1321//1321 1336//1336
f 1321//1321 1337//1337 1336//1336
f 1321//1321 1322//1322 1337//1337
f 1322//1322 1338//1338 1337//1337
f 1322//1322 1323//1323 1338//1338
f 1323//1323 1339//1339 1338//1338
f 1323//1323 1324//1324 1339//1339
f 1324//1324 1340//1340 1339//1339
f 1324//1324 1325//1325 1340//1340
f 1325//1325 1341//1341 1340//1340
f 1325//1325 1326//1326 1341//1341
f 1326//1326 1342//1342 1341//1341
f 1326//1326 1327//1327 1342//1342
f 1327//1327 1343//1343 1342//1342
f 1327//1327 1328//1328 1343//1343
f 1328//1328 1344//1344 1343//1343
f 1328//1328 1329//1329 1344//1344
f 1329//1329 1345//1345 1344//1344
f 1329//1329 1330//1330 1345//1345
f 1330//1330 1346//1346 1345//1345
f 1330//1330 1331//1331 1346//1346
f 1331//1331 1347//1347 1346//1346
f 1331//1331 1332//1332 1347//1347
f 1332//1332 1348//1348 1347//1347
f 1333//1333 1334//1334 1349//1349
f 1334//1334 1350//1350 1349//1349
f 1334//1334 1335//1335 1350//1350
f 1335//1335 1351//1351 1350//1350
f 1335//1335 1336//1336 1351//1351
f 1336//1336 1352//1352 1351//1351
f 1336//1336 1337//1337 1352//1352
f 1337//1337 1353//1353 1352//1352
f 1337//1337 1338//1338 1353//1353
f 1338//1338 1354//1354 1353//1353
f 1338//1338 1339//1339 1354//1354
f 1339//1339 1355//1355 1354//1354
f 1339//1339 1340//1340 1355//1355
f 1340//1340 1356//1356 1355//1355
f 1340//1340 1341//1341 1356//1356
f 1341//1341 1357//1357 1356//1356
f 1341//1341 1342//1342 1357//1357
f 1342//1342 1358//1358 1357//1357
f 1342//1342 1343//1343 1358//1358
f 1343//1343 1359//1359 1358//1358
f 1343//1343 1344//1344 1359//1359
f 1344//1344 1360//1360 1359//1359
f 1344//1344 1345//1345 1360//1360
f 1345//1345 1361//1361 1360//1360
f 1345//1345 1346//1346 1361//1361
f 1346//1346 1362//1362 1361//1361
f 1346//1346 1347//1347 1362//1362
f 1347//1347 1363//1363 1362//1362
f 1347//1347 1348//1348 1363//1363
f 1348//1348 1364//1364 1363//1363
f 1349//1349 1350//1350 1365//1365
f 1350//1350 1366//1366 1365//1365
f 1350//1350 1351//1351 1366//1366
f 1351//1351 1367//1367 1366//1366
f 1351//1351 1352//1352 1367//1367
f 1352//1352 1368//1368 1367//1367
f 1352//1352 1353//1353 1368//1368
f 1353//1353 1369//1369 1368//1368
f 1353//1353 1354//1354 1369//1369
f 1354//1354 1370//1370 1369//1369
f 1354//1354 1355//1355 1370//1370
f 1355//1355 1371//1371 1370//1370
f 1355//1355 1356//1356 1371//1371
f 1356//1356 1372//1372 1371//1371
f 1356//1356 1357//1357 1372//1372
f 1357//1357 1373//1373 1372//1372
f 1357//1357 1358//1358 1373//1373
f 1358//1358 1374//1374 1373//1373
f 1358//1358 1359//1359 1374//1374
f 1359//1359 1375//1375 1374//1374
f 1359//1359 1360//1360 1375//1375
f 1360//1360 1376//1376 1375//1375
f 1360//1360 1361//1361 1376//1376
f 1361//1361 1377//1377 1376//1376
f 1361//1361 1362//1362 1377//1377
f 1362//1362 1378//1378 1377//1377
f 1362//1362 1363//1363 1378//1378
f 1363//1363 1379//1379 1378//1378
f 1363//1363 1364//1364 1379//1379
f 1364//1364 1380//1380 1379//1379
f 1365//1365 1366//1366 1381//1381
f 1366//1366 1382//1382 1381//1381
f 1366//1366 1367//1367 1382//1382
f 1367//1367 1383//1383 1382//1382
f 1367//1367 1368//1368 1383//1383
f 1368//1368 1384//1384 1383//1383
f 1368//1368 1369//1369 1384//1384
f 1369//1369 1385//1385 1384//1384
f 1369//1369 1370//1370 1385//1385
f 1370//1370 1386//1386 1385//1385
f 1370//1370 1371//1371 1386//1386
f 1371//1371 1387//1387 1386//1386
f 1371//1371 1372//1372 1387//1387
f 1372//1372 1388//1388 1387//1387
f 1372//1372 1373//1373 1388//1388
f 1373//1373 1389//1389 1388//1388
f 1373//1373 1374//1374 1389//1389
f 1374//1374 1390//1390 1389//1389
f 1374//1374 1375//1375 1390//1390
f 1375//1375 1391//1391 1390//1390
f 1375//1375 1376//1376 1391//1391
f 1376//1376 1392//1392 1391//1391
f 1376//1376 1377//1377 1392//1392
f 1377//1377 1393//1393 1392//1392
f 1377//1377 1378//1378 1393//1393
f 1378//1378 1394//1394 1393//1393
f 1378//1378 1379//1379 1394//1394
f 1379//1379 1395//1395 1394//1394
f 1379//1379 1380//1380 1395//1395
f 1380//1380 1396//1396 1395//1395
f 1381//1381 1382//1382 1397//1397
f 1382//1382 1398//1398 1397//1397
f 1382//1382 1383//1383 1398//1398
f 1383//1383 1399//1399 1398//1398
f 1383//1383 1384//1384 1399//1399
f 1384//1384 1400//1400 1399//1399
f 1384//1384 1385//1385 1400//1400
f 1385//1385 1401//1401 1400//1400
f 1385//1385 1386//1386 1401//1401
f 1386//1386 1402//1402 1401//1401
f 1386//1386 1387//1387 1402//1402
f 1387//1387 1403//1403 1402//1402
f 1387//1387 1388//1388 1403//1403
f 1388//1388 1404//1404 1403//1403
f 1388//1388 1389//1389 1404//1404
f 1389//1389 1405//1405 1404//1404
f 1389//1389 1390//1390 1405//1405
f 1390//1390 1406//1406 1405//1405
f 1390//1390 1391//1391 1406//1406
f 1391//1391 1407//1407 1406//1406
f 1391//1391 1392//1392 1407//1407
f 1392//1392 1408//1408 1407//1407
f 1392//1392 1393//1393 1408//1408
f 1393//1393 1409//1409 1408//1408
f 1393//1393 1394//1394 1409//1409
f 1394//1394 1410//1410 1409//1409
f 1394//1394 1395//1395 1410//1410
f 1395//1395 1411//1411 1410//1410
f 1395//1395 1396//1396 1411//1411
f 1396//1396 1412//1412 1411//1411
f 1397//1397 1398//1398 1413//1413
f 1398//1398 1414//1414 1413//1413
f 1398//1398 1399//1399 1414//1414
f 1399//1399 1415//1415 1414//1414
f 1399//1399 1400//1400 1415//1415
f 1400//1400 1416//1416 1415//1415
f 1400//1400 1401//1401 1416//1416
f 1401//1401 1417//1417 1416//1416
f 1401//1401 1402//1402 1417//1417
f 1402//1402 1418//1418 1417//1417
f 1402//1402 1403//1403 1418//1418
f 1403//1403 1419//1419 1418//1418
f 1403//1403 1404//1404 1419//1419
f 1404//1404 1420//1420 1419//1419
f 1404//1404 1405//1405 1420//1420
f 1405//1405 1421//1421 1420//1420
f 1405//1405 1406//1406 1421//1421
f 1406//1406 1422//1422 1421//1421
f 1406//1406 1407//1407 1422//1422
f 1407//1407 1423//1423 1422//1422
f 1407//1407 1408//1408 1423//1423
f 1408//1408 1424//1424 1423//1423
f 1408//1408 1409//1409 1424//1424
f 1409//1409 1425//1425 1424//1424
f 1409//1409 1410//1410 1425//1425
f 1410//1410 1426//1426 1425//1425
f 1410//1410 1411//1411 1426//1426
f 1411//1411 1427//1427 1426//1426
f 1411//1411 1412//1412 1427//1427
f 1412//1412 1428//1428 1427//1427
f 1413//1413 1414//1414 1429//1429
f 1414//1414 1430//1430 1429//1429
f 1414//1414 1415//1415 1430//1430
f 1415//1415 1431//1431 1430//1430
f 1415//1415 1416//1416 1431//1431
f 1416//1416 1432//1432 1431//1431
f 1416//1416 1417//1417 1432//1432
f 1417//1417 1433//1433 1432//1432
f 1417//1417 1418//1418 1433//1433
f 1418//1418 1434//1434 1433//1433
f 1418//1418 1419//1419 1434//1434
f 1419//1419 1435//1435 1434//1434
f 1419//1419 1420//1420 1435//1435
f 1420//1420 1436//1436 1435//1435
f 1420//1420 1421//1421 1436//1436
f 1421//1421 1437//1437 1436//1436
f 1421//1421 1422//1422 1437//1437
f 1422//1422 1438//1438 1437//1437
f 1422//1422 1423//1423 1438//1438
f 1423//1423 1439//1439 1438//1438
f 1423//1423 1424//1424 1439//1439
f 1424//1424 1440//1440 1439//1439
f 1424//1424 1425//1425 1440//1440
f 1425//1425 1441//1441 1440//1440
f 1425//1425 1426//1426 1441//1441
f 1426//1426 1442//1442 1441//1441
f 1426//1426 1427//1427 1442//1442
f 1427//1427 1443//1443 1442//1442
f 1427//1427 1428//1428 1443//1443
f 1428//1428 1444//1444 1443//1443
f 1429//1429 1430//1430 1445//1445
f 1430//1430 1446//1446 1445//1445
f 1430//1430 1431//1431 1446//1446
f 1431//1431 1447//1447 1446//1446
f 1431//1431 1432//1432 1447//1447
f 1432//1432 1448//1448 1447//1447
f 1432//1432 1433//1433 1448//1448
f 1433//1433 1449//1449 1448//1448
f 1433//1433 1434//1434 1449//1449
f 1434//1434 1450//1450 1449//1449
f 1434//1434 1435//1435 1450//1450
f 1435//1435 1451//1451 1450//1450
f 1435//1435 1436//1436 1451//1451
f 1436//1436 1452//1452 1451//1451
f 1436//1436 1437//1437 1452//1452
f 1437//1437 1453//1453 1452//1452
f 1437//1437 1438//1438 1453//1453
f 1438//1438 1454//1454 1453//1453
f 1438//1438 1439//1439 1454//1454
f 1439//1439 1455//1455 1454//1454
f 1439//1439 1440//1440 1455//1455
f 1440//1440 1456//1456 1455//1455
f 1440//1440 1441//1441 1456//1456
f 1441//1441 1457//1457 1456//1456
f 1441//1441 1442//1442 1457//1457
f 1442//1442 1458//1458 1457//1457
f 1442//1442 1443//1443 1458//1458
f 1443//1443 1459//1459 1458//1458
f 1443//1443 1444//1444 1459//1459
f 1444//1444 1460//1460 1459//1459
f 1445//1445 1446//1446 1461//1461
f 1446//1446 1462//1462 1461//1461
f 1446//1446 1447//1447 1462//1462
f 1447//1447 1463//1463 1462//1462
f 1447//1447 1448//1448 1463//1463
f 1448//1448 1464//1464 1463//1463
f 1448//1448 1449//1449 1464//1464
f 1449//1449 1465//1465 1464//1464
f 1449//1449 1450//1450 1465//1465
f 1450//1450 1466//1466 1465//1465
f 1450//1450 1451//1451 1466//1466
f 1451//1451 1467//1467 1466//1466
f 1451//1451 1452//1452 1467//1467
f 1452//1452 1468//1468 1467//1467
f 1452//1452 1453//1453 1468//1468
f 1453//1453 1469//1469 1468//1468
f 1453//1453 1454//1454 1469//1469
f 1454//1454 1470//1470 1469//1469
f 1454//1454 1455//1455 1470//1470
f 1455//1455 1471//1471 1470//1470
f 1455//1455 1456//1456 1471//1471
f 1456//1456 1472//1472 1471//1471
f 1456//1456 1457//1457 1472//1472
f 1457//1457 1473//1473 1472//1472
f 1457//1457 1458//1458 1473//1473
f 1458//1458 1474//1474 1473//1473
f 1458//1458 1459//1459 1474//1474
f 1459//1459 1475//1475 1474//1474
f 1459//1459 1460//1460 1475//1475
f 1460//1460 1476//1476 1475//1475
f 1461//1461 1462//1462 1477//1477
f 1462//1462 1478//1478 1477//1477
f 1462//1462 1463//1463 1478//1478
f 1463//1463 1479//1479 1478//1478
f 1463//1463 1464//1464 1479//1479
f 1464//1464 1480//1480 1479//1479
f 1464//1464 1465//1465 1480//1480
f 1465//1465 1481//1481 1480//1480
f 1465//1465 1466//1466 1481//1481
f 1466//1466 1482//1482 1481//1481
f 1466//1466 1467//1467 1482//1482
f 1467//1467 1483//1483 1482//1482
f 1467//1467 1468//1468 1483//1483
f 1468//1468 1484//1484 1483//1483
f 1468//1468 1469//1469 1484//1484
f 1469//1469 1485//1485 1484//1484
f 1469//1469 1470//1470 1485//1485
f 1470//1470 1486//1486 1485//1485
f 1470//1470 1471//1471 1486//1486
f 1471//1471 1487//1487 1486//1486
f 1471//1471 1472//1472 1487//1487
f 1472//1472 1488//1488 1487//1487
f 1472//1472 1473//1473 1488//1488
f 1473//1473 1489//1489 1488//1488
f 1473//1473 1474//1474 1489//1489
f 1474//1474 1490//1490 1489//1489
f 1474//1474 1475//1475 1490//1490
f 1475//1475 1491//1491 1490//1490
f 1475//1475 1476//1476 1491//1491
f 1476//1476 1492//1492 1491//1491
f 1477//1477 1478//1478 1493//1493
f 1478//1478 1494//1494 1493//1493
f 1478//1478 1479//1479 1494//1494
f 1479//1479 1495//1495 1494//1494
f 1479//1479 1480//1480 1495//1495
f 1480//1480 1496//1496 1495//1495
f 1480//1480 1481//1481 1496//1496
f 1481//1481 1497//1497 1496//1496
f 1481//1481 1482//1482 1497//1497
f 1482//1482 1498//1498 1497//1497
f 1482//1482 1483//1483 1498//1498
f 1483//1483 1499//1499 1498//1498
f 1483//1483 1484//1484 1499//1499
f 1484//1484 1500//1500 1499//1499
f 1484//1484 1485//1485 1500//1500
f 1485//1485 1501//1501 1500//1500
f 1485//1485 1486//1486 1501//1501
f 1486//1486 1502//1502 1501//1501
f 1486//1486 1487//1487 1502//1502
f 1487//1487 1503//1503 1502//1502
f 1487//1487 1488//1488 1503//1503
f 1488//1488 1504//1504 1503//1503
f 1488//1488 1489//1489 1504//1504
f 1489//1489 1505//1505 1504//1504
f 1489//1489 1490//1490 1505//1505
f 1490//1490 1506//1506 1505//1505
f 1490//1490 1491//1491 1506//1506
f 1491//1491 1507//1507 1506//1506
f 1491//1491 1492//1492 1507//1507
f 1492//1492 1508//1508 1507//1507
